Federal Electoral Districts,No Certificate,Secondary School Diploma,Non-university certificate or diploma,University level or above,FED ID,,FED ID,Federal Electoral Districts,No Certificate,Secondary School Diploma,Non-university certificate or diploma,University level or above
Abbotsford,185130,330165,159070,163590,59001,837955,59001,Abbotsford,22%,39%,19%,20%
Abitibi--Baie-James--Nunavik--Eeyou,288160,139160,108530,78030,24001,613880,24001,Abitibi--Baie-James--Nunavik--Eeyou,47%,23%,18%,13%
Abitibi--Témiscamingue,251560,185480,151600,117850,24002,706490,24002,Abitibi--Témiscamingue,36%,26%,21%,17%
Acadie--Bathurst,236375,175355,158690,84845,13001,655265,13001,Acadie--Bathurst,36%,27%,24%,13%
Ahuntsic-Cartierville,170775,210520,185505,370480,24003,937280,24003,Ahuntsic-Cartierville,18%,22%,20%,40%
Ajax,163080,331720,277525,293870,35001,1066195,35001,Ajax,15%,31%,26%,28%
Alberta,6248895,10952410,7576605,9513095,48,34291005,48,Alberta,18%,32%,22%,28%
Alfred-Pellan,160685,211575,179600,206945,24004,758805,24004,Alfred-Pellan,21%,28%,24%,27%
Algoma--Manitoulin--Kapuskasing,188420,204130,184835,83680,35002,661065,35002,Algoma--Manitoulin--Kapuskasing,29%,31%,28%,13%
Argenteuil--La Petite-Nation,237895,215085,141670,100700,24005,695350,24005,Argenteuil--La Petite-Nation,34%,31%,20%,14%
Aurora--Oak Ridges--Richmond Hill,131710,251185,186065,457755,35003,1026715,35003,Aurora--Oak Ridges--Richmond Hill,13%,24%,18%,45%
Avalon,147840,203320,234910,116555,10001,702625,10001,Avalon,21%,29%,33%,17%
Avignon--La Mitis--Matane--Matapédia,175200,136300,111110,67070,24006,489680,24006,Avignon--La Mitis--Matane--Matapédia,36%,28%,23%,14%
Banff--Airdrie,157875,348035,293345,306030,48001,1105285,48001,Banff--Airdrie,14%,31%,27%,28%
Barrie--Innisfil,180930,322585,273355,172485,35004,949355,35004,Barrie--Innisfil,19%,34%,29%,18%
Barrie--Springwater--Oro-Medonte,157225,299940,269380,182060,35005,908605,35005,Barrie--Springwater--Oro-Medonte,17%,33%,30%,20%
Battle River--Crowfoot,197635,313025,206755,113120,48002,830535,48002,Battle River--Crowfoot,24%,38%,25%,14%
Battlefords--Lloydminster,160665,200200,128675,77410,47001,566950,47001,Battlefords--Lloydminster,28%,35%,23%,14%
Bay of Quinte,199765,329780,287385,139140,35006,956070,35006,Bay of Quinte,21%,34%,30%,15%
Beaches--East York,142865,242665,189720,430710,35007,1005960,35007,Beaches--East York,14%,24%,19%,43%
Beauce,243185,210475,167800,111230,24007,732690,24007,Beauce,33%,29%,23%,15%
Beauport--Côte-de-Beaupré--Île d'Orléans--Charlevoix,155560,185690,175620,138765,24020,655635,24020,Beauport--Côte-de-Beaupré--Île d'Orléans--Charlevoix,24%,28%,27%,21%
Beauport--Limoilou,163660,201975,191900,186120,24008,743655,24008,Beauport--Limoilou,22%,27%,26%,25%
Beauséjour,181060,200375,194125,131850,13002,707410,13002,Beauséjour,26%,28%,27%,19%
Bécancour--Nicolet--Saurel,212275,181105,167345,99115,24009,659840,24009,Bécancour--Nicolet--Saurel,32%,27%,25%,15%
Bellechasse--Les Etchemins--Lévis,195950,217220,214980,177035,24010,805185,24010,Bellechasse--Les Etchemins--Lévis,24%,27%,27%,22%
Beloeil--Chambly,159705,231170,226650,239570,24011,857095,24011,Beloeil--Chambly,19%,27%,26%,28%
Berthier--Maskinongé,241350,214100,159815,91055,24012,706320,24012,Berthier--Maskinongé,34%,30%,23%,13%
Bonavista--Burin--Trinity,211535,179555,165055,48270,10002,604415,10002,Bonavista--Burin--Trinity,35%,30%,27%,8%
Bourassa,256285,208620,135345,140010,24015,740260,24015,Bourassa,35%,28%,18%,19%
Bow River,247155,315080,196070,126425,48003,884730,48003,Bow River,28%,36%,22%,14%
Brampton Centre,187105,322670,205950,204745,35008,920470,35008,Brampton Centre,20%,35%,22%,22%
Brampton East,241405,350125,176810,313350,35009,1081690,35009,Brampton East,22%,32%,16%,29%
Brampton North,212530,360500,223940,280065,35010,1077035,35010,Brampton North,20%,33%,21%,26%
Brampton South,212555,338200,230240,324910,35011,1105905,35011,Brampton South,19%,31%,21%,29%
Brampton West,198420,354820,241725,339330,35012,1134295,35012,Brampton West,17%,31%,21%,30%
Brandon--Souris,161145,258090,165840,128605,46001,713680,46001,Brandon--Souris,23%,36%,23%,18%
Brantford--Brant,241140,389025,316435,180140,35013,1126740,35013,Brantford--Brant,21%,35%,28%,16%
British Columbia,6654995,13445690,8321340,11705460,59,40127485,59,British Columbia,17%,34%,21%,29%
Brome--Missisquoi,200795,229820,157885,163435,24016,751935,24016,Brome--Missisquoi,27%,31%,21%,22%
Brossard--Saint-Lambert,127200,201155,184470,365235,24017,878060,24017,Brossard--Saint-Lambert,14%,23%,21%,42%
Bruce--Grey--Owen Sound,224730,295275,250935,132160,35014,903100,35014,Bruce--Grey--Owen Sound,25%,33%,28%,15%
Burlington,140930,317135,295835,343835,35015,1097735,35015,Burlington,13%,29%,27%,31%
Burnaby North--Seymour,112470,295185,176055,341620,59002,925330,59002,Burnaby North--Seymour,12%,32%,19%,37%
Burnaby South,125675,306115,197425,434065,59003,1063280,59003,Burnaby South,12%,29%,19%,41%
Calgary Centre,91830,261745,191595,679395,48004,1224565,48004,Calgary Centre,7%,21%,16%,55%
Calgary Confederation,106505,261180,197725,586975,48005,1152385,48005,Calgary Confederation,9%,23%,17%,51%
Calgary Forest Lawn,276550,364140,183640,160595,48006,984925,48006,Calgary Forest Lawn,28%,37%,19%,16%
Calgary Heritage,117265,285680,207390,375940,48007,986275,48007,Calgary Heritage,12%,29%,21%,38%
Calgary Midnapore,136560,329125,240615,346700,48008,1053000,48008,Calgary Midnapore,13%,31%,23%,33%
Calgary Nose Hill,159710,309695,203900,358640,48009,1031945,48009,Calgary Nose Hill,15%,30%,20%,35%
Calgary Rocky Ridge,115000,276590,239225,519140,48010,1149955,48010,Calgary Rocky Ridge,10%,24%,21%,45%
Calgary Shepard,185005,391115,303140,383090,48011,1262350,48011,Calgary Shepard,15%,31%,24%,30%
Calgary Signal Hill,120535,261015,190980,493180,48012,1065710,48012,Calgary Signal Hill,11%,24%,18%,46%
Calgary Skyview,248520,399385,208100,322090,48013,1178095,48013,Calgary Skyview,21%,34%,18%,27%
Cambridge,231065,354395,257940,171775,35016,1015175,35016,Cambridge,23%,35%,25%,17%
Canada,57982895,89437480,67253915,82772625,1,297446915,1,Canada,19%,30%,23%,28%
Cape Breton--Canso,149405,166315,158810,98970,12001,573500,12001,Cape Breton--Canso,26%,29%,28%,17%
Cardigan,57490,91090,87360,68720,11001,304660,11001,Cardigan,19%,30%,29%,23%
Cariboo--Prince George,226980,350750,178430,143000,59004,899160,59004,Cariboo--Prince George,25%,39%,20%,16%
Carleton,101300,233860,228755,330940,35088,894855,35088,Carleton,11%,26%,26%,37%
Carlton Trail--Eagle Creek,143640,224960,145300,97360,47004,611260,47004,Carlton Trail--Eagle Creek,23%,37%,24%,16%
Central Nova,141810,173240,163850,113185,12002,592085,12002,Central Nova,24%,29%,28%,19%
Central Okanagan--Similkameen--Nicola,164450,324975,238510,166880,59005,894815,59005,Central Okanagan--Similkameen--Nicola,18%,36%,27%,19%
Charlesbourg--Haute-Saint-Charles,137400,220165,226830,197980,24019,782375,24019,Charlesbourg--Haute-Saint-Charles,18%,28%,29%,25%
Charleswood--St. James--Assiniboia--Headingley,105695,254145,164870,189735,46002,714445,46002,Charleswood--St. James--Assiniboia--Headingley,15%,36%,23%,27%
Charlottetown,49300,90655,82820,101810,11002,324585,11002,Charlottetown,15%,28%,26%,31%
Châteauguay--Lacolle,194235,239290,159245,114900,24021,707670,24021,Châteauguay--Lacolle,27%,34%,23%,16%
Chatham-Kent--Leamington,258400,302285,256740,118410,35017,935835,35017,Chatham-Kent--Leamington,28%,32%,27%,13%
Chicoutimi--Le Fjord,135765,149400,144445,142275,24022,571885,24022,Chicoutimi--Le Fjord,24%,26%,25%,25%
Chilliwack--Hope,173315,323580,171335,114235,59006,782465,59006,Chilliwack--Hope,22%,41%,22%,15%
Churchill--Keewatinook Aski,333760,176185,90500,64280,46003,664725,46003,Churchill--Keewatinook Aski,50%,27%,14%,10%
Cloverdale--Langley City,166465,375080,230475,219980,59007,992000,59007,Cloverdale--Langley City,17%,38%,23%,22%
Coast of Bays--Central--Notre Dame,221080,195165,163180,66185,10003,645610,10003,Coast of Bays--Central--Notre Dame,34%,30%,25%,10%
Compton--Stanstead,196115,209285,171735,161970,24023,739105,24023,Compton--Stanstead,27%,28%,23%,22%
Coquitlam--Port Coquitlam,144905,362220,232810,352215,59008,1092150,59008,Coquitlam--Port Coquitlam,13%,33%,21%,32%
Courtenay--Alberni,182445,322880,231775,175195,59009,912295,59009,Courtenay--Alberni,20%,35%,25%,19%
Cowichan--Malahat--Langford,168485,320940,218855,172810,59010,881090,59010,Cowichan--Malahat--Langford,19%,36%,25%,20%
Cumberland--Colchester,163985,218535,182315,112210,12003,677045,12003,Cumberland--Colchester,24%,32%,27%,17%
Cypress Hills--Grasslands,122795,201835,118790,74310,47002,517730,47002,Cypress Hills--Grasslands,24%,39%,23%,14%
Dartmouth--Cole Harbour,133760,244470,213720,236060,12004,828010,12004,Dartmouth--Cole Harbour,16%,30%,26%,29%
Dauphin--Swan River--Neepawa,227670,226825,141600,76220,46004,672315,46004,Dauphin--Swan River--Neepawa,34%,34%,21%,11%
Davenport,245640,269785,182220,399755,35018,1097400,35018,Davenport,22%,25%,17%,36%
Delta,144270,316945,186185,229060,59011,876460,59011,Delta,16%,36%,21%,26%
Desnethé--Missinippi--Churchill River,255450,151210,79095,50055,47003,535810,47003,Desnethé--Missinippi--Churchill River,48%,28%,15%,9%
Don Valley East,137820,237700,165060,312705,35019,853285,35019,Don Valley East,16%,28%,19%,37%
Don Valley North,112470,241010,171500,521355,35020,1046335,35020,Don Valley North,11%,23%,16%,50%
Don Valley West,102020,188485,119355,524695,35021,934555,35021,Don Valley West,11%,20%,13%,56%
Dorval--Lachine--LaSalle,195970,269040,189795,260980,24024,915785,24024,Dorval--Lachine--LaSalle,21%,29%,21%,28%
Drummond,225250,212405,177070,109215,24025,723940,24025,Drummond,31%,29%,24%,15%
Dufferin--Caledon,205790,377060,297260,238830,35022,1118940,35022,Dufferin--Caledon,18%,34%,27%,21%
Durham,187580,360200,360950,229900,35023,1138630,35023,Durham,16%,32%,32%,20%
Edmonton Centre,147770,298245,198560,393735,48014,1038310,48014,Edmonton Centre,14%,29%,19%,38%
Edmonton Griesbach,256065,330450,196560,163770,48015,946845,48015,Edmonton Griesbach,27%,35%,21%,17%
Edmonton Manning,218140,373450,236005,201845,48016,1029440,48016,Edmonton Manning,21%,36%,23%,20%
Edmonton Mill Woods,183275,352520,211150,263275,48017,1010220,48017,Edmonton Mill Woods,18%,35%,21%,26%
Edmonton Riverbend,109265,261265,197420,498505,48018,1066455,48018,Edmonton Riverbend,10%,24%,19%,47%
Edmonton Strathcona,107950,272895,177625,442430,48019,1000900,48019,Edmonton Strathcona,11%,27%,18%,44%
Edmonton West,166775,333330,228220,312010,48020,1040335,48020,Edmonton West,16%,32%,22%,30%
Edmonton--Wetaskiwin,215415,424320,304935,356610,48021,1301280,48021,Edmonton--Wetaskiwin,17%,33%,23%,27%
Eglinton--Lawrence,143165,237285,149250,489015,35024,1018715,35024,Eglinton--Lawrence,14%,23%,15%,48%
Egmont,81245,101945,71375,37165,11003,291730,11003,Egmont,28%,35%,24%,13%
Elgin--Middlesex--London,234015,312405,289780,140485,35025,976685,35025,Elgin--Middlesex--London,24%,32%,30%,14%
Elmwood--Transcona,162160,311140,180480,152690,46005,806470,46005,Elmwood--Transcona,20%,39%,22%,19%
Esquimalt--Saanich--Sooke,163400,362975,253920,260825,59026,1041120,59026,Esquimalt--Saanich--Sooke,16%,35%,24%,25%
Essex,182130,355170,293365,237935,35026,1068600,35026,Essex,17%,33%,27%,22%
Etobicoke Centre,157920,292520,201220,406745,35027,1058405,35027,Etobicoke Centre,15%,28%,19%,38%
Etobicoke North,265175,352200,200650,235455,35029,1053480,35029,Etobicoke North,25%,33%,19%,22%
Etobicoke--Lakeshore,157075,296395,257170,530355,35028,1240995,35028,Etobicoke--Lakeshore,13%,24%,21%,43%
Flamborough--Glanbrook,154465,284695,278140,234105,35030,951405,35030,Flamborough--Glanbrook,16%,30%,29%,25%
Fleetwood--Port Kells,189515,362620,192580,280665,59012,1025380,59012,Fleetwood--Port Kells,18%,35%,19%,27%
Foothills,161730,299130,220415,210120,48022,891395,48022,Foothills,18%,34%,25%,24%
Fort McMurray--Cold Lake,166765,318715,253095,187575,48023,926150,48023,Fort McMurray--Cold Lake,18%,34%,27%,20%
Fredericton,102430,239630,157300,249175,13003,748535,13003,Fredericton,14%,32%,21%,33%
Fundy Royal,124010,240080,187590,126660,13004,678340,13004,Fundy Royal,18%,35%,28%,19%
Gaspésie--Les Îles-de-la-Madeleine,217410,140145,126990,77135,24026,561680,24026,Gaspésie--Les Îles-de-la-Madeleine,39%,25%,23%,14%
Gatineau,222580,251735,191875,181405,24027,847595,24027,Gatineau,26%,30%,23%,21%
Glengarry--Prescott--Russell,187255,321795,261110,161370,35031,931530,35031,Glengarry--Prescott--Russell,20%,35%,28%,17%
Grande Prairie--Mackenzie,255075,344610,216235,132750,48024,948670,48024,Grande Prairie--Mackenzie,27%,36%,23%,14%
Guelph,190160,361435,258335,397120,35032,1207050,35032,Guelph,16%,30%,21%,33%
Haldimand--Norfolk,222865,323215,268340,111030,35033,925450,35033,Haldimand--Norfolk,24%,35%,29%,12%
Haliburton--Kawartha Lakes--Brock,208000,341160,285145,128180,35034,962485,35034,Haliburton--Kawartha Lakes--Brock,22%,35%,30%,13%
Halifax,105820,238190,148175,428415,12005,920600,12005,Halifax,11%,26%,16%,47%
Halifax West,111990,224175,190805,343080,12006,870050,12006,Halifax West,13%,26%,22%,39%
Hamilton Centre,233775,281485,205330,216930,35035,937520,35035,Hamilton Centre,25%,30%,22%,23%
Hamilton East--Stoney Creek,238065,332225,236180,156660,35036,963130,35036,Hamilton East--Stoney Creek,25%,34%,25%,16%
Hamilton Mountain,200220,316105,264190,158245,35037,938760,35037,Hamilton Mountain,21%,34%,28%,17%
Hamilton West--Ancaster--Dundas,134665,268725,230580,358305,35038,992275,35038,Hamilton West--Ancaster--Dundas,14%,27%,23%,36%
Hastings--Lennox and Addington,174985,267745,248085,104765,35039,795580,35039,Hastings--Lennox and Addington,22%,34%,31%,13%
Hochelaga,184530,206115,195340,320265,24028,906250,24028,Hochelaga,20%,23%,22%,35%
Honoré-Mercier,199330,228710,176180,176260,24029,780480,24029,Honoré-Mercier,26%,29%,23%,23%
Hull--Aylmer,166645,217445,186010,327965,24030,898065,24030,Hull--Aylmer,19%,24%,21%,37%
Humber River--Black Creek,311515,322145,168980,161270,35121,963910,35121,Humber River--Black Creek,32%,33%,18%,17%
Huron--Bruce,207270,275150,260970,136400,35040,879790,35040,Huron--Bruce,24%,31%,30%,16%
Joliette,238155,227235,156980,120760,24031,743130,24031,Joliette,32%,31%,21%,16%
Jonquière,140310,153750,185135,117110,24032,596305,24032,Jonquière,24%,26%,31%,20%
Kamloops--Thompson--Cariboo,193575,384805,220560,197745,59013,996685,59013,Kamloops--Thompson--Cariboo,19%,39%,22%,20%
Kanata--Carleton,107455,234255,245940,402185,35041,989835,35041,Kanata--Carleton,11%,24%,25%,41%
Kelowna--Lake Country,159880,366780,264090,224930,59014,1015680,59014,Kelowna--Lake Country,16%,36%,26%,22%
Kenora,192475,143485,111850,65730,35042,513540,35042,Kenora,37%,28%,22%,13%
Kildonan--St. Paul,132895,252755,162160,180115,46006,727925,46006,Kildonan--St. Paul,18%,35%,22%,25%
Kings--Hants,158010,211075,194500,140315,12007,703900,12007,Kings--Hants,22%,30%,28%,20%
Kingston and the Islands,145915,315650,275735,337325,35044,1074625,35044,Kingston and the Islands,14%,29%,26%,31%
King--Vaughan,188945,320250,232560,401020,35043,1142775,35043,King--Vaughan,17%,28%,20%,35%
Kitchener Centre,199470,299990,225345,253685,35045,978490,35045,Kitchener Centre,20%,31%,23%,26%
Kitchener South--Hespeler,167565,303215,251900,216315,35047,938995,35047,Kitchener South--Hespeler,18%,32%,27%,23%
Kitchener--Conestoga,189120,247470,207885,204225,35046,848700,35046,Kitchener--Conestoga,22%,29%,24%,24%
Kootenay--Columbia,163480,317530,241855,181310,59015,904175,59015,Kootenay--Columbia,18%,35%,27%,20%
La Pointe-de-l'Île,216015,239550,169590,171840,24033,796995,24033,La Pointe-de-l'Île,27%,30%,21%,22%
La Prairie,163640,224065,189405,218085,24034,795195,24034,La Prairie,21%,28%,24%,27%
Labrador,65050,57495,67635,28960,10004,219140,10004,Labrador,30%,26%,31%,13%
Lac-Saint-Jean,218430,177935,173210,107545,24035,677120,24035,Lac-Saint-Jean,32%,26%,26%,16%
Lac-Saint-Louis,100130,214110,206850,395545,24036,916635,24036,Lac-Saint-Louis,11%,23%,23%,43%
Lakeland,227205,286025,207700,113650,48025,834580,48025,Lakeland,27%,34%,25%,14%
Lambton--Kent--Middlesex,197905,285520,266980,132915,35048,883320,35048,Lambton--Kent--Middlesex,22%,32%,30%,15%
Lanark--Frontenac--Kingston,153240,281915,278670,153175,35049,867000,35049,Lanark--Frontenac--Kingston,18%,33%,32%,18%
Langley--Aldergrove,157385,372155,209670,212595,59016,951805,59016,Langley--Aldergrove,17%,39%,22%,22%
LaSalle--Émard--Verdun,186685,231620,182115,310500,24037,910920,24037,LaSalle--Émard--Verdun,20%,25%,20%,34%
Laurentides--Labelle,236930,234695,179505,161735,24038,812865,24038,Laurentides--Labelle,29%,29%,22%,20%
Laurier--Sainte-Marie,109240,182425,198250,614515,24039,1104430,24039,Laurier--Sainte-Marie,10%,17%,18%,56%
Laval--Les Îles,188100,232830,188355,232525,24040,841810,24040,Laval--Les Îles,22%,28%,22%,28%
Leeds-Grenville-Thousand Islands and Rideau Lakes,163690,290605,273550,140995,35050,868840,35050,Leeds-Grenville-Thousand Islands and Rideau Lakes,19%,33%,31%,16%
Lethbridge,190725,341475,234805,214720,48026,981725,48026,Lethbridge,19%,35%,24%,22%
Lévis--Lotbinière,151290,202540,233015,214740,24042,801585,24042,Lévis--Lotbinière,19%,25%,29%,27%
London North Centre,170460,333800,262310,421900,35052,1188470,35052,London North Centre,14%,28%,22%,35%
London West,149440,307855,293395,391450,35053,1142140,35053,London West,13%,27%,26%,34%
London--Fanshawe,245935,369950,302190,150140,35051,1068215,35051,London--Fanshawe,23%,35%,28%,14%
Long Range Mountains,223315,213065,194010,94600,10005,724990,10005,Long Range Mountains,31%,29%,27%,13%
Longueuil--Charles-LeMoyne,228970,239665,176390,190550,24041,835575,24041,Longueuil--Charles-LeMoyne,27%,29%,21%,23%
Longueuil--Saint-Hubert,182975,217715,189755,245250,24043,835695,24043,Longueuil--Saint-Hubert,22%,26%,23%,29%
Louis-Hébert,74710,160160,214990,420660,24044,870520,24044,Louis-Hébert,9%,18%,25%,48%
Louis-Saint-Laurent,140045,231975,250020,256595,24045,878635,24045,Louis-Saint-Laurent,16%,26%,28%,29%
Madawaska--Restigouche,152390,154085,118405,71965,13005,496845,13005,Madawaska--Restigouche,31%,31%,24%,14%
Malpeque,53980,90390,89050,67480,11004,300900,11004,Malpeque,18%,30%,30%,22%
Manicouagan,244120,169200,152730,90740,24046,656790,24046,Manicouagan,37%,26%,23%,14%
Manitoba,2489895,3579310,2146740,2513725,46,10729670,46,Manitoba,23%,33%,20%,23%
Marc-Aurèle-Fortin,144995,209010,199990,220150,24065,774145,24065,Marc-Aurèle-Fortin,19%,27%,26%,28%
Markham--Stouffville,160800,306570,223545,414880,35054,1105795,35054,Markham--Stouffville,15%,28%,20%,38%
Markham--Thornhill,200800,291030,144285,307620,35055,943735,35055,Markham--Thornhill,21%,31%,15%,33%
Markham--Unionville,167500,295915,180105,501480,35056,1145000,35056,Markham--Unionville,15%,26%,16%,44%
Medicine Hat--Cardston--Warner,204450,294975,211565,118350,48027,829340,48027,Medicine Hat--Cardston--Warner,25%,36%,26%,14%
Mégantic--L'Érable,215610,167380,132315,69470,24047,584775,24047,Mégantic--L'Érable,37%,29%,23%,12%
Milton,113040,245205,223735,367625,35057,949605,35057,Milton,12%,26%,24%,39%
Mirabel,219215,239735,206275,139815,24048,805040,24048,Mirabel,27%,30%,26%,17%
Miramichi--Grand Lake,150480,169900,117615,54830,13006,492825,13006,Miramichi--Grand Lake,31%,34%,24%,11%
Mission--Matsqui--Fraser Canyon,189460,301825,147025,113730,59017,752040,59017,Mission--Matsqui--Fraser Canyon,25%,40%,20%,15%
Mississauga Centre,157470,323200,215070,495665,35058,1191405,35058,Mississauga Centre,13%,27%,18%,42%
Mississauga East--Cooksville,198920,319190,219435,329360,35059,1066905,35059,Mississauga East--Cooksville,19%,30%,21%,31%
Mississauga--Erin Mills,137300,282395,207025,490190,35060,1116910,35060,Mississauga--Erin Mills,12%,25%,19%,44%
Mississauga--Lakeshore,155775,300975,221895,384060,35061,1062705,35061,Mississauga--Lakeshore,15%,28%,21%,36%
Mississauga--Malton,201985,317350,193550,372645,35062,1085530,35062,Mississauga--Malton,19%,29%,18%,34%
Mississauga--Streetsville,143050,300320,228325,409735,35063,1081430,35063,Mississauga--Streetsville,13%,28%,21%,38%
Moncton--Riverview--Dieppe,137215,259615,226670,204695,13007,828195,13007,Moncton--Riverview--Dieppe,17%,31%,27%,25%
Montarville,111890,185585,189070,253450,24049,739995,24049,Montarville,15%,25%,26%,34%
Montcalm,250475,224865,167040,97430,24050,739810,24050,Montcalm,34%,30%,23%,13%
Montmagny--L'Islet--Kamouraska--Rivière-du-Loup,216840,172550,158745,102225,24051,650360,24051,Montmagny--L'Islet--Kamouraska--Rivière-du-Loup,33%,27%,24%,16%
Mont-Royal,111125,189745,157340,410210,24052,868420,24052,Mont-Royal,13%,22%,18%,47%
Moose Jaw--Lake Centre--Lanigan,132200,239665,142040,101925,47005,615830,47005,Moose Jaw--Lake Centre--Lanigan,21%,39%,23%,17%
Nanaimo--Ladysmith,172840,359405,232680,225775,59018,990700,59018,Nanaimo--Ladysmith,17%,36%,23%,23%
Nepean,123740,260275,257495,425805,35064,1067315,35064,Nepean,12%,24%,24%,40%
New Brunswick,1459580,2090400,1627045,1264005,13,6441030,13,New Brunswick,23%,32%,25%,20%
New Brunswick Southwest,111680,193860,150600,94315,13008,550455,13008,New Brunswick Southwest,20%,35%,27%,17%
New Westminster--Burnaby,139590,326990,225080,368640,59019,1060300,59019,New Westminster--Burnaby,13%,31%,21%,35%
Newfoundland and Labrador,1098550,1274990,1224645,806050,10,4404235,10,Newfoundland and Labrador,25%,29%,28%,18%
Newmarket--Aurora,151390,298640,248285,340570,35065,1038885,35065,Newmarket--Aurora,15%,29%,24%,33%
Niagara Centre,196605,342425,262160,157165,35066,958355,35066,Niagara Centre,21%,36%,27%,16%
Niagara Falls,224640,419710,310760,220590,35067,1175700,35067,Niagara Falls,19%,36%,26%,19%
Niagara West,121380,243730,223880,179675,35068,768665,35068,Niagara West,16%,32%,29%,23%
Nickel Belt,179565,242320,269825,113250,35069,804960,35069,Nickel Belt,22%,30%,34%,14%
Nipissing--Timiskaming,160760,224970,249220,136795,35070,771745,35070,Nipissing--Timiskaming,21%,29%,32%,18%
North Island--Powell River,181650,306040,208445,149480,59037,845615,59037,North Island--Powell River,21%,36%,25%,18%
North Okanagan--Shuswap,211515,367125,252005,154340,59020,984985,59020,North Okanagan--Shuswap,21%,37%,26%,16%
North Vancouver,95875,268820,199735,444630,59021,1009060,59021,North Vancouver,10%,27%,20%,44%
Northumberland--Peterborough South,180230,326450,292215,159415,35071,958310,35071,Northumberland--Peterborough South,19%,34%,30%,17%
Northwest Territories,213420,175665,152975,166290,61,708350,61,Northwest Territories,30%,25%,22%,23%
Notre-Dame-de-Grâce--Westmount,88815,169075,168570,517360,61001,943820,61001,Notre-Dame-de-Grâce--Westmount,9%,18%,18%,55%
Nova Scotia,1658510,2305845,2005750,1974340,24053,7944445,24053,Nova Scotia,21%,29%,25%,25%
Nunavut,305105,95645,92645,65970,12,559365,12,Nunavut,55%,17%,17%,12%
Oakville,129310,268755,205015,473015,62,1076095,62,Oakville,12%,25%,19%,44%
Oakville North--Burlington,123535,253210,226610,519205,62001,1122560,62001,Oakville North--Burlington,11%,23%,20%,46%
Ontario,21285710,35656580,27932935,35679820,35072,120555045,35072,Ontario,18%,30%,23%,30%
Orléans,132100,311570,295820,417335,35073,1156825,35073,Orléans,11%,27%,26%,36%
Oshawa,251310,416270,329080,150015,35,1146675,35,Oshawa,22%,36%,29%,13%
Ottawa Centre,101100,229345,169035,682985,35076,1182465,35076,Ottawa Centre,9%,19%,14%,58%
Ottawa South,166555,305590,212650,431135,35074,1115930,35074,Ottawa South,15%,27%,19%,39%
Ottawa West--Nepean,143030,274890,222055,396805,35075,1036780,35075,Ottawa West--Nepean,14%,27%,21%,38%
Ottawa--Vanier,160985,277720,192840,407010,35077,1038555,35077,Ottawa--Vanier,16%,27%,19%,39%
Outremont,92245,168385,152620,520480,35079,933730,35079,Outremont,10%,18%,16%,56%
Oxford,234615,340015,276745,125460,35078,976835,35078,Oxford,24%,35%,28%,13%
Papineau,231035,217395,177360,362435,24054,988225,24054,Papineau,23%,22%,18%,37%
Parkdale--High Park,118240,210885,180165,542780,35080,1052070,35080,Parkdale--High Park,11%,20%,17%,52%
Parry Sound--Muskoka,165550,276190,216830,137230,24055,795800,24055,Parry Sound--Muskoka,21%,35%,27%,17%
Peace River--Westlock,314490,276675,164405,90910,35081,846480,35081,Peace River--Westlock,37%,33%,19%,11%
Perth--Wellington,256860,303315,220695,124035,35082,904905,35082,Perth--Wellington,28%,34%,24%,14%
Peterborough--Kawartha,182145,330425,300595,221860,48028,1035025,48028,Peterborough--Kawartha,18%,32%,29%,21%
Pickering--Uxbridge,143015,319390,267485,287950,35083,1017840,35083,Pickering--Uxbridge,14%,31%,26%,28%
Pierre-Boucher--Les Patriotes--Verchères,133545,184840,193795,230170,35084,742350,35084,Pierre-Boucher--Les Patriotes--Verchères,18%,25%,26%,31%
Pierrefonds--Dollard,137700,250015,211910,313500,35085,913125,35085,Pierrefonds--Dollard,15%,27%,23%,34%
Pitt Meadows--Maple Ridge,141780,324195,212525,154340,24014,832840,24014,Pitt Meadows--Maple Ridge,17%,39%,26%,19%
Pontiac,214625,224390,210040,264415,24056,913470,24056,Pontiac,23%,25%,23%,29%
Port Moody--Coquitlam,123135,313740,206500,333555,59022,976930,59022,Port Moody--Coquitlam,13%,32%,21%,34%
Portage--Lisgar,246220,253295,139710,104435,24057,743660,24057,Portage--Lisgar,33%,34%,19%,14%
Portneuf--Jacques-Cartier,150310,219720,223230,212190,59023,805450,59023,Portneuf--Jacques-Cartier,19%,27%,28%,26%
Prince Albert,168450,218180,132585,97110,46007,616325,46007,Prince Albert,27%,35%,22%,16%
Prince Edward Island,242010,374105,330615,275305,24058,1222035,24058,Prince Edward Island,20%,31%,27%,23%
Prince George--Peace River--Northern Rockies,235715,336085,194650,122935,47006,889385,47006,Prince George--Peace River--Northern Rockies,27%,38%,22%,14%
Provencher,218280,287130,165430,116000,11,786840,11,Provencher,28%,36%,21%,15%
Quebec,14553190,16372435,14109630,16878900,59024,61914155,59024,Quebec,24%,26%,23%,27%
Québec,127415,171160,182000,337200,46008,817775,46008,Québec,16%,21%,22%,41%
Red Deer--Lacombe,246785,375095,253865,143660,24,1019405,24,Red Deer--Lacombe,24%,37%,25%,14%
Red Deer--Mountain View,191575,343870,254820,168955,24059,959220,24059,Red Deer--Mountain View,20%,36%,27%,18%
Regina--Lewvan,102225,283350,149185,256015,48030,790775,48030,Regina--Lewvan,13%,36%,19%,32%
Regina--Qu'Appelle,154230,235110,113285,103575,48029,606200,48029,Regina--Qu'Appelle,25%,39%,19%,17%
Regina--Wascana,109850,256410,120445,245350,47007,732055,47007,Regina--Wascana,15%,35%,16%,34%
Renfrew--Nipissing--Pembroke,172675,307535,258015,139025,47008,877250,47008,Renfrew--Nipissing--Pembroke,20%,35%,29%,16%
Repentigny,192990,262440,210445,161585,47009,827460,47009,Repentigny,23%,32%,25%,20%
Richmond Centre,115270,290310,146160,358490,35086,910230,35086,Richmond Centre,13%,32%,16%,39%
Richmond Hill,132030,261970,171825,465395,24060,1031220,24060,Richmond Hill,13%,25%,17%,45%
Richmond--Arthabaska,245610,198380,170605,117210,59025,731805,59025,Richmond--Arthabaska,34%,27%,23%,16%
Rimouski-Neigette--Témiscouata--Les Basques,157735,157245,153790,133780,35087,602550,35087,Rimouski-Neigette--Témiscouata--Les Basques,26%,26%,26%,22%
Rivière-des-Mille-Îles,174605,233755,193210,173695,24061,775265,24061,Rivière-des-Mille-Îles,23%,30%,25%,22%
Rivière-du-Nord,239660,243375,187880,120335,24018,791250,24018,Rivière-du-Nord,30%,31%,24%,15%
Rosemont--La Petite-Patrie,140540,176810,205610,478370,24062,1001330,24062,Rosemont--La Petite-Patrie,14%,18%,21%,48%
Saanich--Gulf Islands,112370,286675,190595,319555,24063,909195,24063,Saanich--Gulf Islands,12%,32%,21%,35%
Sackville--Preston--Chezzetcook,135120,234600,216685,154700,24064,741105,24064,Sackville--Preston--Chezzetcook,18%,32%,29%,21%
Saint Boniface--Saint Vital,123070,250720,163620,249575,59027,786985,59027,Saint Boniface--Saint Vital,16%,32%,21%,32%
Saint John--Rothesay,128990,244090,173525,151290,12008,697895,12008,Saint John--Rothesay,18%,35%,25%,22%
Saint-Hyacinthe--Bagot,246045,224950,163160,99490,46009,733645,46009,Saint-Hyacinthe--Bagot,34%,31%,22%,14%
Saint-Jean,218925,249580,194425,141770,13009,804700,13009,Saint-Jean,27%,31%,24%,18%
Saint-Laurent,140380,184450,151755,341825,24066,818410,24066,Saint-Laurent,17%,23%,19%,42%
Saint-Léonard--Saint-Michel,273830,238840,163260,175495,24067,851425,24067,Saint-Léonard--Saint-Michel,32%,28%,19%,21%
Saint-Maurice--Champlain,237870,223820,191320,113330,24068,766340,24068,Saint-Maurice--Champlain,31%,29%,25%,15%
Salaberry--Suroît,265985,257890,179110,106850,24069,809835,24069,Salaberry--Suroît,33%,32%,22%,13%
Sarnia--Lambton,149145,293615,299700,154490,24070,896950,24070,Sarnia--Lambton,17%,33%,33%,17%
Saskatchewan,1977315,3166505,1781050,1954760,24071,8879630,24071,Saskatchewan,22%,36%,20%,22%
Saskatoon West,151150,261685,138865,156875,35091,708575,35091,Saskatoon West,21%,37%,20%,22%
Saskatoon--Grasswood,91245,224765,140205,266840,47,723055,47,Saskatoon--Grasswood,13%,31%,19%,37%
Saskatoon--University,85370,222615,142550,282350,47012,732885,47012,Saskatoon--University,12%,30%,19%,39%
Sault Ste. Marie,136385,230665,201995,138605,47010,707650,47010,Sault Ste. Marie,19%,33%,29%,20%
Scarborough Centre,204865,333670,202325,272260,47011,1013120,47011,Scarborough Centre,20%,33%,20%,27%
Scarborough North,229105,302365,154195,234355,35092,920020,35092,Scarborough North,25%,33%,17%,25%
Scarborough Southwest,189135,308610,202110,287955,35094,987810,35094,Scarborough Southwest,19%,31%,20%,29%
Scarborough--Agincourt,206625,296125,171750,309300,35096,983800,35096,Scarborough--Agincourt,21%,30%,17%,31%
Scarborough--Guildwood,184535,293425,188465,253540,35098,919965,35098,Scarborough--Guildwood,20%,32%,20%,28%
Scarborough--Rouge Park,157810,301905,211230,257540,35093,928485,35093,Scarborough--Rouge Park,17%,33%,23%,28%
Selkirk--Interlake--Eastman,194490,273940,175915,106665,35095,751010,35095,Selkirk--Interlake--Eastman,26%,36%,23%,14%
Shefford,246020,259195,170350,123460,35097,799025,35097,Shefford,31%,32%,21%,15%
Sherbrooke,190465,213540,204700,249320,46010,858025,46010,Sherbrooke,22%,25%,24%,29%
Sherwood Park--Fort Saskatchewan,142665,335140,270570,232925,24072,981300,24072,Sherwood Park--Fort Saskatchewan,15%,34%,28%,24%
Simcoe North,213270,326175,274410,145225,24073,959080,24073,Simcoe North,22%,34%,29%,15%
Simcoe--Grey,218260,395950,299615,197120,48032,1110945,48032,Simcoe--Grey,20%,36%,27%,18%
Skeena--Bulkley Valley,210150,252735,153705,102900,35100,719490,35100,Skeena--Bulkley Valley,29%,35%,21%,14%
Souris--Moose Mountain,143150,232585,114550,75440,35099,565725,35099,Souris--Moose Mountain,25%,41%,20%,13%
South Okanagan--West Kootenay,188365,323305,244210,155895,59028,911775,59028,South Okanagan--West Kootenay,21%,35%,27%,17%
South Shore--St. Margarets,203405,218020,202140,145100,47013,768665,47013,South Shore--St. Margarets,26%,28%,26%,19%
South Surrey--White Rock,102045,277445,187795,298670,59029,865955,59029,South Surrey--White Rock,12%,32%,22%,34%
Spadina--Fort York,73495,205280,188370,911820,12009,1378965,12009,Spadina--Fort York,5%,15%,14%,66%
St. Albert--Edmonton,158695,327565,253000,264710,59030,1003970,59030,St. Albert--Edmonton,16%,33%,25%,26%
St. Catharines,179875,342170,259460,206900,35101,988405,35101,St. Catharines,18%,35%,26%,21%
St. John's East,102165,201570,188235,273185,48031,765155,48031,St. John's East,13%,26%,25%,36%
St. John's South--Mount Pearl,127605,224780,211610,178285,35089,742280,35089,St. John's South--Mount Pearl,17%,30%,29%,24%
Steveston--Richmond East,129380,299850,152490,338690,10006,920410,10006,Steveston--Richmond East,14%,33%,17%,37%
Stormont--Dundas--South Glengarry,206125,310315,251145,109830,10007,877415,10007,Stormont--Dundas--South Glengarry,23%,35%,29%,13%
Sturgeon River--Parkland,192340,351805,247045,139775,59031,930965,59031,Sturgeon River--Parkland,21%,38%,27%,15%
Sudbury,161780,226420,243785,188375,35102,820360,35102,Sudbury,20%,28%,30%,23%
Surrey Centre,254930,406205,188045,217030,48033,1066210,48033,Surrey Centre,24%,38%,18%,20%
Surrey--Newton,242415,387480,154725,221465,35103,1006085,35103,Surrey--Newton,24%,39%,15%,22%
Sydney--Victoria,153725,188205,141055,105095,59032,588080,59032,Sydney--Victoria,26%,32%,24%,18%
Terrebonne,195400,245360,190245,148820,59033,779825,59033,Terrebonne,25%,31%,24%,19%
Thérèse-De Blainville,155875,208390,191150,204480,12010,759895,12010,Thérèse-De Blainville,21%,27%,25%,27%
Thornhill,114250,247335,179965,483860,24075,1025410,24075,Thornhill,11%,24%,18%,47%
Thunder Bay--Rainy River,162495,226450,201945,123250,24013,714140,24013,Thunder Bay--Rainy River,23%,32%,28%,17%
Thunder Bay--Superior North,157895,198275,194250,168150,35104,718570,35104,Thunder Bay--Superior North,22%,28%,27%,23%
Timmins--James Bay,214655,205005,210430,80215,35105,710305,35105,Timmins--James Bay,30%,29%,30%,11%
Tobique--Mactaquac,135045,213390,142575,94460,35106,585470,35106,Tobique--Mactaquac,23%,36%,24%,16%
Toronto Centre,92470,235315,161720,609320,35107,1098825,35107,Toronto Centre,8%,21%,15%,55%
Toronto--Danforth,155615,227990,173135,461270,13010,1018010,13010,Toronto--Danforth,15%,22%,17%,45%
Toronto--St. Paul's,94660,195340,156125,606415,35108,1052540,35108,Toronto--St. Paul's,9%,19%,15%,58%
Trois-Rivières,186660,220345,209905,205245,35109,822155,35109,Trois-Rivières,23%,27%,26%,25%
University--Rosedale,84945,214710,113565,670370,35090,1083590,35090,University--Rosedale,8%,20%,10%,62%
Vancouver Centre,52375,243350,229395,726945,24076,1252065,24076,Vancouver Centre,4%,19%,18%,58%
Vancouver East,173030,298835,202825,424195,35110,1098885,35110,Vancouver East,16%,27%,18%,39%
Vancouver Granville,77305,233585,159370,554895,59034,1025155,59034,Vancouver Granville,8%,23%,16%,54%
Vancouver Kingsway,196430,310285,162645,319600,59035,988960,59035,Vancouver Kingsway,20%,31%,16%,32%
Vancouver Quadra,74685,225410,119170,574555,59036,993820,59036,Vancouver Quadra,8%,23%,12%,58%
Vancouver South,184255,314050,150680,292815,59038,941800,59038,Vancouver South,20%,33%,16%,31%
Vaudreuil--Soulanges,156695,273145,238415,245315,59039,913570,59039,Vaudreuil--Soulanges,17%,30%,26%,27%
Vaughan--Woodbridge,209025,271700,184155,261035,59040,925915,59040,Vaughan--Woodbridge,23%,29%,20%,28%
Victoria,107880,298490,203230,470610,24074,1080210,24074,Victoria,10%,28%,19%,44%
Ville-Marie--Le Sud-Ouest--Île-des-Soeurs,96810,211865,171185,664450,35111,1144310,35111,Ville-Marie--Le Sud-Ouest--Île-des-Soeurs,8%,19%,15%,58%
Vimy,210065,232690,186965,231950,59041,861670,59041,Vimy,24%,27%,22%,27%
Waterloo,123600,289870,184500,428995,24077,1026965,24077,Waterloo,12%,28%,18%,42%
Wellington--Halton Hills,176580,336205,275470,252605,24078,1040860,24078,Wellington--Halton Hills,17%,32%,26%,24%
West Nova,201450,188950,193705,97160,35112,681265,35112,West Nova,30%,28%,28%,14%
West Vancouver--Sunshine Coast--Sea to Sky Country,120535,297775,194105,391040,35113,1003455,35113,West Vancouver--Sunshine Coast--Sea to Sky Country,12%,30%,19%,39%
Whitby,153910,337890,309110,315465,12011,1116375,12011,Whitby,14%,30%,28%,28%
Willowdale,98515,259540,161090,672390,59042,1191535,59042,Willowdale,8%,22%,14%,56%
Windsor West,211440,372315,231780,297220,35114,1112755,35114,Windsor West,19%,33%,21%,27%
Windsor--Tecumseh,186395,365580,269165,222520,35115,1043660,35115,Windsor--Tecumseh,18%,35%,26%,21%
Winnipeg Centre,177180,238990,138175,214230,35117,768575,35117,Winnipeg Centre,23%,31%,18%,28%
Winnipeg North,208285,276095,153340,188190,35116,825910,35116,Winnipeg North,25%,33%,19%,23%
Winnipeg South,106155,280430,163960,348805,46011,899350,46011,Winnipeg South,12%,31%,18%,39%
Winnipeg South Centre,92900,239630,141185,394125,46012,867840,46012,Winnipeg South Centre,11%,28%,16%,45%
Yellowhead,231690,295035,176405,91525,46013,794655,46013,Yellowhead,29%,37%,22%,12%
York Centre,176325,269800,181580,326070,46014,953775,46014,York Centre,18%,28%,19%,34%
York South--Weston,310205,340260,204665,180735,48034,1035865,48034,York South--Weston,30%,33%,20%,17%
York--Simcoe,185125,318235,240145,162505,35118,906010,35118,York--Simcoe,20%,35%,27%,18%
Yorkton--Melville,156875,213740,115460,70100,35120,556175,35120,Yorkton--Melville,28%,38%,21%,13%
Yukon,109900,167260,149500,182120,35119,608780,35119,Yukon,18%,27%,25%,30%
Grand Total,173948695,268312465,201761655,248317525,47014,892340340,47014,Grand Total,19%,30%,23%,28%
,,,,,60,0,60,,#DIV/0!,#DIV/0!,#DIV/0!,#DIV/0!
,,,,,60001,0,60001,,#DIV/0!,#DIV/0!,#DIV/0!,#DIV/0!
