Prov/Terr,FED ID,Federal Electoral Districts,Total,Total Income,Under 20,20-24,25-29,30-34,35-39,40-44,45-49,50-54,55-59,60-64,65-69,70-74,Over 75
10,10001,Avalon,72030,3425814000,2670,4470,4880,5600,5750,6110,6310,6800,6810,6620,6160,4340,5520
10,10002,Bonavista--Burin--Trinity,64920,2453784000,2330,3410,3100,3290,3790,4560,5520,6220,6620,7400,6840,4980,6870
10,10003,Coast of Bays--Central--Notre Dame,65130,2458068000,2270,3520,3340,3450,3850,4750,5700,6260,6670,6730,6470,4810,7320
10,10004,Labrador,20830,1169248000,930,1670,1980,1960,1870,1950,2190,2020,1790,1480,1240,820,940
10,10005,Long Range Mountains,77250,2914423000,2560,4360,4220,4110,4550,5400,6540,7660,8130,8390,7550,5480,8320
10,10006,St. John's East,66670,3668269000,2350,5180,5940,5830,5680,5780,5890,5890,5680,5070,4430,3510,5420
10,10007,St. John's South--Mount Pearl,66270,3086318000,2390,4900,5750,5720,5320,4930,5320,6290,6190,5800,4890,3600,5200
TOTAL,,,433100,19175924000,15490,27510,29220,29940,30810,33460,37440,41140,41900,41490,37560,27550,39590
11,11001,Cardigan,29970,1237610000,1350,2250,2040,2090,2230,2240,2460,2720,2810,2680,2630,1800,2690
11,11002,Charlottetown,29650,1192487000,1250,2710,2550,2170,2050,2070,2250,2430,2430,2550,2220,1710,3260
11,11003,Egmont,29310,1079972000,1450,2110,1940,1820,1930,2030,2310,2720,2800,2650,2500,1770,3280
11,11004,Malpeque,28880,1194581000,1500,2080,1850,1950,2040,2240,2370,2830,2830,2620,2360,1690,2540
TOTAL,,,117810,4704650000,5550,9150,8370,8020,8260,8580,9380,10690,10870,10500,9710,6970,11770
12,12001,Cape Breton--Canso,59950,2234171000,2200,3910,3360,3240,3440,3810,4390,5320,6100,6400,5960,4570,7280
12,12002,Central Nova,60040,2370409000,2230,3950,3680,3520,3880,4180,4530,5390,6050,5930,5690,4230,6780
12,12003,Cumberland--Colchester,66070,2418184000,2520,4470,4000,3940,4000,4550,5130,6150,6440,6360,5870,4650,8000
12,12004,Dartmouth--Cole Harbour,74670,3360261000,2480,5610,6140,5950,5790,5540,5720,7160,7320,6480,5410,3940,7130
12,12005,Halifax,72440,3582762000,2160,7580,9050,7100,5510,4750,4920,5530,5730,5490,4800,3340,6490
12,12006,Halifax West,75220,3719510000,2880,6090,6780,6660,6310,6430,6430,6950,6380,5310,4760,3760,6490
12,12007,Kings--Hants,67220,2632211000,2530,4770,4420,4230,4620,5010,5550,6470,6690,6260,5590,4100,6980
12,12008,Sackville--Preston--Chezzetcook,69410,3231041000,2900,5120,5320,5340,5830,6220,6390,7360,6770,5520,4730,3550,4370
12,12009,South Shore--St. Margarets,78020,3192345000,2790,4440,4310,4380,4670,5460,6210,7490,8120,7880,7460,5660,9170
12,12010,Sydney--Victoria,60190,2074518000,1980,4430,4140,3670,3530,3860,4310,5500,6150,6050,5380,4020,7170
12,12011,West Nova,70150,2465920000,2760,4320,4070,4110,4110,4620,5240,6770,7230,6580,6520,5080,8750
TOTAL,,,753400,31281331000,27420,54700,55280,52130,51690,54430,58800,70070,72970,68260,62170,46890,78600
13,13001,Acadie--Bathurst,68360,2408636000,2300,3730,3550,3600,4120,4810,5500,6750,7310,7230,6660,4880,7920
13,13002,Beauséjour,69250,2802172000,2630,3940,4060,4790,5240,5410,5490,6450,6810,6910,6130,4400,7010
13,13003,Fredericton,64650,2913354000,2480,5730,5870,5530,5190,5140,5150,5470,5210,4820,4460,3350,6240
13,13004,Fundy Royal,64050,2806496000,2820,4420,4010,4330,4820,5440,5480,6200,5920,5770,5430,3800,5610
13,13005,Madawaska--Restigouche,52220,1832242000,2100,2860,2870,2810,3180,3390,3830,5130,5900,5590,4960,3560,6050
13,13006,Miramichi--Grand Lake,48480,1614641000,1820,3050,2730,2610,2940,3450,3930,4610,4890,4880,4590,3310,5680
13,13007,Moncton--Riverview--Dieppe,75080,3066088000,2740,5940,6330,6240,5970,6160,5890,6320,6280,5880,5260,4130,7950
13,13008,New Brunswick Southwest,53530,2193562000,2120,3560,3490,3530,3830,4060,4410,5200,5310,5150,4510,3260,5100
13,13009,Saint John--Rothesay,64080,2708692000,2390,4930,4860,4740,4570,4820,5010,5990,6060,5530,4780,3620,6780
13,13010,Tobique--Mactaquac,55650,2068388000,2370,3710,3470,3700,3860,4350,4500,5210,5640,5380,4860,3290,5330
TOTAL,,,615360,24414271000,23780,41860,41230,41880,43720,47010,49170,57340,59320,57140,51650,37610,63660
24,24001,Abitibi--Baie-James--Nunavik--Eeyou,62830,2472070000,3450,5670,5890,5310,5160,5110,4990,5800,5970,4830,3830,2780,4060
24,24002,Abitibi--Témiscamingue,83840,3553223000,3730,6130,6230,6090,6260,5710,5980,7800,8780,7860,6380,4790,8090
24,24003,Ahuntsic-Cartierville,89820,3651245000,2780,6150,7190,8030,8640,7940,7390,7350,7110,6310,5320,4570,11040
24,24004,Alfred-Pellan,80660,3671183000,3310,6540,5460,5430,5900,6500,7060,8030,7970,6310,5130,4230,8790
24,24005,Argenteuil--La Petite-Nation,78070,3008332000,2700,4830,5100,5080,5200,5200,5820,7790,8560,8090,6940,5300,7470
24,24006,Avignon--La Mitis--Matane--Matapédia,60560,2004118000,2110,3510,3490,3490,3880,3710,3770,5420,6860,6790,5920,4410,7210
24,24007,Beauce,88070,3340556000,4070,6080,6230,6640,7280,6250,6240,7870,8500,7940,6900,5180,8900
24,24008,Beauport--Limoilou,77740,2895465000,2340,5280,6590,6680,6290,5100,4950,6440,7090,6630,6000,4920,9430
24,24009,Bécancour--Nicolet--Saurel,78150,2962666000,2700,4590,4780,4800,5570,4760,5200,6730,8090,8200,7220,5990,9510
24,24010,Bellechasse--Les Etchemins--Lévis,95240,3978108000,3830,6140,6290,6550,7240,6480,6510,8210,9240,8810,8120,6570,11240
24,24011,Beloeil--Chambly,93070,4730364000,3900,6380,6230,7370,9000,8130,7740,8820,8560,7210,6550,5260,7930
24,24012,Berthier--Maskinongé,86630,3128449000,3110,5180,5370,5690,6390,5620,6030,8270,9350,9000,7710,6110,8810
24,24013,Thérèse-De Blainville,81070,4276452000,4110,6680,5410,5080,6060,7330,7880,8550,7770,6010,4920,4200,7080
24,24014,Pierre-Boucher--Les Patriotes--Verchères,81490,4596476000,3420,5770,5330,5710,6650,6530,6860,7990,8080,7070,5970,4890,7200
24,24015,Bourassa,76510,2201845000,2500,5650,5840,5970,6530,6220,6530,6540,6240,5610,4970,4110,9790
24,24016,Brome--Missisquoi,86810,3686925000,3190,4780,4850,5220,5800,5680,5890,7720,8910,9290,8710,6900,9890
24,24017,Brossard--Saint-Lambert,87080,4502396000,3030,5760,5880,6250,7350,7070,6860,7170,7150,6880,6860,5980,10830
24,24018,Rimouski-Neigette--Témiscouata--Les Basques,71590,2706354000,2640,4430,4350,4310,4920,4430,4390,6100,7570,7790,6750,5050,8860
24,24019,Charlesbourg--Haute-Saint-Charles,86940,3795622000,3370,5470,6180,6690,7650,7030,6570,7420,7840,7030,6660,5810,9220
24,24020,Beauport--Côte-de-Beaupré--Île d’Orléans--Charlevoix,78450,3347711000,3390,4790,4720,5220,5990,5550,5770,7350,8220,7790,6700,5070,7880
24,24021,Châteauguay--Lacolle,80680,3228119000,3270,6060,6130,6460,7250,6680,6590,7530,7540,6220,5190,4290,7470
24,24022,Chicoutimi--Le Fjord,67730,2791741000,2320,4710,4800,4580,4870,4270,4010,5920,7210,6680,5710,4500,8160
24,24023,Compton--Stanstead,84090,3390685000,3810,5700,5530,6040,7150,6560,6580,7700,8030,7560,6810,5150,7480
24,24024,Dorval--Lachine--LaSalle,89220,3444489000,2910,6720,6870,7380,7800,7290,7310,8200,7720,6790,5860,4690,9690
24,24025,Drummond,83520,3059781000,3650,5630,5880,5980,7260,6270,6000,7240,7880,7480,6830,5280,8140
24,24026,Gaspésie--Les Îles-de-la-Madeleine,66600,2301317000,2290,3600,3460,3350,3910,4020,4590,6320,7510,7560,6650,4900,8460
24,24027,Gatineau,84100,3650914000,3210,6750,6730,6390,6580,6470,6830,8600,8440,6850,5690,4420,7150
24,24028,Hochelaga,84010,3117228000,1850,5900,9230,9380,9070,6640,5970,6500,6620,6030,4810,3910,8090
24,24029,Honoré-Mercier,82230,3126954000,2880,5860,5460,5580,6510,6670,6960,7280,7270,6230,5920,4860,10750
24,24030,Hull--Aylmer,78560,3671923000,2800,6100,6340,6510,6990,6650,6290,7290,7500,6300,5320,3800,6660
24,24031,Joliette,87230,3169174000,2950,5500,5370,5440,5830,5470,5730,7760,9300,9100,8070,6500,10210
24,24032,Jonquière,73300,3009821000,2680,4640,5100,5360,6040,5130,4770,6480,7900,7530,6060,4670,6940
24,24033,La Pointe-de-l'Île,85660,3261445000,2570,6110,6550,6640,7130,6450,6530,8090,8910,7710,5790,4570,8620
24,24034,La Prairie,86550,4300209000,3930,6780,5960,6240,8050,8480,8360,8980,8250,6270,5290,4220,5740
24,24035,Lac-Saint-Jean,86780,3206237000,3720,5500,5300,5820,6330,5490,5210,7970,9670,9040,7290,5720,9740
24,24036,Lac-Saint-Louis,85610,5153291000,4190,7380,5070,4450,5530,6410,7900,9200,8670,6790,5760,4640,9620
24,24037,LaSalle--Émard--Verdun,86460,3170405000,2130,5910,8540,9350,8610,6950,6290,6940,7220,6500,5410,4110,8510
24,24038,Laurentides--Labelle,97600,3790926000,3260,4900,4870,5190,5990,5840,6410,9220,11360,11360,10170,7970,11060
24,24039,Laurier--Sainte-Marie,92870,3960077000,1470,7620,14150,12990,10800,7710,6250,6520,6300,5600,4670,3300,5510
24,24040,Laval--Les Îles,84050,3668520000,3540,6260,5400,5810,7000,7930,8200,8370,7460,5800,5180,4460,8640
24,24041,Longueuil--Charles-LeMoyne,85100,2995761000,2710,6430,7470,7190,7570,6790,6250,7400,7780,6860,6010,5040,7600
24,24042,Lévis--Lotbinière,90990,4251414000,4530,6470,6560,7110,8460,7890,7340,8340,8520,7810,6880,4860,6220
24,24043,Longueuil--Saint-Hubert,87920,3881470000,2990,6420,6660,6510,7190,6830,6570,7810,8480,7500,6450,5370,9140
24,24044,Louis-Hébert,85460,4765180000,3070,7500,7210,5600,5700,4900,4980,6280,7560,7630,7050,6030,11970
24,24045,Louis-Saint-Laurent,94450,4414200000,4010,6550,7330,7640,8450,7600,7190,8620,8550,7490,6790,5780,8470
24,24046,Manicouagan,73830,3119627000,3020,4880,5040,5080,5550,5540,5900,7570,7880,6940,5420,4180,6840
24,24047,Mégantic--L'Érable,72950,2516821000,2950,4380,4170,4290,5010,4440,4580,6300,7440,7600,6950,5440,9420
24,24048,Mirabel,92340,4015025000,3980,6780,7790,8730,9980,8720,8340,8890,8360,6520,5410,3850,5000
24,24049,Montarville,77840,4375939000,3870,5890,4440,4730,6400,7210,7280,8070,7460,6130,5210,4590,6560
24,24050,Montcalm,85940,3376771000,3320,6410,7430,7350,8030,7290,7080,8340,8080,6730,5670,4330,5890
24,24051,Montmagny--L'Islet--Kamouraska--Rivière-du-Loup,80680,2896043000,3410,4780,4640,4810,5400,5150,5400,7000,8310,8280,7380,5870,10240
24,24052,Mount Royal,83620,4884794000,3380,6610,6270,6720,7670,7140,7000,6720,6110,5600,5400,4430,10580
24,24053,Notre-Dame-de-Grâce--Westmount,82370,5775578000,2970,6500,7070,7160,7230,6870,6700,6710,6260,5800,5560,4280,9280
24,24054,Outremont,66530,3488964000,2070,6500,7910,7300,6880,5690,4600,4400,4260,3940,3690,3020,6270
24,24055,Papineau,86100,2736834000,2030,6720,10270,10360,9530,7610,6570,6570,6160,5340,4420,3290,7240
24,24056,Pierrefonds--Dollard,86110,3919965000,3800,7260,5880,5700,6300,6660,7370,8220,7940,7190,6380,4780,8620
24,24057,Pontiac,88560,4177035000,3330,5870,6210,7160,8120,8000,7990,8910,8880,7770,6130,4450,5740
24,24058,Portneuf--Jacques-Cartier,92380,4458991000,3890,5840,6490,7540,8790,7520,7260,8600,9100,8210,6920,4870,7370
24,24059,Québec,79280,3309017000,1850,5010,7910,6970,6380,4910,4520,5740,6750,7180,6440,5210,10420
24,24060,Repentigny,94060,4253844000,3840,7080,6240,6340,7570,7450,7490,9030,9680,8160,6840,5540,8800
24,24061,Richmond--Arthabaska,87610,3221923000,3640,5670,5610,6120,6830,6030,5940,7500,8460,8450,7670,5840,9820
24,24062,Rivière-des-Mille-Îles,82490,3772855000,3780,6830,5620,5350,6500,6460,6960,8570,8510,6910,5680,4590,6730
24,24063,Rivière-du-Nord,91420,3548132000,3310,6540,7130,6810,7260,6680,7000,8560,8950,8050,6820,5600,8730
24,24064,Rosemont--La Petite-Patrie,86070,3574259000,1680,5460,10240,11470,10820,7790,6050,6510,6330,5590,4440,3140,6570
24,24065,Marc-Aurèle-Fortin,79610,3729798000,3630,6500,5250,5420,6790,7460,8100,8650,7990,6010,4440,3550,5820
24,24066,Saint-Hyacinthe--Bagot,84100,3156331000,3620,6030,6010,6020,6710,5890,6090,7490,8090,7460,6550,5260,8890
24,24067,Saint-Jean,89630,3711901000,3610,6510,6700,6720,7180,6720,6840,8320,8590,7760,6830,5210,8640
24,24068,Saint-Laurent,76510,3162287000,2810,5680,5680,7130,7610,7380,7060,6310,5550,4670,4380,3570,8670
24,24069,Saint-Léonard--Saint-Michel,86290,2608544000,2730,6040,6340,7040,8050,8080,7990,7340,6530,5410,5180,4310,11260
24,24070,Saint-Maurice--Champlain,90010,3162582000,2880,5250,5270,5450,5930,5250,5540,8010,10200,9890,8280,6550,11510
24,24071,Salaberry--Suroît,93470,3519931000,3430,6570,6920,6560,6950,6330,6720,8680,9490,8430,7460,6260,9690
24,24072,Shefford,91040,3523466000,3720,6100,6190,6430,7350,6450,6460,8520,9190,8490,7340,5690,9120
24,24073,Sherbrooke,89420,3288196000,3220,8060,8150,6870,6710,5700,5740,6890,7490,7480,6680,5590,10850
24,24074,Vaudreuil--Soulanges,92900,4663354000,4140,6520,5660,6400,8480,9110,8920,9600,8790,7370,6200,4630,7090
24,24075,Terrebonne,87380,3933249000,3950,6890,5950,6660,8360,8650,8070,8850,8380,6680,5340,4210,5390
24,24076,Trois-Rivières,91510,3525551000,3090,6810,6570,6020,6180,5340,5600,7560,8780,8530,7740,6580,12720
24,24077,Ville-Marie--Le Sud-Ouest--Île-des-Soeurs,104490,5723223000,2320,8980,13000,12110,9600,7030,6520,7410,7810,7390,6540,5310,10500
24,24078,Vimy,91130,3325914000,2720,6830,7340,7300,7300,6750,6880,7500,7590,6710,5880,5240,13090
TOTAL,,,6573000,2.79748E+11,246360,468550,494720,504680,547230,505040,502080,591250,618850,558800,484450,384360,666640
35,35001,Ajax,90790,4221309000,3850,8260,7580,7960,8480,8400,8300,9410,8340,6170,5000,3460,5600
35,35002,Algoma--Manitoulin--Kapuskasing,64770,2507490000,2360,3950,3750,3740,3520,3760,4430,5840,7120,6930,6460,4960,7960
35,35003,Aurora--Oak Ridges--Richmond Hill,89120,4862441000,4490,7720,6270,5620,6720,9090,10950,10330,8220,5810,4550,3330,6030
35,35004,Barrie--Innisfil,83840,3976105000,4060,7040,6410,6910,7150,7730,8220,8770,7160,5600,4580,3760,6450
35,35005,Barrie--Springwater--Oro-Medonte,75450,3580736000,3200,6810,6800,5940,5620,5350,5730,7080,7060,5910,4940,3730,7290
35,35006,Bay of Quinte,89410,3736761000,3090,6230,6300,6090,5770,5600,6140,8060,8520,8170,7650,6140,11670
35,35007,Beaches--East York,82890,4723208000,2460,5370,6140,7750,8550,8220,7850,8060,7350,6290,5000,3460,6400
35,35008,Brampton Centre,79460,2861108000,3190,7190,7280,7440,7150,6580,6710,7300,6780,5510,4720,3890,5740
35,35009,Brampton East,98720,3404889000,5310,10360,9710,9860,10190,10420,9410,8090,6740,5640,4950,3520,4530
35,35010,Brampton North,94190,3574486000,4540,9600,8860,8770,8340,8170,8090,8750,7730,6630,5610,3960,5140
35,35011,Brampton South,97820,3541779000,5240,10850,9480,9220,8900,8280,8000,8090,7360,6220,5370,3930,6890
35,35012,Brampton West,101500,3781263000,4970,9620,9680,11730,11890,11120,10020,8810,6900,5480,4430,3050,3820
35,35013,Brantford--Brant,97650,4119804000,3780,7420,7680,7930,7790,7610,7580,8710,8730,8080,7130,5270,9940
35,35014,Bruce--Grey--Owen Sound,84830,3539837000,3190,5590,5540,5260,5120,4870,5600,7330,8370,8550,8100,6090,11230
35,35015,Burlington,99120,6030904000,3760,6730,6620,6990,7030,7110,7690,8860,8830,7620,7330,6570,13970
35,35016,Cambridge,98320,4624612000,4310,7790,7820,7800,7710,8030,8270,9400,8820,7640,6630,5010,9090
35,35017,Chatham-Kent--Leamington,95550,3754109000,4040,6590,7080,7550,7710,7610,7500,8610,8630,7680,7030,5350,10170
35,35018,Davenport,83920,3533703000,1880,5530,9840,10950,9180,7290,6660,6700,6250,5250,4270,3310,6810
35,35019,Don Valley East,75250,3263866000,2370,5720,6290,6400,6320,6170,6570,6910,6190,5110,4620,3740,8850
35,35020,Don Valley North,91310,3923058000,2570,7880,9060,8150,7310,6980,7580,7650,6810,6130,5940,4780,10470
35,35021,Don Valley West,77550,8019372000,3440,5920,6160,6090,6250,6790,7660,7350,6360,5440,4810,3840,7440
35,35022,Dufferin--Caledon,102690,5573096000,5570,8670,7680,7620,8110,8720,10030,11040,9130,7210,6240,4800,7870
35,35023,Durham,101380,5289458000,4590,8530,7960,8760,9090,8670,8670,9910,8690,7230,6120,4800,8350
35,35024,Eglinton--Lawrence,89500,7162143000,3860,6820,7020,7220,7770,7680,8110,8050,7430,6470,5520,4110,9440
35,35025,Elgin--Middlesex--London,90850,4117156000,4260,6840,6200,6550,6640,7100,7250,8390,8650,7660,7030,5380,8920
35,35026,Essex,101850,5510361000,5030,7860,6610,6610,7460,8350,8970,9930,9500,8650,7650,5770,9480
35,35027,Etobicoke Centre,95220,5800370000,3460,7020,6930,6600,6430,6590,7770,9020,8990,7650,6420,4870,13470
35,35028,Etobicoke--Lakeshore,103600,6337927000,2600,6630,9500,10480,9550,8730,8320,9270,8950,7850,6630,4820,10280
35,35029,Etobicoke North,93340,2809879000,3960,9850,9340,8360,7650,7380,7810,8390,7520,6150,5230,4000,7720
35,35030,Flamborough--Glanbrook,83010,4478776000,4050,6490,6080,7050,7200,7090,7280,7880,7270,5930,5250,4160,7290
35,35031,Glengarry--Prescott--Russell,89440,4295800000,3600,6290,6120,6090,6080,6580,7290,9490,9330,8180,6830,5410,8170
35,35032,Guelph,102010,5073706000,4260,8620,9460,9220,8680,8400,8650,9000,8480,7120,5980,4630,9510
35,35033,Haldimand--Norfolk,93550,3957890000,3910,6890,6490,6230,5870,5990,6700,8600,9330,9160,8020,6160,10180
35,35034,Haliburton--Kawartha Lakes--Brock,93400,4074403000,3260,5820,5790,5630,5040,5170,6000,8280,9830,9790,9300,7200,12300
35,35035,Hamilton Centre,77020,2681784000,2190,6320,8180,8090,6390,5830,5790,6830,6640,6030,4930,3460,6350
35,35036,Hamilton East--Stoney Creek,85790,3476651000,2870,6230,6720,6760,6240,5990,6770,7870,7980,7060,6320,5020,9990
35,35037,Hamilton Mountain,83470,3283679000,3370,7430,7200,6720,5900,5830,6440,7800,7660,6510,5290,3940,9380
35,35038,Hamilton West--Ancaster--Dundas,88560,4847278000,4030,7920,6860,5820,5750,6290,7000,7990,7850,7180,6380,5030,10480
35,35039,Hastings--Lennox and Addington,78100,3207135000,2640,4950,4860,4940,4910,5230,5640,7220,8230,7910,7480,5560,8550
35,35040,Huron--Bruce,88380,4331066000,3960,6340,6320,6260,5740,5310,5500,7400,8550,8580,7940,5990,10500
35,35041,Kanata--Carleton,85640,5261189000,3770,6500,6010,6480,7130,7870,8620,8940,7990,6170,5390,3940,6820
35,35042,Kenora,45060,1697946000,1970,3830,4030,3640,3510,3280,3480,4090,4300,3850,3210,2180,3690
35,35043,King--Vaughan,102100,5979322000,5330,8660,7750,8180,9850,10600,11420,10930,8290,5990,4830,3470,6790
35,35044,Kingston and the Islands,90040,4376904000,3250,7370,8000,7380,6660,6070,6490,7740,7570,7140,6530,5240,10610
35,35045,Kitchener Centre,83150,3532460000,2670,6410,8530,8230,6760,6010,6240,7250,7000,6150,5200,3980,8730
35,35046,Kitchener--Conestoga,78600,4027959000,3980,6400,6270,7010,7220,7010,6940,7190,6440,5750,4720,3640,6030
35,35047,Kitchener South--Hespeler,81290,3844778000,3530,7180,7610,7810,7460,7400,7120,7260,6720,5660,4780,3400,5350
35,35048,Lambton--Kent--Middlesex,86210,3908724000,3990,6240,5530,5670,5700,5900,6420,7810,8610,8080,7000,5700,9580
35,35049,Lanark--Frontenac--Kingston,82160,3849074000,2880,5280,5120,5220,4850,5250,6090,7950,8550,8390,7540,5690,9340
35,35050,Leeds--Grenville--Thousand Islands and Rideau Lakes,81710,3677520000,3000,5250,4910,4750,4650,5340,6040,7730,8230,8210,7660,6000,9950
35,35051,London--Fanshawe,91620,3331623000,3470,8210,8100,8230,7310,6850,7200,8570,8660,7180,6030,4340,7510
35,35052,London North Centre,96950,4571327000,3430,10130,10180,8080,6970,6620,6970,8000,7950,6940,6070,4770,10840
35,35053,London West,99890,4990048000,3800,8090,7960,8180,7890,7500,7860,8430,8410,7970,7450,5730,10620
35,35054,Markham--Stouffville,96520,5168844000,3770,6890,6720,7950,9110,9680,9190,8740,7810,7020,6400,4860,8380
35,35055,Markham--Thornhill,84750,3417755000,2930,7140,8060,7330,5900,5830,6710,7950,7590,7470,6540,4380,6920
35,35056,Markham--Unionville,98800,4834529000,3980,8020,8020,7290,7640,9030,9960,9980,8680,7670,6390,4360,7780
35,35057,Milton,82150,4490002000,3540,5380,6080,8690,11100,10730,8440,6760,5390,4540,4200,3010,4320
35,35058,Mississauga Centre,101580,3912066000,3720,9470,10290,9640,8390,7690,8310,9320,8700,7530,6200,4470,7860
35,35059,Mississauga East--Cooksville,95820,3713512000,3420,7310,7680,7680,7570,7670,8240,9000,8550,7530,6470,5120,9590
35,35060,Mississauga--Erin Mills,96730,4460306000,4800,9760,7970,6980,7340,8570,9860,10150,8720,6690,5400,3940,6550
35,35061,Mississauga--Lakeshore,92900,5889927000,3720,7270,6710,6610,6850,7310,8010,9470,8880,7440,6120,4760,9770
35,35062,Mississauga--Malton,95640,3473094000,4570,10030,9270,8300,8040,8220,9130,9420,8300,6430,4910,3490,5520
35,35063,Mississauga--Streetsville,93020,4561079000,4460,8830,7620,6970,7420,8120,9400,10310,8970,6750,5220,3490,5480
35,35064,Nepean,90110,4983268000,3920,7360,7290,7890,8030,8920,9100,8920,7650,6040,5110,3740,6150
35,35065,Newmarket--Aurora,94160,5060597000,4740,7880,6880,7180,7770,8540,9570,10010,8710,6620,5200,3770,7270
35,35066,Niagara Centre,89880,3556834000,3490,7390,6810,6110,5770,6130,6810,8220,8300,7780,7000,5560,10500
35,35067,Niagara Falls,111940,4680413000,4690,7830,7390,7030,7070,7490,8570,9890,10610,10500,9660,7550,13670
35,35068,Niagara West,71560,3812219000,3480,5230,4750,4560,4880,5290,5700,6790,6600,6150,5450,4540,8150
35,35069,Nickel Belt,75910,3617840000,3060,5250,5080,5330,5530,5840,6180,7550,7820,6950,5860,4450,7000
35,35070,Nipissing--Timiskaming,74240,3189110000,2710,5290,5410,5230,4830,5040,5480,7030,7420,6620,6060,4450,8660
35,35071,Northumberland--Peterborough South,93960,4406963000,3380,6080,5880,5700,5460,5760,6380,8510,9620,9280,8970,7010,11940
35,35072,Oakville,95880,7848354000,4820,7950,6090,4910,6080,8030,9790,9490,9000,7310,6280,5280,10860
35,35073,Oakville North--Burlington,96830,6421587000,5330,7490,6210,7170,9540,11770,11900,10190,7690,5570,4450,3510,6020
35,35074,Oshawa,98650,4085017000,3130,7880,8660,8030,7070,6890,7340,9400,9420,7940,6790,5380,10720
35,35075,Ottawa Centre,89910,6072413000,2440,7050,9850,9490,7750,7000,7030,7530,7050,6550,6130,4310,7730
35,35076,Orléans,99430,5780594000,4080,8240,7350,7790,8210,8370,8570,9870,9850,8310,7060,4860,6870
35,35077,Ottawa South,92940,4501795000,3420,9060,8510,7630,6890,6560,7150,8230,8190,7070,5980,4490,9760
35,35078,Ottawa--Vanier,87460,4457967000,2520,7030,7880,7550,6780,6490,6770,7600,7450,6730,6180,5120,9380
35,35079,Ottawa West--Nepean,87410,4319685000,2780,7590,8160,7100,6100,6040,6300,7410,7270,6590,5760,4650,11680
35,35080,Oxford,91960,4208762000,4140,6920,6970,7000,6660,6620,6880,8290,8410,7660,6740,5390,10270
35,35081,Parkdale--High Park,80310,4954971000,2040,4510,7690,9380,8650,7790,7270,7000,6230,5560,4630,3250,6310
35,35082,Parry Sound--Muskoka,76960,3310324000,2840,4480,4540,4590,4220,4390,4910,6770,7970,8220,7510,6090,10440
35,35083,Perth--Wellington,80340,3634344000,4150,6530,6200,6010,5520,5460,5780,7160,7360,6910,5760,4470,9040
35,35084,Peterborough--Kawartha,94560,4117697000,3080,7120,7160,6690,5890,5740,6130,7680,8720,8900,8290,6510,12660
35,35085,Pickering--Uxbridge,89290,4846666000,3870,7800,6920,6580,6380,6520,7630,9270,8990,7320,5940,4260,7840
35,35086,Renfrew--Nipissing--Pembroke,83250,3642525000,3040,5720,6640,6510,5600,5330,5660,7260,8010,7610,6950,5220,9690
35,35087,Richmond Hill,94050,4568390000,3490,7080,7570,6810,6600,7420,8760,9000,8700,7630,7040,4850,9120
35,35088,Carleton,80520,5243941000,3720,6000,5150,5840,6890,7890,8360,8770,7400,5710,4960,3820,6000
35,35089,St. Catharines,89920,3676171000,3160,6950,7180,6660,5920,5790,6260,7570,7780,7420,7200,5890,12140
35,35090,Toronto--St. Paul's,85310,7638269000,2220,5280,9140,9570,7390,6590,6480,6300,5920,5860,5740,4750,10080
35,35091,Sarnia--Lambton,84230,4277838000,2980,6120,6430,6020,5520,5450,5670,7040,8100,8010,7130,5480,10280
35,35092,Sault Ste. Marie,65350,2777589000,2150,4750,4710,4500,4310,4160,4540,5770,6690,5940,5310,4090,8470
35,35093,Scarborough--Agincourt,89080,2910182000,2540,7050,7880,6970,5810,6130,7360,8410,7420,6890,6290,4750,11580
35,35094,Scarborough Centre,85180,2762751000,3030,7890,7680,7350,6900,6660,7160,8070,7320,6220,4920,3740,8250
35,35095,Scarborough--Guildwood,77850,2549774000,3070,8150,7390,6410,6190,5990,6430,6730,6490,5510,4350,3470,7670
35,35096,Scarborough North,80560,2357884000,2770,7310,7450,6630,5630,5710,6530,7690,7160,6510,5730,3960,7480
35,35097,Scarborough--Rouge Park,84020,3294447000,3430,8150,7370,6520,6060,6040,6690,7930,7710,6980,5920,4440,6780
35,35098,Scarborough Southwest,86470,3299653000,2920,6950,7000,7450,7350,7360,8000,8820,7980,6700,5220,3620,7100
35,35099,Simcoe--Grey,105510,5156749000,4330,7020,7460,7700,6920,7210,7900,9660,9610,9080,9060,7490,12090
35,35100,Simcoe North,94290,3986723000,3360,6340,6410,5860,5600,5800,6410,8630,9550,9350,8500,6710,11780
35,35101,Spadina--Fort York,87830,6350049000,1150,6810,17620,17100,10490,6710,5250,4920,4400,3630,3020,2350,4380
35,35102,Stormont--Dundas--South Glengarry,84040,3362672000,2980,6060,5890,5560,5240,5460,5900,7880,8610,7740,7160,5600,9960
35,35103,Sudbury,73130,3396010000,2630,5910,6150,5610,5130,4850,5310,6400,6640,5980,5360,4240,8920
35,35104,Thornhill,94310,5182872000,4040,7670,7320,6600,6650,7640,8480,8680,8820,7680,6790,4550,9400
35,35105,Thunder Bay--Rainy River,65310,2845156000,2590,5040,5100,4470,4380,4440,4840,5840,6610,6010,5190,3680,7130
35,35106,Thunder Bay--Superior North,66490,3035933000,2550,5170,5050,4800,4500,4340,4860,5900,6570,6230,5360,3790,7370
35,35107,Timmins--James Bay,63070,2775540000,2580,4820,5200,4800,4620,4530,4860,5900,6310,5560,4650,3350,5910
35,35108,Toronto Centre,83760,4493901000,2060,7710,11760,11620,8460,6460,6450,7200,6040,4980,3960,2860,4200
35,35109,Toronto--Danforth,80010,4546031000,1910,4600,6380,8350,8910,8130,7530,7390,6450,5580,4890,3350,6540
35,35110,University--Rosedale,93200,7811056000,2620,7630,10740,9610,6870,5760,6080,6900,6800,6530,6400,5350,11920
35,35111,Vaughan--Woodbridge,84130,4412216000,4150,6800,6070,5580,6080,7550,8900,8360,6970,5620,5540,4170,8350
35,35112,Waterloo,86960,4805754000,4610,9960,7950,6710,6360,6680,7480,7860,7080,5830,5050,3740,7640
35,35113,Wellington--Halton Hills,93670,5538770000,4960,7480,6080,5910,6640,7660,8900,10220,9080,7060,6100,4850,8730
35,35114,Whitby,96780,5441127000,4430,8110,6890,7370,8330,9430,9600,10040,8400,6630,5660,4150,7740
35,35115,Willowdale,108170,4634908000,2820,8950,12340,11870,10590,9540,9480,9160,7930,6670,5610,4110,9100
35,35116,Windsor--Tecumseh,92520,4117035000,3510,6980,6930,6730,6500,7020,7360,8090,8460,7950,7310,5640,10050
35,35117,Windsor West,96530,3599291000,3970,10120,8670,7120,6790,7470,8270,9030,8170,6920,6000,4470,9530
35,35118,York Centre,85790,3553369000,2960,6870,7020,7470,7830,7330,7550,7830,7250,5800,5010,3530,9340
35,35119,York--Simcoe,81930,3904321000,3510,6440,6750,7190,6820,6740,7160,8470,7970,6200,5020,3620,6060
35,35120,York South--Weston,91260,3025039000,3040,7440,8020,8140,7880,7420,7930,9030,8240,6610,5130,3800,8590
35,35121,Humber River--Black Creek,86940,2416132000,3470,8950,8580,8060,7300,6790,7500,8010,7010,5460,4450,3520,7850
TOTAL,,,10679920,5.18117E+11,422380,859440,881690,869810,836570,840780,890190,988930,948490,831310,726720,551800,1031820
46,46001,Brandon--Souris,68540,2957304000,2910,5920,6400,6240,5720,5300,4770,5160,5590,5160,4580,3430,7360
46,46002,Charleswood--St. James--Assiniboia--Headingley,65430,3398231000,2330,4870,4900,4980,4700,4780,4890,5670,5870,5420,4820,3970,8240
46,46003,Churchill--Keewatinook Aski,56120,1426778000,2580,6940,6790,5790,5090,4970,5030,4800,4430,3400,2500,1690,2090
46,46004,Dauphin--Swan River--Neepawa,65930,2449575000,2860,4920,4830,4770,4680,4550,4560,5250,6000,5930,5150,4090,8350
46,46005,Elmwood--Transcona,71790,2883052000,2720,5910,6810,7290,6840,6160,5600,6120,6060,5080,4260,2900,6040
46,46006,Kildonan--St. Paul,67890,3221055000,2690,5290,5060,4980,5130,5140,5180,5900,6220,5800,4890,3590,8030
46,46007,Portage--Lisgar,69620,2816816000,3980,6460,6160,6000,5540,5390,5370,5780,5960,5080,4160,3220,6520
46,46008,Provencher,76390,3269232000,4210,6820,6570,6840,6880,6340,6050,6750,6540,5680,4640,3420,5670
46,46009,Saint Boniface--Saint Vital,71200,3497956000,2550,5620,6150,6150,5920,5790,5580,5910,5810,5370,4770,3770,7790
46,46010,Selkirk--Interlake--Eastman,75550,3233295000,3150,5580,5020,4890,4600,5030,5610,7190,7660,7320,6390,4950,8160
46,46011,Winnipeg Centre,69120,2200645000,2170,6360,7930,7710,6730,5640,5310,5790,5440,4550,3910,2610,4980
46,46012,Winnipeg North,73320,2327103000,3300,7320,7160,7270,7140,6270,6160,6260,5940,5140,4270,2850,4260
46,46013,Winnipeg South,80620,3824118000,4310,9850,7660,6830,6550,6550,6630,6770,6360,5670,4670,3340,5440
46,46014,Winnipeg South Centre,73670,4441830000,2460,6130,7420,6910,5730,5270,5300,5570,5820,5530,4980,3770,8780
TOTAL,,,985170,41946991000,42210,87990,88870,86640,81270,77160,76020,82910,83700,75120,64000,47590,91700
47,47001,Battlefords--Lloydminster,55270,2392745000,2490,4860,5270,5380,4970,4140,3760,4490,4780,4330,3430,2470,4910
47,47002,Cypress Hills--Grasslands,54780,2611154000,2750,4140,4180,4080,3880,3470,3460,4690,5450,5070,3960,2950,6720
47,47003,Desnethé--Missinippi--Churchill River,48390,1361489000,2370,5640,5410,4570,4000,3870,3930,4080,3870,3350,2740,1790,2770
47,47004,Carlton Trail--Eagle Creek,58710,2819331000,2720,4360,5070,5680,5270,4860,4330,4880,5110,4760,3670,2710,5300
47,47005,Moose Jaw--Lake Centre--Lanigan,60630,3027663000,2450,4380,4700,4830,4770,4390,4020,5030,5810,5810,4660,3220,6560
47,47006,Prince Albert,64010,2720633000,2920,5450,5600,5240,4790,4520,4540,5230,5600,5140,4440,3410,7140
47,47007,Regina--Lewvan,72160,4032015000,2770,5800,7660,8110,7220,6010,5330,5910,6050,5260,3900,2730,5420
47,47008,Regina--Qu'Appelle,56670,2456465000,2270,4670,5400,5550,5150,4590,4450,4720,4700,4280,3400,2530,4940
47,47009,Regina--Wascana,67040,3687808000,2560,5850,6870,6560,5670,5130,4800,5400,5510,4790,3960,2900,7050
47,47010,Saskatoon--Grasswood,67120,3782915000,2350,5720,7190,6880,5790,4900,4610,5320,5310,4850,3760,2870,7560
47,47011,Saskatoon--University,62940,3594118000,2550,6260,7030,6390,5750,5140,4900,5110,4970,4400,3250,2280,4900
47,47012,Saskatoon West,66310,2769759000,2490,5640,7420,7680,6670,5560,5340,5410,5420,4480,3440,2290,4460
47,47013,Souris--Moose Mountain,59100,3049144000,2570,4590,5030,5070,4980,4380,4210,4920,5300,4850,3850,2980,6370
47,47014,Yorkton--Melville,55370,2371779000,2160,3800,3780,3850,4010,3750,3730,4540,5030,5040,4410,3420,7860
TOTAL,,,848490,40677018000,35410,71160,80600,79850,72910,64710,61400,69740,72920,66420,52870,38560,81950
48,48001,Banff--Airdrie,106530,6815209000,4330,8470,10770,12090,11730,10350,9170,8830,8710,7680,5640,3610,5150
48,48002,Battle River--Crowfoot,95550,4651508000,4610,7220,7180,7580,7200,6890,6850,8180,9060,8280,6930,5370,10220
48,48003,Bow River,87290,4372190000,4970,7000,7030,8030,8260,7990,7610,7600,7510,6550,5230,3630,5890
48,48004,Calgary Centre,95670,8468133000,1880,6180,14150,14450,10150,8080,7090,6750,6990,6090,4460,2990,6430
48,48005,Calgary Confederation,91090,6432139000,2390,6570,10540,11050,8990,7270,6780,6930,7370,6470,4750,3370,8620
48,48006,Calgary Forest Lawn,84780,3071705000,3100,7150,8040,8680,8270,7190,7270,7800,7690,6120,4810,3390,5290
48,48007,Calgary Heritage,87060,5575717000,3200,6470,7480,8080,7940,7820,7580,7510,7760,6540,5330,4020,7320
48,48008,Calgary Midnapore,96560,6020056000,4010,7640,8020,8690,8780,8720,8670,8950,8910,7210,5490,4000,7500
48,48009,Calgary Nose Hill,88930,4825103000,3720,7300,7580,7610,7630,7790,8500,8530,8250,7100,5350,3410,6180
48,48010,Calgary Rocky Ridge,98930,6300984000,4000,7680,8890,10630,10940,10460,9860,8900,7590,6580,4880,3140,5390
48,48011,Calgary Shepard,108380,6801903000,3750,7470,11090,14920,14250,11590,9860,9140,8380,6440,4550,2880,4060
48,48012,Calgary Signal Hill,89920,6915277000,3660,6420,6920,7910,8660,9250,9000,8460,8250,6420,4730,3400,6850
48,48013,Calgary Skyview,102640,3856584000,4510,9080,11370,13520,12880,11130,9130,7860,6700,5710,4370,2780,3580
48,48014,Edmonton Centre,85400,4786077000,1950,6860,10720,10530,8050,6520,6070,6540,6980,5930,4510,3080,7670
48,48015,Edmonton Griesbach,88410,3531081000,2580,7100,8750,8780,7800,6770,6950,7740,7860,6300,4860,3810,9120
48,48016,Edmonton Manning,91480,4347644000,3590,8280,10150,10310,9160,7730,7350,7750,7590,6280,4880,3220,5210
48,48017,Edmonton Mill Woods,90150,3949052000,3600,8210,10270,10700,9490,8290,6910,6780,6790,6420,4930,3080,4670
48,48018,Edmonton Riverbend,92410,6227539000,3450,7570,8760,9300,8880,7990,7980,7690,7170,6610,5310,3930,7780
48,48019,Edmonton Strathcona,79550,4565962000,2210,7280,10200,9120,7050,5500,5270,6010,6280,5600,4290,3040,7700
48,48020,Edmonton West,92750,5077796000,3480,7360,9030,10280,9740,8470,7660,7610,7810,6620,4860,3190,6650
48,48021,Edmonton--Wetaskiwin,122460,6696541000,4420,9720,14270,16730,15200,12230,9810,9070,8450,7150,5470,3860,6090
48,48022,Foothills,82940,5424602000,3950,6040,5310,5860,6510,6740,6910,7440,8090,7410,6420,4840,7410
48,48023,Fort McMurray--Cold Lake,80090,6102508000,3060,6960,10720,11390,9460,7740,7220,7510,6460,4130,2170,1380,1900
48,48024,Grande Prairie--Mackenzie,88080,4887638000,3950,8100,10060,10690,9230,7920,6950,7380,7080,5530,3880,2630,4680
48,48025,Lakeland,86610,4298734000,4160,6890,7160,7630,7270,6930,6730,7590,7810,6940,5500,4220,7790
48,48026,Lethbridge,88810,4272705000,3960,7980,8700,8420,7460,6560,6170,6780,7310,6730,5830,4390,8530
48,48027,Medicine Hat--Cardston--Warner,82880,3760470000,4230,6450,6810,7180,6910,6130,5940,6640,7470,6970,5650,4190,8300
48,48028,Peace River--Westlock,80010,3686531000,4430,7350,7670,7490,6870,6480,6320,6830,6750,6040,4580,3420,5760
48,48029,Red Deer--Mountain View,85240,4628094000,3440,6550,7260,7690,7390,6860,6710,7240,7870,6960,5490,4170,7610
48,48030,Red Deer--Lacombe,91970,4724304000,3700,7680,8950,9970,8720,7500,6970,7790,8240,6960,5290,3720,6490
48,48031,St. Albert--Edmonton,91830,5505929000,3860,7420,8110,9100,8680,8110,7830,8020,7870,6840,5520,3940,6530
48,48032,Sherwood Park--Fort Saskatchewan,94320,6491414000,4070,7550,7890,8520,8250,8100,8290,8610,8680,7000,5970,4570,6860
48,48033,Sturgeon River--Parkland,100330,5898798000,4300,7980,8600,9590,9280,8400,8500,9250,9170,7970,6300,4470,6520
48,48034,Yellowhead,70090,3585129000,3160,5450,5930,6470,5840,5490,5480,6530,6970,5800,4440,3280,5280
TOTAL,,,3099120,1.76555E+11,123660,249410,304330,328980,302890,270990,255360,262240,261840,223350,172680,122410,221000
59,59001,Abbotsford,80960,3352409000,3470,6750,6970,7130,6600,6130,6430,6410,6520,6080,5570,4260,8660
59,59002,Burnaby North--Seymour,82080,4311601000,3070,7360,6820,6410,6250,6580,7180,7440,7220,6470,5330,3890,8060
59,59003,Burnaby South,93990,3887715000,2780,8130,10110,9250,8050,7120,7670,8320,7710,6940,5790,4120,8020
59,59004,Cariboo--Prince George,85130,3774654000,3580,7020,7270,6880,6350,6260,6840,7500,8140,7580,6330,4570,6810
59,59005,Central Okanagan--Similkameen--Nicola,94040,4206425000,2880,5670,6100,6370,5760,5580,6150,7420,8980,9220,9060,7020,13820
59,59006,Chilliwack--Hope,80380,3371568000,3340,5920,5840,6230,5680,5710,6220,6760,7140,6700,6360,5250,9250
59,59007,Cloverdale--Langley City,89930,4220377000,3550,6730,7760,9460,9390,8670,8070,7660,6970,6250,5240,3860,6340
59,59008,Coquitlam--Port Coquitlam,98420,4480687000,3860,7910,7850,8300,8470,8630,9860,10020,9280,7580,5810,3960,6890
59,59009,Courtenay--Alberni,98550,4181659000,2700,5090,5260,5630,5700,5520,5990,7560,9470,10760,11200,9040,14640
59,59010,Cowichan--Malahat--Langford,88280,3955514000,2920,5580,6190,6880,6690,6300,6690,7940,8640,8380,7650,5470,8950
59,59011,Delta,82960,4233894000,3690,6890,5630,5590,5710,6200,7090,7740,7710,6920,6350,5000,8450
59,59012,Fleetwood--Port Kells,92240,3613298000,4350,8830,7750,7560,7680,7790,8700,8820,8170,6870,5430,3790,6510
59,59013,Kamloops--Thompson--Cariboo,103080,4665716000,3580,7710,8190,7910,7060,6820,7730,8870,10070,9590,8540,6380,10650
59,59014,Kelowna--Lake Country,99320,5029356000,4010,8020,7950,8050,7240,7120,7750,8720,9240,8300,7270,5330,10330
59,59015,Kootenay--Columbia,91110,4173484000,3250,5660,6700,7280,7220,6730,6580,7510,8800,8810,7960,5550,9050
59,59016,Langley--Aldergrove,93120,4855046000,3990,7160,7010,7510,7840,7610,8210,8430,8180,7270,6420,5000,8490
59,59017,Mission--Matsqui--Fraser Canyon,74940,2892669000,3090,5670,5890,6260,6170,5790,5870,6700,6990,6440,5600,4010,6450
59,59018,Nanaimo--Ladysmith,100770,4390505000,3060,6710,7060,7110,6630,6430,7140,8280,9370,9980,9400,7280,12320
59,59019,New Westminster--Burnaby,92710,4018885000,2820,7060,8990,9340,8320,7360,8320,8600,8040,6900,5650,4030,7300
59,59020,North Okanagan--Shuswap,106070,4539957000,3470,6280,6270,6720,6450,6360,7000,8950,10800,10940,10360,8040,14440
59,59021,North Vancouver,93510,5674070000,3430,6410,6840,7170,7740,8010,8870,9060,8700,7300,6160,4720,9120
59,59022,Pitt Meadows--Maple Ridge,79510,3885801000,3160,6030,5980,6610,6560,6550,7430,7880,7760,6160,5110,3670,6640
59,59023,Port Moody--Coquitlam,88280,4493241000,3370,7200,7190,7150,7170,7540,8590,8920,8170,6870,5300,3890,6920
59,59024,Prince George--Peace River--Northern Rockies,83840,4293349000,3660,7310,8280,8470,7290,6600,6880,7520,7820,6570,4900,3360,5190
59,59025,Richmond Centre,84820,3345480000,2800,6930,7600,6520,5690,6100,7570,8350,7980,7250,6380,4040,7610
59,59026,Esquimalt--Saanich--Sooke,95480,4451869000,3010,6640,7430,7870,7930,7410,7690,8620,8920,8600,7340,5150,8880
59,59027,Saanich--Gulf Islands,89630,4810525000,2970,5980,4960,4690,4870,5100,5960,6970,8150,9040,9310,7290,14330
59,59028,Skeena--Bulkley Valley,67340,2796688000,2720,5190,5530,5440,5020,5190,5510,6200,6700,6200,4910,3580,5160
59,59029,South Okanagan--West Kootenay,102150,4293006000,3280,5390,5640,6280,6100,6150,6700,8100,10390,10920,10310,8020,14890
59,59030,South Surrey--White Rock,85090,5136641000,2970,5230,4820,4870,5180,6180,7210,7530,7740,7680,7520,6290,11880
59,59031,Steveston--Richmond East,84850,3438807000,2980,6600,7160,6870,6450,6400,7560,8430,7820,7270,6150,4070,7100
59,59032,Surrey Centre,95710,2986847000,4140,9550,10050,9710,8740,7850,8040,8690,7930,6520,5170,3660,5660
59,59033,Surrey--Newton,90600,2968617000,4440,8900,8510,9330,8830,7960,7290,7070,6690,6160,5360,4020,6050
59,59034,Vancouver Centre,106840,7434918000,1340,6160,14730,15910,11270,7900,7470,7630,7260,7160,6500,4860,8650
59,59035,Vancouver East,95270,4169971000,1880,5610,11140,12170,9750,8070,8000,8140,7530,6350,5500,3440,7700
59,59036,Vancouver Granville,86350,5765706000,2250,6120,9180,9360,7520,6710,7680,7710,6690,6100,5680,3780,7580
59,59037,North Island--Powell River,86570,3740499000,2810,4810,5080,5390,5400,5400,6000,7640,9180,9600,8890,6500,9870
59,59038,Vancouver Kingsway,84860,3280998000,2820,7080,8950,8220,7470,7010,7130,7760,6850,6070,4950,3070,7490
59,59039,Vancouver Quadra,81220,5992699000,3480,8500,7960,6570,5280,5780,7920,7420,5830,5490,5350,3900,7740
59,59040,Vancouver South,84510,3167996000,3330,7690,7710,6950,6520,6520,7070,7550,7150,6280,5680,3660,8400
59,59041,Victoria,96870,5269949000,2210,6840,8950,8530,7410,6440,6690,6930,7750,8360,8480,6220,12050
59,59042,West Vancouver--Sunshine Coast--Sea to Sky Country,98850,6486246000,3380,7020,7570,7320,7140,7460,8110,8310,8520,8290,7990,6450,11290
TOTAL,,,3790190,1.80039E+11,133870,283350,312830,317240,294580,283020,306840,332060,338920,318180,284230,209480,375590
60,60001,Yukon,28700,1570830000,1100,2010,2740,3010,2610,2410,2330,2610,2860,2500,1870,1240,1420
TOTAL,,,28700,1570830000,1100,2010,2740,3010,2610,2410,2330,2610,2860,2500,1870,1240,1420
61,61001,Northwest Territories,31890,1890342000,1700,3120,3680,3520,3200,2730,2890,3050,2720,1990,1400,850,1040
TOTAL,,,31890,1890342000,1700,3120,3680,3520,3200,2730,2890,3050,2720,1990,1400,850,1040
62,62001,Nunavut,21440,1039849000,1540,2760,3030,2620,2200,1920,2010,1710,1350,940,620,370,380
TOTAL,,,21440,1039849000,1540,2760,3030,2620,2200,1920,2010,1710,1350,940,620,370,380
TOTAL,,,27977590,1.32116E+12,1080480,2161000,2306560,2328320,2277940,2192220,2253910,2513710,2516690,2256000,1949950,1475680,2665150
