Prov/Terr,FED ID,Federal Electoral Districts,Total,Total Income,"Under $5,000","$5,000 to $9,999","$10,000 to $14,999","$15,000 to $19,999","$20,000 to $24,999","$25,000 to $29,999","$30,000 to $34,999","$35,000 to $39,999","$40,000 to $44,999","$45,000 to $49,999","$50,000 to $54,999","$55,000 to $59,999","$60,000 to $69,999","$70,000 to $79,999","$80,000 to $89,999","$90,000 to $99,999","$100,000 to $149,999","$150,000 to $249,999","$250,000 and over",
10,10001,Avalon,36620,1295940000 ,3220 ,2540 ,3870 ,4640 ,3250 ,2670 ,2330 ,1990 ,1880 ,1850 ,1320 ,1080 ,1570 ,1230 ,1120 ,890 ,870 ,230 ,80 ,
10,10002,Bonavista--Burin--Trinity,32720,888810000 ,3150 ,2560 ,4590 ,5680 ,3780 ,2930 ,2280 ,1600 ,1240 ,1040 ,670 ,610 ,640 ,530 ,510 ,430 ,390 ,80 ,30 ,
10,10003,Coast of Bays--Central--Notre Dame,33290,951860000 ,3230 ,2620 ,4810 ,5360 ,3620 ,2800 ,2200 ,1630 ,1330 ,1130 ,740 ,620 ,800 ,660 ,630 ,490 ,430 ,160 ,40 ,
10,10004,Labrador,10330,414185000 ,1350 ,770 ,820 ,800 ,760 ,650 ,590 ,610 ,500 ,460 ,400 ,300 ,550 ,430 ,320 ,280 ,640 ,90 ,30 ,
10,10005,Long Range Mountains,39580,1185410000 ,3410 ,2900 ,5250 ,6250 ,4270 ,3420 ,2620 ,2110 ,1700 ,1510 ,1090 ,920 ,1040 ,880 ,850 ,630 ,570 ,120 ,50 ,
10,10006,St. John's East,34380,1546945000 ,2880 ,2170 ,2860 ,3110 ,2410 ,2070 ,2040 ,2040 ,1870 ,1890 ,1400 ,1240 ,1890 ,1590 ,1350 ,1050 ,1620 ,640 ,260 ,
10,10007,St. John's South--Mount Pearl,34850,1346448000 ,2320 ,2320 ,3320 ,3790 ,2960 ,2580 ,2340 ,2190 ,2030 ,1940 ,1410 ,1240 ,1690 ,1330 ,1100 ,850 ,1080 ,290 ,100 ,
TOTAL,,,221760,7629597000 ,19560 ,15870 ,25510 ,29620 ,21050 ,17110 ,14410 ,12170 ,10540 ,9810 ,7030 ,5990 ,8180 ,6640 ,5870 ,4610 ,5610 ,1600 ,600 ,
11,11001,Cardigan,15380,553128000 ,1200 ,950 ,1270 ,1770 ,1510 ,1280 ,1160 ,1090 ,910 ,830 ,590 ,480 ,730 ,570 ,420 ,190 ,320 ,90 ,20 ,
11,11002,Charlottetown,15800,564523000 ,1410 ,1010 ,1420 ,1770 ,1510 ,1300 ,1150 ,1010 ,830 ,790 ,630 ,490 ,720 ,590 ,410 ,240 ,400 ,110 ,40 ,
11,11003,Egmont,15170,481397000 ,1030 ,1010 ,1560 ,2030 ,1680 ,1480 ,1180 ,1070 ,850 ,710 ,520 ,430 ,540 ,430 ,290 ,140 ,160 ,40 ,20 ,
11,11004,Malpeque,14770,528673000 ,1080 ,1010 ,1180 ,1540 ,1420 ,1310 ,1150 ,1030 ,880 ,840 ,570 ,510 ,750 ,590 ,370 ,180 ,260 ,70 ,40 ,
TOTAL,,,61110,2127721000 ,4720 ,3980 ,5430 ,7110 ,6110 ,5360 ,4640 ,4200 ,3460 ,3170 ,2300 ,1920 ,2740 ,2190 ,1500 ,750 ,1130 ,310 ,110 ,
12,12001,Cape Breton--Canso,31120,955229000 ,2810 ,2970 ,3030 ,4160 ,3630 ,2350 ,2230 ,2040 ,1550 ,1180 ,970 ,720 ,960 ,810 ,770 ,350 ,440 ,120 ,30 ,
12,12002,Central Nova,31170,1018320000 ,2780 ,2490 ,3070 ,3830 ,3540 ,2320 ,2200 ,2000 ,1790 ,1430 ,1000 ,840 ,1070 ,920 ,810 ,320 ,550 ,150 ,70 ,
12,12003,Cumberland--Colchester,34380,1064496000 ,3320 ,2930 ,3490 ,4480 ,4000 ,2660 ,2390 ,2290 ,1780 ,1400 ,1000 ,810 ,1080 ,890 ,770 ,360 ,530 ,150 ,50 ,
12,12004,Dartmouth--Cole Harbour,39560,1513362000 ,3100 ,2930 ,3060 ,3400 ,3630 ,2770 ,2730 ,2760 ,2410 ,2280 ,1690 ,1390 ,2160 ,1760 ,1340 ,720 ,1090 ,260 ,80 ,
12,12005,Halifax,37770,1656041000 ,4130 ,2960 ,2700 ,3430 ,2980 ,2270 ,2230 ,2210 ,1910 ,1850 ,1340 ,1170 ,1970 ,1700 ,1300 ,780 ,1690 ,810 ,340 ,
12,12006,Halifax West,39920,1664857000 ,4170 ,2600 ,2620 ,2990 ,3090 ,2480 ,2540 ,2690 ,2330 ,2260 ,1710 ,1480 ,2350 ,2010 ,1480 ,870 ,1580 ,530 ,150 ,
12,12007,Kings--Hants,34870,1136792000 ,3680 ,2860 ,3210 ,4030 ,3790 ,2600 ,2370 ,2250 ,1930 ,1640 ,1140 ,900 ,1310 ,1020 ,810 ,400 ,630 ,200 ,80 ,
12,12008,Sackville--Preston--Chezzetcook,35820,1346214000 ,3040 ,2370 ,2770 ,3020 ,3290 ,2600 ,2540 ,2630 ,2280 ,2140 ,1540 ,1270 ,1930 ,1490 ,1110 ,600 ,900 ,220 ,70 ,
12,12009,South Shore--St. Margarets,40070,1305736000 ,3720 ,3310 ,4000 ,5180 ,4400 ,3070 ,2720 ,2490 ,2010 ,1700 ,1240 ,1010 ,1460 ,1220 ,900 ,510 ,800 ,270 ,70 ,
12,12010,Sydney--Victoria,31670,945319000 ,3510 ,3040 ,3020 ,4090 ,3580 ,2490 ,2190 ,1900 ,1590 ,1230 ,890 ,730 ,960 ,810 ,700 ,360 ,440 ,120 ,40 ,
12,12011,West Nova,36140,1044859000 ,3600 ,3130 ,3960 ,5260 ,4420 ,2900 ,2480 ,2240 ,1680 ,1330 ,1000 ,710 ,1070 ,880 ,620 ,290 ,410 ,130 ,50 ,
TOTAL,,,392470,13651225000 ,37850 ,31600 ,34920 ,43860 ,40350 ,28510 ,26630 ,25490 ,21260 ,18450 ,13520 ,11010 ,16300 ,13530 ,10630 ,5570 ,9060 ,2950 ,1000 ,
13,13001,Acadie--Bathurst,34610,997654000 ,2760 ,3140 ,4110 ,5900 ,3600 ,3100 ,2440 ,1890 ,1610 ,1230 ,850 ,650 ,960 ,980 ,560 ,270 ,420 ,110 ,30 ,
13,13002,Beauséjour,35140,1239967000 ,2360 ,2380 ,3250 ,4220 ,3440 ,2990 ,2690 ,2440 ,2230 ,1770 ,1240 ,1000 ,1420 ,1320 ,940 ,460 ,720 ,220 ,70 ,
13,13003,Fredericton,33630,1288034000 ,3530 ,2380 ,2720 ,3100 ,2870 ,2250 ,2110 ,2000 ,2010 ,1810 ,1250 ,1180 ,1870 ,1570 ,980 ,600 ,1010 ,310 ,100 ,
13,13004,Fundy Royal,32800,1149579000 ,2900 ,2430 ,2970 ,3570 ,3160 ,2550 ,2320 ,2150 ,2050 ,1610 ,1180 ,950 ,1460 ,1210 ,800 ,480 ,740 ,220 ,70 ,
13,13005,Madawaska--Restigouche,26660,796059000 ,1990 ,2440 ,2910 ,4050 ,3040 ,2420 ,1890 ,1560 ,1460 ,1040 ,680 ,510 ,780 ,800 ,460 ,180 ,350 ,90 ,30 ,
13,13006,Miramichi--Grand Lake,24710,693300000 ,3010 ,2110 ,2740 ,3670 ,2620 ,1990 ,1670 ,1300 ,1080 ,950 ,630 ,540 ,810 ,660 ,400 ,180 ,260 ,60 ,20 ,
13,13007,Moncton--Riverview--Dieppe,39660,1405081000 ,3030 ,3160 ,3550 ,4270 ,3910 ,3130 ,2840 ,2670 ,2460 ,2050 ,1420 ,1190 ,1750 ,1510 ,1020 ,540 ,840 ,260 ,80 ,
13,13008,New Brunswick Southwest,27230,890126000 ,2600 ,2100 ,2640 ,3120 ,2830 ,2240 ,1990 ,1720 ,1550 ,1310 ,860 ,720 ,1010 ,930 ,600 ,330 ,510 ,130 ,40 ,
13,13009,Saint John--Rothesay,33860,1195552000 ,2770 ,2660 ,3200 ,3790 ,3560 ,2730 ,2200 ,2190 ,2080 ,1670 ,1100 ,970 ,1320 ,1180 ,770 ,460 ,830 ,260 ,100 ,
13,13010,Tobique--Mactaquac,28350,864512000 ,3140 ,2460 ,2920 ,3590 ,2910 ,2200 ,1980 ,1780 ,1520 ,1210 ,780 ,650 ,910 ,890 ,530 ,290 ,450 ,120 ,40 ,
TOTAL,,,316660,10519865000 ,28080 ,25260 ,31030 ,39270 ,31940 ,25600 ,22120 ,19700 ,18030 ,14660 ,9980 ,8350 ,12290 ,11040 ,7050 ,3780 ,6130 ,1780 ,570 ,
24,24001,Abitibi--Baie-James--Nunavik--Eeyou,31510,908783000 ,6690 ,2630 ,3130 ,3340 ,2460 ,1870 ,1740 ,1610 ,1350 ,1170 ,930 ,750 ,1120 ,890 ,590 ,350 ,660 ,160 ,70 ,
24,24002,Abitibi--Témiscamingue,41750,1319401000 ,4160 ,3440 ,4640 ,5690 ,3950 ,2950 ,2640 ,2640 ,2280 ,1920 ,1400 ,1090 ,1580 ,1330 ,680 ,420 ,630 ,210 ,100 ,
24,24003,Ahuntsic-Cartierville,47360,1670041000 ,6540 ,3890 ,4570 ,5970 ,3920 ,2760 ,2430 ,2350 ,2150 ,1900 ,1560 ,1360 ,2060 ,1770 ,1160 ,710 ,1480 ,530 ,240 ,
24,24004,Alfred-Pellan,42060,1610897000 ,3700 ,2720 ,3890 ,4160 ,3670 ,2870 ,2730 ,2800 ,2480 ,2310 ,1760 ,1430 ,2190 ,1930 ,1100 ,660 ,1100 ,420 ,160 ,
24,24005,Argenteuil--La Petite-Nation,39300,1276445000 ,3200 ,3350 ,4630 ,4960 ,3860 ,2910 ,2510 ,2410 ,2170 ,1820 ,1370 ,1120 ,1740 ,1290 ,700 ,440 ,590 ,160 ,80 ,
24,24006,Avignon--La Mitis--Matane--Matapédia,30470,845765000 ,2870 ,2530 ,4150 ,5010 ,3070 ,2290 ,1930 ,1770 ,1620 ,1280 ,870 ,610 ,860 ,730 ,350 ,170 ,260 ,80 ,30 ,
24,24007,Beauce,43640,1345498000 ,2920 ,3080 ,5450 ,5890 ,4740 ,3750 ,3340 ,3080 ,2690 ,2010 ,1520 ,1030 ,1490 ,1220 ,510 ,290 ,410 ,150 ,80 ,
24,24008,Beauport--Limoilou,41100,1358139000 ,2190 ,2810 ,4140 ,5790 ,4070 ,3320 ,3060 ,2920 ,2710 ,2350 ,1680 ,1330 ,1760 ,1260 ,670 ,370 ,510 ,120 ,40 ,
24,24009,Bécancour--Nicolet--Saurel,39430,1177775000 ,3170 ,3320 ,4910 ,5930 ,4140 ,2970 ,2690 ,2450 ,2170 ,1730 ,1270 ,910 ,1320 ,1020 ,510 ,280 ,460 ,140 ,60 ,
24,24010,Bellechasse--Les Etchemins--Lévis,48600,1720334000 ,2820 ,3050 ,4860 ,6090 ,4510 ,3750 ,3640 ,3420 ,3210 ,2930 ,2040 ,1580 ,2300 ,1680 ,910 ,570 ,870 ,260 ,110 ,
24,24011,Beloeil--Chambly,47750,1968773000 ,2940 ,2690 ,3970 ,4630 ,4030 ,3350 ,3120 ,3110 ,3040 ,2800 ,2260 ,1850 ,2920 ,2470 ,1450 ,920 ,1570 ,480 ,180 ,
24,24012,Berthier--Maskinongé,43010,1254367000 ,3700 ,3640 ,5540 ,6310 ,4530 ,3440 ,2900 ,2580 ,2310 ,1880 ,1360 ,960 ,1300 ,1070 ,570 ,260 ,450 ,150 ,60 ,
24,24013,Thérèse-De Blainville,42280,1753650000 ,3190 ,2760 ,3620 ,4350 ,3600 ,2820 ,2560 ,2730 ,2500 ,2280 ,1760 ,1580 ,2270 ,2000 ,1220 ,800 ,1450 ,560 ,240 ,
24,24014,Pierre-Boucher--Les Patriotes--Verchères,41610,1869673000 ,2680 ,2270 ,3070 ,3720 ,3210 ,2720 ,2620 ,2750 ,2570 ,2520 ,1990 ,1650 ,2650 ,2280 ,1380 ,890 ,1750 ,630 ,280 ,
24,24015,Bourassa,40810,1035247000 ,5330 ,4260 ,5130 ,6430 ,4490 ,2960 ,2300 ,2050 ,1780 ,1410 ,1020 ,730 ,1080 ,710 ,430 ,220 ,350 ,100 ,30 ,
24,24016,Brome--Missisquoi,44140,1566681000 ,3080 ,3230 ,4740 ,5690 ,4630 ,3560 ,3120 ,2900 ,2490 ,2110 ,1510 ,1150 ,1710 ,1400 ,790 ,540 ,940 ,410 ,160 ,
24,24017,Brossard--Saint-Lambert,46210,1949178000 ,5070 ,3090 ,3990 ,4330 ,3500 ,2770 ,2480 ,2650 ,2310 ,2410 ,1860 ,1630 ,2560 ,2210 ,1340 ,910 ,1940 ,850 ,340 ,
24,24018,Rimouski-Neigette--Témiscouata--Les Basques,36800,1192777000 ,2430 ,2530 ,4190 ,5370 ,3580 ,2950 ,2690 ,2490 ,2210 ,1850 ,1320 ,1000 ,1420 ,1180 ,580 ,320 ,460 ,170 ,80 ,
24,24019,Charlesbourg--Haute-Saint-Charles,45210,1702088000 ,2250 ,2280 ,3590 ,4470 ,4100 ,3520 ,3480 ,3620 ,3530 ,3120 ,2330 ,1820 ,2660 ,1910 ,1030 ,510 ,730 ,210 ,60 ,
24,24020,Beauport--Côte-de-Beaupré--Île d’Orléans--Charlevoix,39220,1401729000 ,2170 ,2470 ,3680 ,4820 ,3720 ,2940 ,2760 ,2820 ,2750 ,2420 ,1790 ,1320 ,1890 ,1470 ,830 ,420 ,650 ,230 ,70 ,
24,24021,Châteauguay--Lacolle,39880,1342914000 ,3410 ,2890 ,3960 ,4420 ,4010 ,3050 ,2800 ,2750 ,2480 ,2050 ,1630 ,1220 ,1710 ,1380 ,750 ,440 ,660 ,210 ,70 ,
24,24022,Chicoutimi--Le Fjord,34460,1127861000 ,2560 ,2640 ,3840 ,4890 ,3590 ,2730 ,2390 ,2150 ,1810 ,1690 ,1110 ,890 ,1300 ,1140 ,550 ,320 ,560 ,220 ,90 ,
24,24023,Compton--Stanstead,41950,1431250000 ,3120 ,2920 ,4520 ,4930 ,4040 ,3220 ,3090 ,2970 ,2720 ,2150 ,1590 ,1250 ,1790 ,1340 ,800 ,440 ,730 ,250 ,110 ,
24,24024,Dorval--Lachine--LaSalle,47100,1588526000 ,5340 ,3940 ,4890 ,5410 ,4370 ,3220 ,2850 ,2840 ,2430 ,2110 ,1640 ,1320 ,1980 ,1590 ,1000 ,590 ,1100 ,360 ,140 ,
24,24025,Drummond,42260,1273661000 ,3210 ,3460 ,5190 ,6030 ,4460 ,3380 ,3020 ,2810 ,2530 ,1930 ,1320 ,890 ,1360 ,1170 ,530 ,300 ,450 ,160 ,70 ,
24,24026,Gaspésie--Les Îles-de-la-Madeleine,33930,1009794000 ,2360 ,2610 ,4350 ,5530 ,3560 ,2730 ,2270 ,2140 ,1850 ,1590 ,1080 ,790 ,1000 ,870 ,480 ,260 ,320 ,100 ,60 ,
24,24027,Gatineau,44440,1725067000 ,2950 ,3040 ,3980 ,4320 ,3650 ,2720 ,2630 ,2860 ,2510 ,2660 ,2080 ,2070 ,3020 ,2140 ,1480 ,910 ,1190 ,210 ,50 ,
24,24028,Hochelaga,42720,1422959000 ,4050 ,3710 ,4480 ,5230 ,3860 ,2990 ,2690 ,2560 ,2320 ,1940 ,1580 ,1330 ,1980 ,1410 ,790 ,540 ,890 ,260 ,90 ,
24,24029,Honoré-Mercier,44260,1473796000 ,4350 ,3200 ,4500 ,5370 ,4460 ,3170 ,2810 ,2760 ,2580 ,2120 ,1670 ,1260 ,1930 ,1510 ,850 ,520 ,880 ,260 ,80 ,
24,24030,Hull--Aylmer,41450,1764472000 ,3470 ,2960 ,3590 ,3630 ,2870 ,2220 ,2080 ,2180 ,2050 ,2200 ,1830 ,1710 ,2890 ,2320 ,1790 ,1230 ,1930 ,420 ,110 ,
24,24031,Joliette,44300,1352095000 ,3820 ,3700 ,5310 ,6420 ,4630 ,3320 ,2950 ,2750 ,2330 ,2080 ,1370 ,1030 ,1520 ,1290 ,670 ,340 ,520 ,170 ,90 ,
24,24032,Jonquière,36650,1157252000 ,3120 ,2830 ,4000 ,4850 ,3800 ,2960 ,2640 ,2420 ,1990 ,1730 ,1210 ,940 ,1380 ,1190 ,570 ,280 ,510 ,160 ,70 ,
24,24033,La Pointe-de-l'Île,45010,1495416000 ,3630 ,3500 ,4640 ,5570 ,4280 ,3160 ,3020 ,3020 ,2720 ,2210 ,1810 ,1430 ,2070 ,1570 ,890 ,510 ,790 ,180 ,40 ,
24,24034,La Prairie,44350,1787597000 ,4600 ,2720 ,3630 ,3920 ,3420 ,2700 ,2580 ,2720 ,2650 ,2410 ,2030 ,1620 ,2630 ,2230 ,1370 ,850 ,1610 ,500 ,170 ,
24,24035,Lac-Saint-Jean,43130,1235911000 ,4030 ,3800 ,5430 ,6470 ,4480 ,3440 ,2840 ,2640 ,2160 ,1860 ,1280 ,900 ,1220 ,1190 ,530 ,290 ,370 ,150 ,60 ,
24,24036,Lac-Saint-Louis,45140,2089262000 ,5470 ,2930 ,3340 ,3510 ,3120 ,2510 ,2360 ,2560 ,2290 ,2180 ,1840 ,1640 ,2630 ,2340 ,1550 ,1090 ,2300 ,1050 ,450 ,
24,24037,LaSalle--Émard--Verdun,45540,1494976000 ,4690 ,3790 ,4870 ,5550 ,4110 ,3020 ,2820 ,2650 ,2530 ,2170 ,1690 ,1400 ,2030 ,1460 ,960 ,580 ,910 ,230 ,80 ,
24,24038,Laurentides--Labelle,49690,1655379000 ,3720 ,3810 ,5730 ,6910 ,5090 ,3940 ,3420 ,3180 ,2620 ,2420 ,1600 ,1280 ,1860 ,1490 ,800 ,500 ,810 ,350 ,170 ,
24,24039,Laurier--Sainte-Marie,42930,1604110000 ,5160 ,3740 ,4220 ,4800 ,3030 ,2390 ,2210 ,2210 ,2100 ,1890 ,1670 ,1390 ,2210 ,1790 ,1160 ,720 ,1560 ,500 ,190 ,
24,24040,Laval--Les Îles,43340,1580143000 ,5040 ,3180 ,4520 ,4870 ,3570 ,2660 ,2420 ,2490 ,2210 ,2090 ,1620 ,1320 ,2010 ,1780 ,1060 ,640 ,1240 ,460 ,180 ,
24,24041,Longueuil--Charles-LeMoyne,43860,1339531000 ,4240 ,3620 ,4860 ,5560 ,4320 ,3250 ,3080 ,2900 ,2580 ,2030 ,1560 ,1230 ,1640 ,1160 ,670 ,390 ,560 ,140 ,50 ,
24,24042,Lévis--Lotbinière,45360,1760836000 ,2650 ,2590 ,3920 ,4420 ,3770 ,3170 ,3210 ,3370 ,3280 ,2920 ,2270 ,1760 ,2670 ,2070 ,1180 ,650 ,1050 ,320 ,90 ,
24,24043,Longueuil--Saint-Hubert,46260,1725405000 ,3800 ,3270 ,4330 ,5260 ,4170 ,3060 ,2970 ,3010 ,2680 ,2460 ,1900 ,1550 ,2340 ,1800 ,1100 ,710 ,1260 ,430 ,160 ,
24,24044,Louis-Hébert,45170,2145032000 ,3290 ,2500 ,3030 ,3860 ,3250 ,2600 ,2640 ,2990 ,2760 ,2890 ,2230 ,1830 ,2820 ,2480 ,1530 ,1020 ,2120 ,900 ,450 ,
24,24045,Louis-Saint-Laurent,48950,1926688000 ,2830 ,2520 ,3850 ,4550 ,4050 ,3590 ,3520 ,3650 ,3560 ,3440 ,2520 ,1990 ,3010 ,2320 ,1260 ,730 ,1180 ,300 ,110 ,
24,24046,Manicouagan,36750,1151753000 ,4990 ,2740 ,3740 ,4480 ,3350 ,2540 ,2210 ,2220 ,1870 ,1740 ,1220 ,940 ,1320 ,1100 ,850 ,520 ,720 ,160 ,50 ,
24,24047,Mégantic--L'Érable,36280,1043015000 ,2420 ,2910 ,4930 ,5720 ,4250 ,3040 ,2620 ,2330 ,1950 ,1490 ,1050 ,780 ,1020 ,760 ,350 ,210 ,310 ,110 ,50 ,
24,24048,Mirabel,46050,1602108000 ,3930 ,3070 ,4300 ,4940 ,4160 ,3370 ,3320 ,3200 ,2960 ,2370 ,2000 ,1590 ,2330 ,1890 ,1040 ,530 ,810 ,200 ,60 ,
24,24049,Montarville,40430,1830097000 ,2730 ,2210 ,2880 ,3330 ,2990 ,2530 ,2470 ,2580 ,2430 ,2490 ,1970 ,1570 ,2740 ,2440 ,1530 ,960 ,1830 ,540 ,210 ,
24,24050,Montcalm,42880,1353694000 ,3910 ,3430 ,4660 ,5280 ,4150 ,3260 ,2970 ,2880 ,2610 ,2020 ,1490 ,1180 ,1800 ,1270 ,820 ,390 ,570 ,150 ,50 ,
24,24051,Montmagny--L'Islet--Kamouraska--Rivière-du-Loup,40720,1218851000 ,2850 ,3020 ,4940 ,6360 ,4240 ,3360 ,3010 ,2790 ,2470 ,1830 ,1310 ,890 ,1290 ,1070 ,490 ,250 ,370 ,130 ,60 ,
24,24052,Mount Royal,45050,2004565000 ,6720 ,3580 ,4290 ,5020 ,4090 ,2720 ,2170 ,1970 ,1750 ,1560 ,1230 ,1100 ,1690 ,1490 ,1060 ,770 ,1870 ,1170 ,780 ,
24,24053,Notre-Dame-de-Grâce--Westmount,44320,2384998000 ,6520 ,3260 ,3580 ,4090 ,2910 ,2260 ,2080 ,1940 ,1810 ,1720 ,1450 ,1200 ,2090 ,1930 ,1300 ,1050 ,2500 ,1520 ,1100 ,
24,24054,Outremont,34910,1512533000 ,5690 ,2840 ,3220 ,3580 ,2430 ,1850 ,1580 ,1510 ,1360 ,1300 ,1120 ,990 ,1570 ,1360 ,910 ,640 ,1590 ,840 ,540 ,
24,24055,Papineau,43470,1259167000 ,5950 ,4370 ,5320 ,6000 ,3870 ,2630 ,2290 ,2110 ,1870 ,1640 ,1300 ,1150 ,1660 ,1220 ,730 ,440 ,680 ,190 ,60 ,
24,24056,Pierrefonds--Dollard,45140,1675672000 ,5680 ,3290 ,4170 ,4610 ,3710 ,2950 ,2660 ,2630 ,2300 ,2110 ,1640 ,1400 ,2180 ,1760 ,1110 ,760 ,1470 ,510 ,210 ,
24,24057,Pontiac,44730,1889757000 ,3800 ,3220 ,3960 ,4080 ,2940 ,2380 ,2280 ,2330 ,2200 ,2280 ,1900 ,1910 ,3140 ,2580 ,1910 ,1270 ,2010 ,450 ,100 ,
24,24058,Portneuf--Jacques-Cartier,45690,1785329000 ,2950 ,2700 ,4050 ,4790 ,3770 ,3230 ,3140 ,3190 ,3000 ,2710 ,2130 ,1650 ,2570 ,2070 ,1220 ,790 ,1180 ,380 ,160 ,
24,24059,Québec,41110,1532659000 ,2420 ,2640 ,3820 ,5290 ,3810 ,2970 ,2760 ,2730 ,2590 ,2370 ,1730 ,1450 ,2070 ,1590 ,890 ,540 ,980 ,340 ,130 ,
24,24060,Repentigny,48860,1807025000 ,3580 ,3090 ,4330 ,5040 ,4550 ,3410 ,3360 ,3370 ,3120 ,2850 ,2310 ,1800 ,2540 ,1980 ,1360 ,700 ,1080 ,320 ,90 ,
24,24061,Richmond--Arthabaska,44170,1338560000 ,3100 ,3450 ,5650 ,6490 ,4840 ,3540 ,3070 ,2950 ,2540 ,1970 ,1380 ,1010 ,1480 ,1100 ,550 ,300 ,490 ,180 ,80 ,
24,24062,Rivière-des-Mille-Îles,42710,1592448000 ,3420 ,2820 ,3950 ,4670 ,3890 ,3020 ,2790 ,2760 ,2550 ,2330 ,1720 ,1480 ,2250 ,1850 ,1060 ,650 ,1040 ,340 ,140 ,
24,24063,Rivière-du-Nord,46950,1495458000 ,3630 ,3670 ,5280 ,6280 ,4860 ,3610 ,3280 ,3080 ,2600 ,2260 ,1740 ,1220 ,1810 ,1540 ,790 ,400 ,650 ,180 ,80 ,
24,24064,Rosemont--La Petite-Patrie,45070,1693576000 ,3790 ,3250 ,4130 ,5530 ,3670 ,2820 ,2620 ,2640 ,2440 ,2260 ,1880 ,1600 ,2550 ,2050 ,1230 ,790 ,1350 ,360 ,120 ,
24,24065,Marc-Aurèle-Fortin,41360,1635205000 ,3820 ,2600 ,3510 ,3720 ,3370 ,2580 ,2420 ,2530 ,2540 ,2360 ,1900 ,1560 ,2470 ,2090 ,1290 ,750 ,1400 ,390 ,100 ,
24,24066,Saint-Hyacinthe--Bagot,42600,1341747000 ,3110 ,3260 ,4770 ,5760 ,4320 ,3480 ,3210 ,3020 ,2690 ,2110 ,1480 ,1060 ,1530 ,1100 ,620 ,350 ,490 ,180 ,80 ,
24,24067,Saint-Jean,45830,1575850000 ,3230 ,3270 ,4780 ,5560 ,4570 ,3510 ,3250 ,3130 ,2610 ,2390 ,1810 ,1390 ,2050 ,1560 ,1060 ,510 ,820 ,230 ,100 ,
24,24068,Saint-Laurent,40210,1367911000 ,7310 ,3590 ,4150 ,4570 ,3170 ,2300 ,1900 ,1820 ,1570 ,1440 ,1150 ,980 ,1540 ,1200 ,880 ,580 ,1300 ,510 ,250 ,
24,24069,Saint-Léonard--Saint-Michel,45730,1193836000 ,6970 ,4650 ,5660 ,6220 ,4770 ,3350 ,2650 ,2390 ,1970 ,1520 ,1110 ,870 ,1180 ,850 ,490 ,320 ,530 ,190 ,60 ,
24,24070,Saint-Maurice--Champlain,45430,1313805000 ,3690 ,3790 ,5560 ,7220 ,4990 ,3490 ,2920 ,2820 ,2420 ,2190 ,1410 ,1070 ,1370 ,1140 ,500 ,280 ,380 ,140 ,60 ,
24,24071,Salaberry--Suroît,47590,1472465000 ,4240 ,3900 ,5350 ,6340 ,4990 ,3680 ,3300 ,3050 ,2680 ,2230 ,1550 ,1190 ,1720 ,1380 ,740 ,410 ,570 ,190 ,80 ,
24,24072,Shefford,45980,1481040000 ,3250 ,3490 ,5260 ,6140 ,4900 ,3640 ,3360 ,3160 ,2660 ,2190 ,1660 ,1130 ,1700 ,1340 ,720 ,400 ,670 ,230 ,100 ,
24,24073,Sherbrooke,46980,1526959000 ,4000 ,3730 ,5280 ,6620 ,4590 ,3350 ,2900 ,2940 ,2680 ,2260 ,1620 ,1340 ,1820 ,1510 ,760 ,440 ,770 ,250 ,130 ,
24,24074,Vaudreuil--Soulanges,47710,1949504000 ,4300 ,2800 ,3810 ,4310 ,3870 ,3190 ,3000 ,3040 ,3040 ,2660 ,2150 ,1760 ,2780 ,2430 ,1400 ,900 ,1560 ,540 ,210 ,
24,24075,Terrebonne,44630,1635643000 ,3680 ,2920 ,4180 ,4660 ,3740 ,3110 ,3000 ,3040 ,2900 ,2420 ,1900 ,1540 ,2340 ,1930 ,1250 ,700 ,980 ,280 ,90 ,
24,24076,Trois-Rivières,48530,1551904000 ,3370 ,3780 ,5710 ,7430 ,5110 ,3550 ,3120 ,2940 ,2670 ,2430 ,1700 ,1230 ,1710 ,1390 ,820 ,460 ,770 ,250 ,100 ,
24,24077,Ville-Marie--Le Sud-Ouest--Île-des-Soeurs,51620,2231924000 ,8620 ,4170 ,6330 ,6270 ,2950 ,2120 ,1900 ,1850 ,1800 ,1730 ,1490 ,1290 ,2310 ,1880 ,1320 ,1050 ,2440 ,1330 ,780 ,
24,24078,Vimy,48200,1521791000 ,5630 ,3780 ,5070 ,6250 ,4780 ,3350 ,2990 ,2920 ,2560 ,2140 ,1600 ,1250 ,1910 ,1460 ,830 ,450 ,890 ,260 ,80 ,
TOTAL,,,3372020,119408022000 ,309220 ,249160 ,345480 ,405820 ,308290 ,235810 ,214610 ,209490 ,189210 ,166760 ,126730 ,101490 ,152350 ,123200 ,72960 ,44390 ,77820 ,27300 ,11950 ,
35,35001,Ajax,47760,1870381000 ,6910 ,3130 ,4150 ,4250 ,3220 ,2480 ,2410 ,2310 ,2400 ,2290 ,1930 ,1670 ,2800 ,2110 ,1520 ,1470 ,2080 ,500 ,150 ,
35,35002,Algoma--Manitoulin--Kapuskasing,32420,997832000 ,4060 ,2290 ,3670 ,4410 ,3450 ,2060 ,1930 ,1820 ,1520 ,1400 ,990 ,820 ,1190 ,860 ,590 ,600 ,600 ,130 ,40 ,
35,35003,Aurora--Oak Ridges--Richmond Hill,46170,2004420000 ,7840 ,3510 ,4070 ,3890 ,2710 ,2120 ,1920 ,1860 ,1830 ,1850 ,1500 ,1370 ,2300 ,1920 ,1610 ,1670 ,2790 ,1040 ,380 ,
35,35004,Barrie--Innisfil,43300,1636907000 ,4820 ,2970 ,4170 ,4090 ,3650 ,2780 ,2660 ,2560 ,2340 ,2080 ,1620 ,1380 ,2180 ,1570 ,1200 ,1270 ,1450 ,400 ,120 ,
35,35005,Barrie--Springwater--Oro-Medonte,39160,1535003000 ,3620 ,2740 ,3780 ,3970 ,3530 ,2640 ,2360 ,2260 ,2030 ,1950 ,1330 ,1240 ,1950 ,1480 ,1090 ,1140 ,1420 ,490 ,150 ,
35,35006,Bay of Quinte,46630,1657729000 ,3720 ,2900 ,4860 ,5450 ,4980 ,3430 ,3110 ,3030 ,2650 ,2330 ,1680 ,1450 ,2070 ,1480 ,970 ,940 ,1120 ,370 ,110 ,
35,35007,Beaches--East York,43720,2131932000 ,5290 ,2840 ,3890 ,4130 ,3060 ,2170 ,1990 ,1820 ,1740 ,1730 ,1440 ,1310 ,2300 ,1930 ,1610 ,1640 ,3020 ,1300 ,500 ,
35,35008,Brampton Centre,41160,1259882000 ,6510 ,3200 ,4200 ,4340 ,3410 ,2700 ,2490 ,2390 ,2220 ,1970 ,1520 ,1170 ,1720 ,1160 ,720 ,570 ,660 ,150 ,60 ,
35,35009,Brampton East,50000,1408489000 ,10370 ,4490 ,5920 ,5260 ,3340 ,3030 ,2710 ,2490 ,2220 ,1820 ,1410 ,1160 ,1610 ,1150 ,870 ,820 ,1040 ,250 ,70 ,
35,35010,Brampton North,48340,1553323000 ,8290 ,3890 ,4830 ,4590 ,3620 ,3060 ,2670 ,2560 ,2450 ,2200 ,1720 ,1380 ,2070 ,1450 ,1050 ,970 ,1170 ,290 ,90 ,
35,35011,Brampton South,49870,1531475000 ,9020 ,3970 ,5430 ,5080 ,3880 ,3030 ,2760 ,2600 ,2380 ,2140 ,1600 ,1350 ,1940 ,1400 ,940 ,850 ,1130 ,280 ,90 ,
35,35012,Brampton West,52320,1614553000 ,9920 ,4300 ,5370 ,4880 ,3400 ,2940 ,2780 ,2680 ,2680 ,2360 ,2000 ,1570 ,2340 ,1640 ,1160 ,960 ,1110 ,190 ,40 ,
35,35013,Brantford--Brant,50320,1774504000 ,4690 ,3270 ,5110 ,5580 ,5260 ,3590 ,3220 ,3100 ,2950 ,2510 ,1830 ,1490 ,2150 ,1540 ,1190 ,1080 ,1300 ,340 ,120 ,
35,35014,Bruce--Grey--Owen Sound,43460,1531784000 ,3570 ,2700 ,4620 ,5170 ,4660 ,3160 ,3010 ,2810 ,2450 ,2290 ,1520 ,1210 ,1850 ,1280 ,840 ,840 ,1020 ,340 ,120 ,
35,35015,Burlington,52760,2569912000 ,4160 ,2760 ,3590 ,4200 ,4400 ,3120 ,3000 ,3190 ,2910 ,2980 ,2230 ,1980 ,3280 ,2590 ,1970 ,1820 ,2960 ,1180 ,470 ,
35,35016,Cambridge,50630,1899725000 ,4940 ,3280 ,4980 ,5160 ,4830 ,3410 ,3210 ,3190 ,2890 ,2480 ,2010 ,1600 ,2380 ,1680 ,1230 ,1150 ,1500 ,520 ,190 ,
35,35017,Chatham-Kent--Leamington,44920,1534157000 ,4400 ,3050 ,4760 ,5200 ,4860 ,3280 ,3090 ,2890 ,2440 ,2080 ,1510 ,1180 ,1740 ,1250 ,880 ,870 ,1010 ,320 ,120 ,
35,35018,Davenport,42880,1582426000 ,4800 ,2990 ,4830 ,5270 ,3820 ,2550 ,2300 ,2010 ,1910 ,1710 ,1410 ,1270 ,2060 ,1490 ,1170 ,1020 ,1620 ,520 ,150 ,
35,35019,Don Valley East,40470,1533486000 ,6550 ,2720 ,3750 ,4300 ,3010 ,2350 ,2040 ,2000 ,1830 ,1650 ,1410 ,1180 ,1870 ,1430 ,1060 ,890 ,1580 ,630 ,220 ,
35,35020,Don Valley North,48770,1842608000 ,9270 ,3610 ,4520 ,4870 ,3040 ,2500 ,2320 ,2120 ,1950 ,1880 ,1490 ,1330 ,2270 ,1880 ,1360 ,1130 ,2120 ,770 ,340 ,
35,35021,Don Valley West,41510,2994271000 ,6320 ,2320 ,2690 ,2940 ,2180 ,1700 ,1490 ,1500 ,1480 ,1440 ,1210 ,1150 ,2020 ,1910 ,1580 ,1520 ,3710 ,2570 ,1780 ,
35,35022,Dufferin--Caledon,52330,2281596000 ,5290 ,3450 ,4520 ,4520 ,4130 ,2980 ,2870 ,2830 ,2770 ,2700 ,2130 ,1780 ,3060 ,2230 ,1720 ,1770 ,2430 ,840 ,320 ,
35,35023,Durham,52360,2193708000 ,5580 ,3290 ,4160 ,4220 ,4100 ,3000 ,3050 ,3030 ,2850 ,2810 ,2090 ,1890 ,3110 ,2330 ,1830 ,1980 ,2300 ,580 ,170 ,
35,35024,Eglinton--Lawrence,49390,2979123000 ,5280 ,2950 ,3890 ,4720 ,3840 ,2880 ,2480 ,2270 ,2030 ,1960 ,1630 ,1330 ,2260 ,1800 ,1520 ,1430 ,3330 ,2330 ,1460 ,
35,35025,Elgin--Middlesex--London,46770,1755528000 ,4710 ,3120 ,4460 ,4670 ,4330 ,2990 ,2950 ,2850 ,2670 ,2480 ,1790 ,1490 ,2320 ,1710 ,1180 ,1180 ,1320 ,390 ,170 ,
35,35026,Essex,51550,2215181000 ,4390 ,2940 ,4070 ,4760 ,4420 ,3320 ,3270 ,3220 ,2970 ,2840 ,2100 ,1730 ,2690 ,2150 ,1630 ,1880 ,2220 ,710 ,250 ,
35,35027,Etobicoke Centre,50940,2524001000 ,5390 ,3060 ,3930 ,4390 ,3850 ,2830 ,2630 ,2550 ,2480 ,2360 ,1990 ,1640 ,2900 ,2400 ,1840 ,1770 ,2960 ,1330 ,660 ,
35,35028,Etobicoke--Lakeshore,54540,2818017000 ,5520 ,3170 ,4460 ,4950 ,3760 ,2680 ,2600 ,2650 ,2420 ,2350 ,1990 ,1840 ,3250 ,2730 ,2220 ,1980 ,3630 ,1630 ,710 ,
35,35029,Etobicoke North,47890,1253185000 ,9120 ,4270 ,5840 ,5900 ,4120 ,3140 ,2750 ,2430 ,2070 ,1740 ,1360 ,950 ,1400 ,870 ,570 ,520 ,650 ,150 ,40 ,
35,35030,Flamborough--Glanbrook,42910,1880352000 ,4200 ,2510 ,3340 ,3410 ,3230 ,2480 ,2340 ,2470 ,2500 ,2380 ,1890 ,1630 ,2620 ,1970 ,1610 ,1590 ,1940 ,580 ,220 ,
35,35031,Glengarry--Prescott--Russell,45380,1890200000 ,3060 ,2400 ,4170 ,4950 ,3870 ,2590 ,2530 ,2580 ,2500 ,2510 ,1930 ,1800 ,3030 ,2150 ,1570 ,1500 ,1750 ,360 ,150 ,
35,35032,Guelph,53330,2217268000 ,5160 ,3490 ,4410 ,4620 ,4240 ,3150 ,3070 ,3060 ,3030 ,3040 ,2440 ,2120 ,3040 ,2340 ,1560 ,1570 ,2070 ,700 ,210 ,
35,35033,Haldimand--Norfolk,47750,1629975000 ,5740 ,3200 ,4680 ,5380 ,4730 ,3170 ,3040 ,2900 ,2650 ,2420 ,1670 ,1340 ,1970 ,1420 ,1020 ,910 ,1090 ,290 ,140 ,
35,35034,Haliburton--Kawartha Lakes--Brock,47760,1747217000 ,3790 ,3040 ,4620 ,5360 ,5160 ,3330 ,3220 ,3240 ,2840 ,2550 ,1790 ,1400 ,2010 ,1560 ,1030 ,1030 ,1280 ,380 ,150 ,
35,35035,Hamilton Centre,38760,1214669000 ,4730 ,2980 ,5170 ,5430 ,3880 ,2630 ,2160 ,1800 ,1710 ,1480 ,1130 ,900 ,1400 ,1010 ,650 ,570 ,760 ,270 ,120 ,
35,35036,Hamilton East--Stoney Creek,44740,1496866000 ,4710 ,2970 ,4660 ,5250 ,4690 ,3250 ,2860 ,2730 ,2450 ,2110 ,1590 ,1270 ,1830 ,1290 ,860 ,880 ,1010 ,280 ,70 ,
35,35037,Hamilton Mountain,44160,1486362000 ,4850 ,2950 ,4360 ,4910 ,4360 ,2990 ,2780 ,2600 ,2600 ,2330 ,1760 ,1460 ,2000 ,1280 ,910 ,850 ,910 ,190 ,80 ,
35,35038,Hamilton West--Ancaster--Dundas,46710,2135294000 ,5210 ,2810 ,3660 ,3740 ,3540 ,2530 ,2380 ,2440 ,2410 ,2390 ,1840 ,1600 ,2650 ,2250 ,1700 ,1770 ,2460 ,990 ,350 ,
35,35039,Hastings--Lennox and Addington,39740,1378400000 ,3690 ,2510 ,4170 ,4720 ,4090 ,2730 ,2540 ,2480 ,2190 ,2080 ,1480 ,1190 ,1690 ,1270 ,920 ,790 ,870 ,270 ,70 ,
35,35040,Huron--Bruce,44800,1709709000 ,3800 ,2910 ,4300 ,4590 ,4290 ,3030 ,2970 ,3000 ,2640 ,2630 ,1610 ,1300 ,1960 ,1600 ,1050 ,1000 ,1460 ,510 ,150 ,
35,35041,Kanata--Carleton,44320,2173259000 ,4860 ,2510 ,2950 ,2910 ,2470 ,1930 ,2060 ,2210 ,2210 ,2410 ,1910 ,1790 ,3190 ,2650 ,2160 ,1970 ,3040 ,830 ,280 ,
35,35042,Kenora,22980,712226000 ,5260 ,1600 ,2050 ,2160 ,1590 ,1090 ,1170 ,1100 ,1080 ,1070 ,740 ,640 ,1020 ,710 ,520 ,440 ,570 ,150 ,40 ,
35,35043,King--Vaughan,52670,2395040000 ,7350 ,3560 ,4560 ,4500 ,3500 ,2590 ,2450 ,2370 ,2340 ,2210 ,1930 ,1670 ,2890 ,2390 ,1890 ,1920 ,3000 ,1100 ,450 ,
35,35044,Kingston and the Islands,48070,2048660000 ,3990 ,2870 ,4220 ,4500 ,3950 ,2870 ,2960 ,2750 ,2570 ,2700 ,1870 ,1750 ,2760 ,2150 ,1660 ,1490 ,2060 ,710 ,250 ,
35,35045,Kitchener Centre,42770,1539573000 ,4250 ,2720 ,4190 ,4570 ,4090 ,2940 ,2820 ,2620 ,2460 ,2220 ,1650 ,1370 ,1970 ,1450 ,1010 ,900 ,1110 ,330 ,110 ,
35,35046,Kitchener--Conestoga,40130,1640787000 ,4200 ,2490 ,3280 ,3380 ,2980 ,2420 ,2490 ,2500 ,2350 ,2230 ,1710 ,1520 ,2290 ,1750 ,1270 ,1190 ,1490 ,460 ,160 ,
35,35047,Kitchener South--Hespeler,41530,1576102000 ,4840 ,2730 ,3810 ,3740 ,3480 ,2550 ,2560 ,2590 ,2350 ,2120 ,1770 ,1410 ,2090 ,1500 ,1090 ,1020 ,1330 ,410 ,150 ,
35,35048,Lambton--Kent--Middlesex,43800,1639936000 ,4240 ,2890 ,4200 ,4450 ,4150 ,2940 ,2750 ,2730 ,2570 ,2280 ,1660 ,1380 ,2080 ,1550 ,1070 ,1060 ,1240 ,390 ,180 ,
35,35049,Lanark--Frontenac--Kingston,42360,1706605000 ,3080 ,2390 ,3720 ,4200 ,3730 ,2660 ,2720 ,2790 ,2610 ,2550 ,1720 ,1570 ,2390 ,1820 ,1340 ,1120 ,1440 ,390 ,120 ,
35,35050,Leeds--Grenville--Thousand Islands and Rideau Lakes,42290,1643635000 ,3170 ,2570 ,3760 ,4410 ,3980 ,2920 ,2740 ,2840 ,2640 ,2370 ,1680 ,1490 ,2190 ,1570 ,1160 ,1080 ,1300 ,330 ,120 ,
35,35051,London--Fanshawe,47880,1509950000 ,5340 ,3450 ,5190 ,5240 ,4580 ,3370 ,3170 ,3170 ,3040 ,2530 ,1820 ,1470 ,1940 ,1210 ,850 ,660 ,660 ,160 ,40 ,
35,35052,London North Centre,50710,2086707000 ,6560 ,3410 ,4670 ,4680 ,4040 ,2900 ,2760 ,2650 ,2630 ,2460 ,1910 ,1460 ,2410 ,2060 ,1440 ,1360 ,2040 ,910 ,360 ,
35,35053,London West,53670,2292485000 ,5800 ,3090 ,4390 ,4460 ,4090 ,2960 ,2970 ,2930 ,2990 ,3000 ,2240 ,1910 ,3150 ,2600 ,1920 ,1920 ,2280 ,740 ,260 ,
35,35054,Markham--Stouffville,50340,2213275000 ,6790 ,3310 ,4150 ,4280 ,3220 ,2570 ,2420 ,2360 ,2330 ,2410 ,1880 ,1660 ,2900 ,2410 ,1810 ,1860 ,2800 ,910 ,300 ,
35,35055,Markham--Thornhill,43490,1485348000 ,8040 ,3550 ,5020 ,5060 ,2970 ,2390 ,2090 ,1870 ,1640 ,1590 ,1200 ,1060 ,1600 ,1310 ,990 ,850 ,1490 ,540 ,220 ,
35,35056,Markham--Unionville,51820,2080334000 ,9590 ,3950 ,5200 ,5180 ,2970 ,2400 ,2070 ,1980 ,2000 ,1860 ,1540 ,1430 ,2430 ,1970 ,1630 ,1430 ,2800 ,980 ,410 ,
35,35057,Milton,42200,1816968000 ,6690 ,2680 ,3180 ,2910 ,2500 ,2070 ,2010 ,2040 ,2080 ,2040 ,1790 ,1520 ,2540 ,2000 ,1630 ,1570 ,2050 ,670 ,230 ,
35,35058,Mississauga Centre,52630,1703112000 ,10840 ,3870 ,4930 ,5190 ,3620 ,2880 ,2580 ,2530 ,2370 ,2150 ,1850 ,1480 ,2410 ,1740 ,1240 ,1020 ,1430 ,390 ,120 ,
35,35059,Mississauga East--Cooksville,49920,1667138000 ,7650 ,3520 ,5000 ,5420 ,4130 ,3060 ,2920 ,2610 ,2430 ,2250 ,1720 ,1420 ,2260 ,1590 ,1110 ,960 ,1400 ,410 ,90 ,
35,35060,Mississauga--Erin Mills,50180,1904460000 ,9960 ,3730 ,4390 ,3990 ,2830 ,2290 ,2250 ,2210 ,2190 ,2170 ,1810 ,1520 ,2540 ,2000 ,1580 ,1560 ,2200 ,730 ,220 ,
35,35061,Mississauga--Lakeshore,48440,2484424000 ,5660 ,2900 ,3850 ,4070 ,3380 ,2540 ,2380 ,2350 ,2190 ,2330 ,1830 ,1480 ,2710 ,2200 ,1680 ,1620 ,3050 ,1480 ,740 ,
35,35062,Mississauga--Malton,48600,1464259000 ,9860 ,3990 ,5160 ,5050 ,3430 ,2860 ,2590 ,2260 ,2200 ,1920 ,1540 ,1220 ,1900 ,1330 ,890 ,870 ,1180 ,290 ,80 ,
35,35063,Mississauga--Streetsville,47990,1967449000 ,7320 ,3350 ,3960 ,3850 ,2950 ,2390 ,2240 ,2310 ,2320 ,2400 ,1910 ,1640 ,2770 ,2250 ,1630 ,1490 ,2300 ,690 ,220 ,
35,35064,Nepean,47060,2204821000 ,5140 ,2690 ,3350 ,3330 ,2550 ,2190 ,2130 ,2330 ,2320 ,2590 ,2080 ,2040 ,3380 ,2880 ,2360 ,2020 ,2870 ,650 ,190 ,
35,35065,Newmarket--Aurora,49610,2136200000 ,6110 ,3390 ,4220 ,4160 ,3520 ,2670 ,2470 ,2570 ,2380 ,2290 ,1890 ,1660 ,2760 ,2190 ,1760 ,1840 ,2620 ,860 ,260 ,
35,35066,Niagara Centre,46830,1554545000 ,4460 ,3180 ,5120 ,5590 ,5310 ,3450 ,3060 ,2920 ,2460 ,2320 ,1610 ,1250 ,1750 ,1280 ,860 ,880 ,980 ,270 ,90 ,
35,35067,Niagara Falls,58380,2043465000 ,5120 ,4010 ,5930 ,6980 ,6250 ,4380 ,4000 ,3700 ,3210 ,2900 ,1990 ,1540 ,2240 ,1680 ,1220 ,1160 ,1410 ,460 ,200 ,
35,35068,Niagara West,36550,1570159000 ,3120 ,2200 ,2910 ,3290 ,3290 ,2200 ,2200 ,2230 ,2130 ,2040 ,1420 ,1260 ,2010 ,1570 ,1170 ,1210 ,1590 ,530 ,190 ,
35,35069,Nickel Belt,38300,1433666000 ,3230 ,2420 ,3650 ,4180 ,3550 ,2430 ,2380 ,2390 ,2100 ,2130 ,1600 ,1340 ,1980 ,1380 ,1080 ,1090 ,1030 ,260 ,80 ,
35,35070,Nipissing--Timiskaming,38390,1383662000 ,3260 ,2580 ,4090 ,4590 ,3700 ,2510 ,2380 ,2200 ,2100 ,1970 ,1410 ,1140 ,1750 ,1360 ,960 ,950 ,1110 ,280 ,80 ,
35,35071,Northumberland--Peterborough South,48650,1870723000 ,4050 ,2870 ,4400 ,5110 ,4950 ,3460 ,3200 ,3220 ,2890 ,2570 ,1800 ,1520 ,2300 ,1720 ,1220 ,1180 ,1550 ,460 ,180 ,
35,35072,Oakville,50410,2900728000 ,6040 ,3020 ,3550 ,3670 ,3270 ,2420 ,2360 ,2310 ,2330 ,2320 ,1710 ,1550 ,2800 ,2450 ,1940 ,1760 ,3790 ,2050 ,1060 ,
35,35073,Oakville North--Burlington,50770,2571531000 ,7030 ,3330 ,3520 ,3240 ,2830 ,2170 ,2100 ,2140 ,2180 ,2280 ,1870 ,1810 ,3060 ,2720 ,2310 ,2350 ,3770 ,1540 ,530 ,
35,35074,Oshawa,51860,1802511000 ,5130 ,3640 ,5420 ,5720 ,5090 ,3610 ,3230 ,3130 ,2910 ,2560 ,1950 ,1520 ,2450 ,1660 ,1120 ,1020 ,1330 ,290 ,90 ,
35,35075,Ottawa Centre,46480,2716748000 ,3750 ,2360 ,3480 ,3550 ,2440 ,1920 ,1820 ,1870 ,1880 ,2090 ,1780 ,1790 ,3150 ,2950 ,2460 ,2180 ,4640 ,1770 ,600 ,
35,35076,Orléans,52340,2632160000 ,4160 ,2450 ,3280 ,3250 ,2750 ,2380 ,2380 ,2580 ,2800 ,3360 ,2520 ,2510 ,4410 ,3590 ,3020 ,2510 ,3470 ,750 ,180 ,
35,35077,Ottawa South,49040,2119519000 ,6420 ,3310 ,4470 ,4410 ,3030 ,2440 ,2210 ,2270 ,2210 ,2280 ,1840 ,1680 ,2820 ,2410 ,1840 ,1600 ,2690 ,870 ,260 ,
35,35078,Ottawa--Vanier,46320,2099947000 ,4550 ,3020 ,4380 ,4540 ,3190 ,2330 ,2120 ,2200 ,2140 ,2210 ,1710 ,1640 ,2720 ,2220 ,1780 ,1490 ,2840 ,920 ,320 ,
35,35079,Ottawa West--Nepean,46440,2032480000 ,4800 ,2870 ,3900 ,4070 ,3350 ,2530 ,2430 ,2410 ,2370 ,2460 ,1920 ,1600 ,2750 ,2240 ,1850 ,1510 ,2470 ,720 ,210 ,
35,35080,Oxford,47100,1771791000 ,3860 ,3040 ,4350 ,4910 ,4700 ,3130 ,2990 ,3010 ,2910 ,2630 ,2040 ,1580 ,2350 ,1640 ,1090 ,1150 ,1220 ,340 ,180 ,
35,35081,Parkdale--High Park,42510,2226074000 ,4110 ,2660 ,3490 ,4030 ,2960 ,2230 ,1960 ,1860 ,1800 ,1720 ,1510 ,1350 ,2380 ,2060 ,1590 ,1640 ,3090 ,1460 ,610 ,
35,35082,Parry Sound--Muskoka,39160,1442898000 ,3260 ,2550 ,3970 ,4450 ,4000 ,2820 ,2570 ,2550 ,2260 ,2080 ,1420 ,1060 ,1710 ,1260 ,850 ,750 ,1060 ,390 ,160 ,
35,35083,Perth--Wellington,41290,1541321000 ,3370 ,2590 ,3890 ,4180 ,4020 ,2940 ,2870 ,2820 ,2550 ,2430 ,1660 ,1320 ,1950 ,1340 ,920 ,900 ,1070 ,340 ,150 ,
35,35084,Peterborough--Kawartha,49840,1882528000 ,4060 ,2960 ,4950 ,5660 ,5100 ,3390 ,3130 ,3180 ,2780 ,2600 ,1790 ,1530 ,2390 ,1730 ,1260 ,1240 ,1510 ,470 ,140 ,
35,35085,Pickering--Uxbridge,46860,2131011000 ,5260 ,2830 ,3580 ,3830 ,3270 ,2380 ,2390 ,2470 ,2520 ,2380 ,1920 ,1740 ,2850 ,2290 ,1730 ,1720 ,2510 ,850 ,320 ,
35,35086,Renfrew--Nipissing--Pembroke,42220,1510780000 ,3710 ,2800 ,4230 ,4870 ,4050 ,2860 ,2680 ,2610 ,2370 ,2300 ,1540 ,1320 ,2040 ,1510 ,990 ,890 ,1100 ,280 ,90 ,
35,35087,Richmond Hill,49560,2018375000 ,8510 ,3480 ,5010 ,4890 ,3290 ,2360 ,2210 ,2090 ,2010 ,1890 ,1530 ,1340 ,2320 ,1900 ,1510 ,1350 ,2540 ,920 ,420 ,
35,35088,Carleton,41290,2194338000 ,3560 ,2060 ,2490 ,2530 ,2240 ,1860 ,1890 ,1930 ,2000 ,2330 ,1810 ,1690 ,3190 ,2750 ,2270 ,2150 ,3340 ,910 ,270 ,
35,35089,St. Catharines,47950,1666498000 ,4240 ,3020 ,4880 ,5730 ,5330 ,3640 ,3310 ,3030 ,2650 ,2330 ,1700 ,1350 ,1970 ,1340 ,870 ,920 ,1150 ,350 ,130 ,
35,35090,Toronto--St. Paul's,47070,3263767000 ,4530 ,2410 ,3210 ,4020 ,3000 ,2290 ,2010 ,2010 ,2020 ,1960 ,1770 ,1550 ,2690 ,2280 ,1890 ,1700 ,3770 ,2330 ,1670 ,
35,35091,Sarnia--Lambton,43680,1684308000 ,3830 ,2760 ,3960 ,4470 ,4170 ,3060 ,2880 ,2860 ,2580 ,2550 ,1560 ,1320 ,1980 ,1560 ,1090 ,1040 ,1340 ,500 ,180 ,
35,35092,Sault Ste. Marie,34080,1200533000 ,2840 ,2230 ,3520 ,4140 ,3800 ,2220 ,2160 ,2170 ,1840 ,1600 ,1210 ,950 ,1510 ,1210 ,800 ,770 ,850 ,210 ,70 ,
35,35093,Scarborough--Agincourt,47660,1395339000 ,8410 ,3930 ,5580 ,6450 ,3820 ,2840 ,2360 ,2240 ,1910 ,1680 ,1380 ,1100 ,1760 ,1220 ,860 ,730 ,1040 ,290 ,80 ,
35,35094,Scarborough Centre,44940,1290361000 ,8030 ,3460 ,5000 ,5390 ,3830 ,2850 ,2480 ,2320 ,2040 ,1880 ,1390 ,1140 ,1700 ,1060 ,750 ,660 ,780 ,160 ,50 ,
35,35095,Scarborough--Guildwood,40880,1182773000 ,7990 ,3340 ,4470 ,4800 ,3260 ,2510 ,2130 ,1880 ,1810 ,1580 ,1230 ,950 ,1430 ,990 ,720 ,690 ,810 ,230 ,60 ,
35,35096,Scarborough North,42050,1105010000 ,8410 ,3780 ,5480 ,5520 ,3150 ,2560 ,2020 ,1890 ,1640 ,1420 ,1090 ,870 ,1360 ,850 ,630 ,520 ,650 ,170 ,50 ,
35,35097,Scarborough--Rouge Park,44380,1532100000 ,6880 ,3270 ,4570 ,4710 ,3250 ,2550 ,2200 ,2240 ,2160 ,1940 ,1590 ,1370 ,2180 ,1490 ,1100 ,1040 ,1370 ,370 ,110 ,
35,35098,Scarborough Southwest,45220,1530361000 ,7280 ,3600 ,4890 ,5030 ,3680 ,2630 ,2270 ,2050 ,1960 ,1800 ,1470 ,1280 ,1960 ,1380 ,990 ,930 ,1410 ,440 ,180 ,
35,35099,Simcoe--Grey,54410,2162230000 ,4700 ,3380 ,4740 ,5440 ,5170 ,3790 ,3480 ,3450 ,3160 ,2970 ,2110 ,1750 ,2810 ,2040 ,1430 ,1340 ,1810 ,620 ,240 ,
35,35100,Simcoe North,48880,1785244000 ,4160 ,3170 ,5010 ,5430 ,4940 ,3310 ,3160 ,2970 ,2780 ,2580 ,1780 ,1550 ,2290 ,1570 ,1150 ,1130 ,1370 ,400 ,130 ,
35,35101,Spadina--Fort York,44370,2580268000 ,4830 ,2380 ,3070 ,3300 ,2210 ,1780 ,1600 ,1630 ,1730 ,1820 ,1700 ,1670 ,3230 ,2910 ,2280 ,1870 ,4030 ,1620 ,700 ,
35,35102,Stormont--Dundas--South Glengarry,43340,1484903000 ,4200 ,2720 ,4610 ,5260 ,4420 ,2950 ,2850 ,2750 ,2420 ,2110 ,1500 ,1260 ,1960 ,1280 ,860 ,920 ,950 ,240 ,100 ,
35,35103,Sudbury,38410,1505274000 ,2960 ,2500 ,3710 ,4080 ,3760 ,2460 ,2420 ,2240 ,1990 ,1990 ,1520 ,1320 ,2010 ,1500 ,1080 ,1050 ,1290 ,420 ,130 ,
35,35104,Thornhill,49490,2238943000 ,6970 ,3440 ,4390 ,4540 ,3360 ,2530 ,2250 ,2150 ,2140 ,2030 ,1690 ,1520 ,2610 ,2110 ,1620 ,1700 ,2870 ,1110 ,490 ,
35,35105,Thunder Bay--Rainy River,33400,1206249000 ,3360 ,2190 ,3010 ,3480 ,3070 ,2120 ,2070 ,2140 ,2080 ,1900 ,1400 ,1140 ,1560 ,1180 ,840 ,750 ,850 ,210 ,70 ,
35,35106,Thunder Bay--Superior North,34010,1300509000 ,3280 ,2200 ,3200 ,3370 ,3060 ,2140 ,2040 ,2010 ,1930 ,1860 ,1300 ,1180 ,1760 ,1280 ,1010 ,860 ,1150 ,300 ,90 ,
35,35107,Timmins--James Bay,31890,1064695000 ,4110 ,2210 ,3440 ,3710 ,2960 ,2010 ,1940 ,1740 ,1510 ,1490 ,1080 ,940 ,1340 ,940 ,690 ,730 ,840 ,170 ,60 ,
35,35108,Toronto Centre,38760,1666462000 ,6740 ,2970 ,3800 ,3800 ,2310 ,1810 ,1460 ,1430 ,1500 ,1330 ,1170 ,1100 ,1910 ,1630 ,1270 ,1120 ,2120 ,920 ,390 ,
35,35109,Toronto--Danforth,41570,2096001000 ,4250 ,2740 ,3880 ,4320 ,2920 ,1940 ,1740 ,1650 ,1580 ,1500 ,1410 ,1240 ,2190 ,1930 ,1630 ,1600 ,3180 ,1410 ,490 ,
35,35110,University--Rosedale,47840,3034186000 ,6230 ,2960 ,5130 ,5300 ,3210 ,2100 ,1750 ,1580 ,1510 ,1490 ,1330 ,1180 ,2170 ,1960 ,1530 ,1320 ,3220 ,2280 ,1610 ,
35,35111,Vaughan--Woodbridge,43470,1855173000 ,4760 ,2690 ,4000 ,4250 ,3640 ,2510 ,2270 ,2090 ,2000 ,1970 ,1700 ,1430 ,2410 ,1810 ,1340 ,1630 ,2020 ,680 ,270 ,
35,35112,Waterloo,44580,1947920000 ,6720 ,2890 ,3390 ,3340 ,3090 ,2330 ,2180 ,2250 ,2110 ,2030 ,1610 ,1420 ,2530 ,2020 ,1540 ,1570 ,2300 ,930 ,340 ,
35,35113,Wellington--Halton Hills,47840,2273886000 ,4120 ,2920 ,3610 ,3740 ,3580 ,2680 ,2700 ,2620 ,2600 ,2670 ,2070 ,1830 ,2970 ,2280 ,1730 ,1880 ,2480 ,960 ,390 ,
35,35114,Whitby,50630,2315000000 ,5720 ,3140 ,3950 ,3860 ,3430 ,2530 ,2550 ,2500 ,2590 ,2520 ,1960 ,1800 ,3140 ,2620 ,1980 ,2240 ,2940 ,880 ,260 ,
35,35115,Willowdale,53840,2079315000 ,11800 ,4090 ,4910 ,4970 ,3280 ,2530 ,2310 ,2020 ,1920 ,1850 ,1560 ,1310 ,2400 ,1990 ,1480 ,1360 ,2630 ,1070 ,370 ,
35,35116,Windsor--Tecumseh,48810,1780462000 ,4900 ,3110 ,4740 ,5210 ,4450 ,3300 ,3180 ,3090 ,2870 ,2570 ,1830 ,1430 ,2220 ,1530 ,1250 ,1190 ,1420 ,400 ,120 ,
35,35117,Windsor West,49000,1494925000 ,8520 ,3870 ,5440 ,5610 ,4250 ,3020 ,2690 ,2470 ,2240 ,1980 ,1460 ,1080 ,1660 ,1210 ,900 ,960 ,1210 ,340 ,80 ,
35,35118,York Centre,46250,1648056000 ,5980 ,3280 ,5020 ,5810 ,4410 ,3230 ,2760 ,2430 ,2110 ,1900 ,1420 ,1110 ,1720 ,1250 ,860 ,820 ,1350 ,530 ,250 ,
35,35119,York--Simcoe,41570,1618172000 ,4530 ,2830 ,3860 ,3940 ,3400 ,2540 ,2440 ,2350 ,2310 ,2130 ,1670 ,1380 ,2170 ,1630 ,1190 ,1180 ,1490 ,400 ,160 ,
35,35120,York South--Weston,48350,1393265000 ,6430 ,4090 ,6000 ,6630 ,4700 ,3470 ,2940 ,2390 ,2270 ,1890 ,1410 ,1090 ,1630 ,1010 ,710 ,620 ,840 ,190 ,60 ,
35,35121,Humber River--Black Creek,45640,1087810000 ,8140 ,4320 ,6170 ,6350 ,4460 ,3220 ,2710 ,2250 ,1840 ,1410 ,1060 ,780 ,1040 ,640 ,420 ,340 ,390 ,80 ,20 ,
TOTAL,,,5538640,222285162000 ,674470 ,370220 ,518100 ,550660 ,449570 ,327870 ,305560 ,295910 ,278070 ,262960 ,201600 ,171820 ,275410 ,212170 ,159150 ,151210 ,222560 ,79180 ,32160 ,
46,46001,Brandon--Souris,35270,1264832000 ,3260 ,2760 ,3010 ,3570 ,3210 ,2700 ,2600 ,2550 ,2140 ,1810 ,1290 ,940 ,1560 ,1150 ,1010 ,590 ,760 ,270 ,120 ,
46,46002,Charleswood--St. James--Assiniboia--Headingley,34440,1495320000 ,2400 ,1690 ,2320 ,2680 ,2770 ,2450 ,2450 ,2490 ,2260 ,2220 ,1610 ,1410 ,2200 ,1540 ,1320 ,890 ,1220 ,370 ,150 ,
46,46003,Churchill--Keewatinook Aski,27950,552492000 ,13830 ,1490 ,1640 ,2100 ,1330 ,1000 ,950 ,730 ,660 ,660 ,480 ,420 ,600 ,520 ,420 ,400 ,590 ,100 ,20 ,
46,46004,Dauphin--Swan River--Neepawa,33060,1043883000 ,4490 ,2090 ,3140 ,4240 ,3280 ,2460 ,2260 ,2070 ,1620 ,1500 ,1010 ,790 ,1220 ,860 ,730 ,490 ,580 ,160 ,80 ,
46,46005,Elmwood--Transcona,37150,1265613000 ,3590 ,2370 ,3140 ,3470 ,3430 ,2970 ,2930 ,2890 ,2440 ,2030 ,1540 ,1270 ,1740 ,1220 ,820 ,530 ,650 ,120 ,20 ,
46,46006,Kildonan--St. Paul,35840,1434810000 ,2980 ,1940 ,2660 ,3230 ,3360 ,2680 ,2550 ,2570 ,2250 ,1960 ,1520 ,1320 ,1940 ,1350 ,1110 ,840 ,1110 ,350 ,140 ,
46,46007,Portage--Lisgar,35300,1132561000 ,4710 ,3120 ,3610 ,3690 ,3290 ,2630 ,2470 ,2150 ,1710 ,1530 ,990 ,810 ,1310 ,970 ,800 ,500 ,690 ,250 ,110 ,
46,46008,Provencher,37950,1268599000 ,4940 ,2820 ,3500 ,3810 ,3270 ,2870 ,2660 ,2440 ,1990 ,1720 ,1290 ,1130 ,1610 ,1180 ,970 ,580 ,850 ,220 ,80 ,
46,46009,Saint Boniface--Saint Vital,37380,1563219000 ,3410 ,2090 ,2660 ,3230 ,3090 ,2600 ,2480 ,2530 ,2250 ,2090 ,1680 ,1320 ,2200 ,1560 ,1380 ,840 ,1440 ,390 ,150 ,
46,46010,Selkirk--Interlake--Eastman,38120,1333306000 ,4320 ,2470 ,3190 ,3910 ,3560 ,2890 ,2810 ,2570 ,2100 ,1960 ,1330 ,1110 ,1790 ,1220 ,1000 ,680 ,950 ,190 ,80 ,
46,46011,Winnipeg Centre,34460,980062000 ,4820 ,3050 ,3950 ,4550 ,3290 ,2620 ,2250 ,2030 ,1680 ,1290 ,990 ,690 ,1070 ,670 ,500 ,340 ,470 ,150 ,60 ,
46,46012,Winnipeg North,37480,1053453000 ,5280 ,3020 ,3900 ,4410 ,3590 ,3050 ,2780 ,2490 ,2090 ,1700 ,1100 ,860 ,1100 ,710 ,510 ,370 ,430 ,80 ,20 ,
46,46013,Winnipeg South,40970,1644419000 ,6270 ,2700 ,2870 ,2950 ,2790 ,2340 ,2350 ,2240 ,2150 ,2130 ,1580 ,1410 ,2280 ,1780 ,1620 ,1140 ,1770 ,450 ,160 ,
46,46014,Winnipeg South Centre,38940,1955080000 ,3450 ,2070 ,2510 ,2980 ,2910 ,2420 ,2330 ,2280 ,2170 ,2050 ,1680 ,1450 ,2420 ,1970 ,1540 ,1220 ,2150 ,930 ,450 ,
TOTAL,,,504310,17987649000 ,67740 ,33690 ,42090 ,48820 ,43160 ,35660 ,33850 ,32040 ,27490 ,24660 ,18060 ,14920 ,23010 ,16690 ,13720 ,9410 ,13670 ,4020 ,1640 ,
47,47001,Battlefords--Lloydminster,27850,958442000 ,4670 ,1770 ,2110 ,2620 ,2230 ,1890 ,1700 ,1720 ,1510 ,1330 ,1040 ,800 ,1270 ,880 ,740 ,510 ,780 ,210 ,80 ,
47,47002,Cypress Hills--Grasslands,27540,1066025000 ,2030 ,1590 ,2540 ,3030 ,2500 ,2080 ,1910 ,1870 ,1690 ,1480 ,1090 ,860 ,1310 ,940 ,760 ,560 ,890 ,300 ,110 ,
47,47003,Desnethé--Missinippi--Churchill River,24360,558327000 ,9200 ,1760 ,1930 ,2390 ,1430 ,1020 ,890 ,880 ,720 ,680 ,520 ,390 ,670 ,500 ,420 ,340 ,460 ,110 ,30 ,
47,47004,Carlton Trail--Eagle Creek,29170,1070083000 ,3370 ,1850 ,2540 ,2850 ,2390 ,2030 ,1860 ,1830 ,1680 ,1580 ,1180 ,910 ,1460 ,1080 ,850 ,530 ,880 ,230 ,70 ,
47,47005,Moose Jaw--Lake Centre--Lanigan,30530,1201232000 ,2750 ,1780 ,2400 ,3050 ,2860 ,2220 ,2100 ,1950 ,1740 ,1650 ,1250 ,1000 ,1530 ,1160 ,870 ,710 ,1120 ,310 ,110 ,
47,47006,Prince Albert,33250,1178793000 ,4070 ,2250 ,2800 ,3730 ,3010 ,2340 ,1980 ,1990 ,1760 ,1540 ,1200 ,1000 ,1470 ,1190 ,990 ,620 ,980 ,270 ,70 ,
47,47007,Regina--Lewvan,37250,1764883000 ,3170 ,1730 ,2110 ,2610 ,2500 ,2240 ,2190 ,2200 ,2310 ,2210 ,1860 ,1590 ,2660 ,2070 ,1710 ,1270 ,2100 ,590 ,170 ,
47,47008,Regina--Qu'Appelle,28600,1040752000 ,3650 ,1640 ,2150 ,3090 ,2690 ,1950 ,1690 ,1720 ,1570 ,1490 ,1150 ,950 ,1340 ,990 ,790 ,570 ,870 ,240 ,80 ,
47,47009,Regina--Wascana,34200,1583247000 ,3310 ,1740 ,2090 ,3040 ,2730 ,2180 ,1840 ,1940 ,1750 ,1830 ,1430 ,1260 ,2020 ,1700 ,1410 ,1100 ,1970 ,630 ,230 ,
47,47010,Saskatoon--Grasswood,35160,1612178000 ,3300 ,1830 ,2190 ,2820 ,2650 ,2220 ,2080 ,2080 ,1980 ,1980 ,1460 ,1330 ,2280 ,1760 ,1420 ,1080 ,1850 ,640 ,200 ,
47,47011,Saskatoon--University,32440,1504606000 ,3570 ,1920 ,2090 ,2420 ,2180 ,1890 ,1860 ,1860 ,1730 ,1700 ,1400 ,1170 ,2090 ,1580 ,1320 ,990 ,1750 ,700 ,240 ,
47,47012,Saskatoon West,33820,1172131000 ,3840 ,2200 ,2830 ,3770 ,3370 ,2520 ,2280 ,2110 ,1980 ,1700 ,1340 ,1010 ,1520 ,1060 ,760 ,510 ,740 ,200 ,80 ,
47,47013,Souris--Moose Mountain,29250,1128594000 ,3260 ,1830 ,2190 ,2790 ,2430 ,2220 ,1950 ,1800 ,1680 ,1570 ,1240 ,970 ,1400 ,1000 ,860 ,640 ,1040 ,290 ,100 ,
47,47014,Yorkton--Melville,27830,951598000 ,2930 ,1680 ,2530 ,3660 ,2750 ,2150 ,1750 ,1740 ,1530 ,1380 ,950 ,740 ,1100 ,820 ,670 ,460 ,780 ,190 ,50 ,
TOTAL,,,431240,16790891000 ,53110 ,25560 ,32490 ,41860 ,35710 ,28940 ,26080 ,25690 ,23620 ,22110 ,17100 ,13990 ,22120 ,16720 ,13560 ,9870 ,16200 ,4890 ,1620 ,
48,48001,Banff--Airdrie,53850,2522513000 ,6390 ,3130 ,3290 ,3520 ,3820 ,3470 ,3120 ,3040 ,2730 ,2820 ,2350 ,2040 ,3280 ,2460 ,1860 ,1720 ,3180 ,1170 ,450 ,
48,48002,Battle River--Crowfoot,48040,1784246000 ,4890 ,3100 ,4240 ,4320 ,5260 ,3890 ,3020 ,2960 ,2480 ,2340 ,1830 ,1510 ,2330 ,1530 ,1140 ,1050 ,1560 ,440 ,180 ,
48,48003,Bow River,43390,1647923000 ,6350 ,2930 ,3870 ,3510 ,3720 ,2970 ,2410 ,2350 ,2140 ,2090 ,1570 ,1330 ,2080 ,1470 ,1080 ,960 ,1730 ,600 ,220 ,
48,48004,Calgary Centre,46870,3053116000 ,4640 ,2230 ,2500 ,3100 ,3910 ,2680 ,2120 ,2090 ,1950 ,1870 ,1750 ,1510 ,2790 ,2420 ,1910 ,1710 ,4110 ,2310 ,1300 ,
48,48005,Calgary Confederation,46820,2625820000 ,5120 ,2490 ,2670 ,2940 ,3940 ,2770 ,2210 ,2200 ,1950 ,2080 ,1680 ,1590 ,2710 ,2240 ,1800 ,1660 ,3970 ,1990 ,820 ,
48,48006,Calgary Forest Lawn,41940,1264949000 ,6500 ,3110 ,3680 ,4060 ,4610 ,3340 ,2770 ,2410 ,2200 ,1910 ,1400 ,1150 ,1670 ,1040 ,690 ,450 ,730 ,170 ,40 ,
48,48007,Calgary Heritage,45210,2241818000 ,5520 ,2490 ,2700 ,2940 ,3250 ,2910 ,2440 ,2440 ,2210 ,2200 ,1810 ,1640 ,2780 ,2160 ,1680 ,1440 ,2930 ,1200 ,490 ,
48,48008,Calgary Midnapore,49520,2333259000 ,5740 ,2930 ,3220 ,3240 ,3720 ,3150 ,2710 ,2630 ,2550 ,2540 ,2030 ,1790 ,3040 ,2350 ,1690 ,1570 ,3110 ,1160 ,370 ,
48,48009,Calgary Nose Hill,45690,1990456000 ,6190 ,2910 ,3320 ,3470 ,3450 ,2880 ,2430 ,2330 ,2110 ,2160 ,1740 ,1410 ,2590 ,1990 ,1490 ,1360 ,2720 ,880 ,270 ,
48,48010,Calgary Rocky Ridge,51120,2491169000 ,7240 ,2990 ,3050 ,3060 ,3050 ,2610 ,2470 ,2350 ,2370 ,2320 ,2040 ,1850 ,3180 ,2690 ,2110 ,1980 ,4160 ,1240 ,360 ,
48,48011,Calgary Shepard,54530,2567087000 ,6550 ,3070 ,3370 ,3430 ,3580 ,3230 ,2880 ,2820 ,2760 ,2760 ,2470 ,2220 ,3610 ,2790 ,2210 ,1900 ,3520 ,1040 ,320 ,
48,48012,Calgary Signal Hill,47130,2683607000 ,5730 ,2610 ,2810 ,2900 ,3270 ,2580 ,2220 ,2130 ,1970 ,2040 ,1700 ,1510 ,2600 ,2210 ,1870 ,1660 ,4380 ,2100 ,860 ,
48,48013,Calgary Skyview,51380,1566750000 ,9930 ,3780 ,4350 ,4430 ,4480 ,3690 ,3100 ,2790 ,2500 ,2300 ,1870 ,1490 ,2110 ,1470 ,970 ,710 ,1150 ,230 ,50 ,
48,48014,Edmonton Centre,42340,1993562000 ,4210 ,2420 ,2760 ,3480 ,4140 ,3030 ,2290 ,2210 ,1980 ,2030 ,1680 ,1460 ,2360 ,1900 ,1400 ,1150 ,2480 ,960 ,400 ,
48,48015,Edmonton Griesbach,43280,1419835000 ,5390 ,2890 ,3690 ,4660 ,5470 ,3590 ,2570 ,2220 ,2000 ,1810 ,1510 ,1280 ,2000 ,1360 ,860 ,660 ,1050 ,220 ,60 ,
48,48016,Edmonton Manning,46890,1762076000 ,6010 ,2840 ,3560 ,3780 ,4180 ,3130 ,2620 ,2550 ,2480 ,2400 ,2160 ,1850 ,2860 ,2060 ,1310 ,1080 ,1670 ,310 ,50 ,
48,48017,Edmonton Mill Woods,45420,1573608000 ,6700 ,3090 ,3590 ,3780 ,3940 ,3310 ,2890 ,2550 ,2310 ,2260 ,1870 ,1560 ,2390 ,1590 ,1100 ,840 ,1350 ,230 ,60 ,
48,48018,Edmonton Riverbend,47690,2475320000 ,5820 ,2660 ,2880 ,2950 ,3100 ,2650 ,2330 ,2220 ,2090 ,2340 ,1940 ,1730 ,2960 ,2510 ,1900 ,1770 ,3870 ,1450 ,520 ,
48,48019,Edmonton Strathcona,40120,1911357000 ,4280 ,2200 ,2570 ,2880 ,3740 ,2630 ,2080 ,1940 ,1830 ,1830 ,1610 ,1360 ,2450 ,1910 ,1470 ,1340 ,2720 ,960 ,330 ,
48,48020,Edmonton West,48010,2097273000 ,5240 ,2720 ,3190 ,3520 ,4030 ,3330 ,2780 ,2620 ,2640 ,2560 ,2130 ,1920 ,3010 ,2130 ,1470 ,1370 ,2410 ,700 ,250 ,
48,48021,Edmonton--Wetaskiwin,61980,2488177000 ,9430 ,3710 ,3980 ,4380 ,4780 ,4030 ,3520 ,3270 ,3130 ,2920 ,2480 ,2240 ,3730 ,2690 ,2060 ,1790 ,2960 ,720 ,190 ,
48,48022,Foothills,42090,1904252000 ,5020 ,2700 ,3240 ,3140 ,3800 ,3030 ,2600 ,2400 ,2030 ,1900 ,1550 ,1280 ,2010 ,1530 ,1110 ,1080 ,2190 ,980 ,500 ,
48,48023,Fort McMurray--Cold Lake,37340,1744132000 ,7060 ,2180 ,2120 ,2240 ,2280 ,1990 ,1780 ,1570 ,1540 ,1470 ,1300 ,1210 ,2070 ,1600 ,1270 ,1130 ,2790 ,1530 ,200 ,
48,48024,Grande Prairie--Mackenzie,43200,1695725000 ,5990 ,2840 ,3160 ,3380 ,3760 ,3000 ,2520 ,2470 ,2130 ,2070 ,1690 ,1430 ,2260 ,1670 ,1190 ,1100 ,1910 ,460 ,170 ,
48,48025,Lakeland,43120,1588072000 ,6220 ,2680 ,3350 ,3650 ,4360 ,3150 ,2590 ,2330 ,2130 ,1930 ,1580 ,1430 ,2060 ,1460 ,1080 ,960 ,1560 ,450 ,150 ,
48,48026,Lethbridge,45470,1774507000 ,4770 ,2820 ,3530 ,3780 ,4670 ,3490 ,2960 ,2710 ,2450 ,2350 ,1820 ,1580 ,2250 ,1710 ,1140 ,1040 ,1750 ,480 ,190 ,
48,48027,Medicine Hat--Cardston--Warner,42570,1483515000 ,5450 ,2910 ,3870 ,3950 ,4720 ,3350 ,2560 ,2520 ,2060 ,2060 ,1420 ,1150 ,1750 ,1250 ,900 ,850 ,1320 ,350 ,140 ,
48,48028,Peace River--Westlock,39450,1314906000 ,7510 ,2780 ,3170 ,3400 ,3880 ,2650 ,2140 ,1960 ,1710 ,1550 ,1270 ,1090 ,1680 ,1220 ,870 ,840 ,1290 ,330 ,120 ,
48,48029,Red Deer--Mountain View,43450,1786256000 ,4510 ,2650 ,3140 ,3400 ,4130 ,3240 ,2800 ,2630 ,2260 ,2200 ,1780 ,1530 ,2400 ,1710 ,1250 ,1130 ,1890 ,620 ,190 ,
48,48030,Red Deer--Lacombe,46360,1760666000 ,5560 ,3060 ,3500 ,4060 ,4420 ,3360 ,3080 ,2780 ,2530 ,2300 ,1790 ,1510 ,2340 ,1650 ,1160 ,1010 ,1640 ,440 ,180 ,
48,48031,St. Albert--Edmonton,47420,2185661000 ,5050 ,2480 ,2930 ,3070 ,3500 ,2940 ,2530 ,2580 ,2500 ,2550 ,2230 ,1920 ,3240 ,2430 ,1790 ,1690 ,2990 ,810 ,210 ,
48,48032,Sherwood Park--Fort Saskatchewan,47710,2370652000 ,4490 ,2410 ,2790 ,2970 ,3360 ,3050 ,2610 ,2630 ,2410 ,2620 ,2060 ,1880 ,3290 ,2530 ,2020 ,1840 ,3390 ,1040 ,310 ,
48,48033,Sturgeon River--Parkland,49890,2064798000 ,6500 ,3020 ,3570 ,3730 ,4070 ,3380 ,2790 ,2720 ,2440 ,2490 ,2080 ,1790 ,2910 ,2220 ,1540 ,1380 ,2350 ,690 ,230 ,
48,48034,Yellowhead,34300,1217472000 ,4810 ,2460 ,2700 ,2950 ,3630 ,2560 ,2240 ,1860 ,1730 ,1530 ,1130 ,970 ,1520 ,1140 ,810 ,700 ,1170 ,300 ,110 ,
TOTAL,,,1563560,67384534000 ,200780 ,95260 ,110350 ,118060 ,133980 ,105030 ,88170 ,83290 ,76290 ,74580 ,61320 ,53210 ,86270 ,65080 ,48200 ,42920 ,81960 ,28550 ,10270 ,
59,59001,Abbotsford,41610,1371642000 ,4620 ,2760 ,4890 ,5060 ,4250 ,3110 ,2630 ,2440 ,2070 ,1860 ,1410 ,1090 ,1600 ,1100 ,870 ,580 ,870 ,300 ,110 ,
59,59002,Burnaby North--Seymour,42410,1828779000 ,5850 ,2630 ,3580 ,3660 ,3020 ,2280 ,2120 ,2230 ,2030 ,2050 ,1750 ,1520 ,2360 ,1820 ,1400 ,1030 ,2070 ,710 ,300 ,
59,59003,Burnaby South,49140,1690398000 ,8640 ,3530 ,4820 ,4930 ,3610 ,2820 ,2580 ,2410 ,2230 ,2250 ,1740 ,1430 ,2230 ,1710 ,1210 ,860 ,1470 ,490 ,180 ,
59,59004,Cariboo--Prince George,42810,1447890000 ,5380 ,2890 ,4480 ,4550 ,3890 ,3040 ,2600 ,2590 ,2130 ,1980 ,1490 ,1280 ,2030 ,1410 ,1010 ,690 ,970 ,280 ,90 ,
59,59005,Central Okanagan--Similkameen--Nicola,49170,1775505000 ,4300 ,2880 ,4920 ,5550 ,5200 ,3940 ,3280 ,3360 ,2590 ,2540 ,1850 ,1430 ,2120 ,1580 ,1100 ,730 ,1200 ,430 ,190 ,
59,59006,Chilliwack--Hope,41530,1387215000 ,4580 ,2720 ,4580 ,4700 ,4400 ,3210 ,2780 ,2600 ,2090 ,1920 ,1400 ,1090 ,1520 ,1130 ,940 ,610 ,890 ,290 ,100 ,
59,59007,Cloverdale--Langley City,46860,1734290000 ,5280 ,2830 ,4210 ,4310 ,3910 ,3120 ,2910 ,3000 ,2680 ,2520 ,2030 ,1720 ,2520 ,1780 ,1400 ,890 ,1300 ,360 ,100 ,
59,59008,Coquitlam--Port Coquitlam,51310,1858422000 ,7920 ,3530 ,4710 ,4710 ,3580 ,2900 ,2690 ,2800 ,2540 ,2540 ,2110 ,1780 ,2660 ,2020 ,1530 ,990 ,1680 ,460 ,150 ,
59,59009,Courtenay--Alberni,51430,1804048000 ,4200 ,2860 ,5200 ,5870 ,5680 ,4210 ,3480 ,3730 ,2930 ,2800 ,1860 ,1400 ,2150 ,1690 ,1090 ,690 ,1070 ,380 ,140 ,
59,59010,Cowichan--Malahat--Langford,45830,1682741000 ,4220 ,2830 ,4220 ,4510 ,4370 ,3330 ,3040 ,3090 ,2590 ,2580 ,1910 ,1550 ,2250 ,1690 ,1200 ,820 ,1140 ,380 ,100 ,
59,59011,Delta,42760,1756202000 ,4660 ,2560 ,3820 ,3900 ,3270 ,2660 ,2470 ,2590 ,2330 ,2330 ,1860 ,1530 ,2260 ,1790 ,1330 ,960 ,1690 ,560 ,220 ,
59,59012,Fleetwood--Port Kells,47290,1507322000 ,7520 ,3680 ,5390 ,4940 ,3610 ,2960 ,2690 ,2710 ,2300 ,2170 ,1630 ,1310 ,1940 ,1320 ,950 ,700 ,1060 ,330 ,110 ,
59,59013,Kamloops--Thompson--Cariboo,52600,1881146000 ,5350 ,3310 ,5210 ,5460 ,5260 ,3790 ,3400 ,3470 ,2910 ,2680 ,2030 ,1620 ,2300 ,1740 ,1290 ,850 ,1360 ,430 ,130 ,
59,59014,Kelowna--Lake Country,51040,2092146000 ,4400 ,3160 ,4450 ,4890 ,4510 ,3740 ,3230 ,3370 ,2880 ,2870 ,2030 ,1730 ,2560 ,1960 ,1400 ,990 ,1800 ,770 ,300 ,
59,59015,Kootenay--Columbia,45910,1597806000 ,4360 ,3030 ,4530 ,5090 ,4840 ,3670 ,3010 ,3020 ,2480 ,2270 ,1600 ,1310 ,1990 ,1440 ,990 ,690 ,1120 ,370 ,110 ,
59,59016,Langley--Aldergrove,47950,1956643000 ,5260 ,2930 ,4050 ,4180 ,3950 ,3250 ,2890 ,2970 ,2660 ,2530 ,2000 ,1630 ,2650 ,1900 ,1500 ,960 ,1790 ,610 ,260 ,
59,59017,Mission--Matsqui--Fraser Canyon,37810,1137874000 ,5500 ,2820 ,4630 ,4570 ,3610 ,2650 ,2340 ,2030 ,1790 ,1530 ,1150 ,930 ,1230 ,930 ,680 ,450 ,680 ,200 ,80 ,
59,59018,Nanaimo--Ladysmith,52650,1926626000 ,4560 ,2960 ,5150 ,5570 ,5290 ,3930 ,3540 ,3530 ,2940 ,2950 ,2070 ,1690 ,2500 ,1890 ,1300 ,920 ,1310 ,420 ,130 ,
59,59019,New Westminster--Burnaby,48130,1779926000 ,6180 ,2990 ,4570 ,4660 ,3710 ,2970 ,2760 ,2810 ,2600 ,2560 ,1930 ,1650 ,2450 ,1880 ,1390 ,960 ,1490 ,400 ,140 ,
59,59020,North Okanagan--Shuswap,54970,1886752000 ,5060 ,3440 ,5860 ,6410 ,6160 ,4330 ,3690 ,3610 ,2930 ,2780 ,1780 ,1510 ,2160 ,1580 ,1170 ,690 ,1200 ,450 ,170 ,
59,59021,North Vancouver,49390,2394773000 ,5580 ,2760 ,3660 ,3790 ,3400 ,2780 ,2560 ,2670 ,2400 ,2480 ,2090 ,1770 ,2950 ,2400 ,1890 ,1490 ,2890 ,1330 ,520 ,
59,59022,Pitt Meadows--Maple Ridge,41170,1571180000 ,4250 ,2480 ,3670 ,3870 ,3550 ,2760 ,2620 ,2620 ,2350 ,2220 ,1710 ,1490 ,2180 ,1600 ,1240 ,800 ,1270 ,380 ,120 ,
59,59023,Port Moody--Coquitlam,45490,1854518000 ,6190 ,2980 ,3910 ,3780 ,3240 ,2520 ,2450 ,2430 ,2290 ,2320 ,1840 ,1590 ,2570 ,2050 ,1450 ,1100 ,1910 ,640 ,260 ,
59,59024,Prince George--Peace River--Northern Rockies,40880,1482842000 ,5520 ,2810 ,3530 ,3690 ,3380 ,2830 ,2480 ,2440 ,2170 ,2050 ,1560 ,1420 ,2040 ,1480 ,1030 ,740 ,1260 ,330 ,130 ,
59,59025,Richmond Centre,45250,1529459000 ,8800 ,3550 ,4940 ,4590 ,3220 ,2410 ,2250 ,2100 ,1870 ,1770 ,1450 ,1230 ,1850 ,1370 ,1070 ,720 ,1340 ,470 ,250 ,
59,59026,Esquimalt--Saanich--Sooke,49440,1970149000 ,3950 ,2590 ,4140 ,4330 ,4030 ,3420 ,3240 ,3470 ,3100 ,3050 ,2440 ,2020 ,2980 ,2200 ,1560 ,1000 ,1390 ,410 ,130 ,
59,59027,Saanich--Gulf Islands,47370,2183977000 ,3660 ,2380 ,3450 ,3870 ,3800 ,3110 ,2730 ,3100 ,2830 ,3030 ,2180 ,1860 ,2840 ,2340 ,1650 ,1200 ,2140 ,900 ,330 ,
59,59028,Skeena--Bulkley Valley,33290,1054472000 ,5640 ,2460 ,3220 ,3430 ,2960 ,2130 ,1970 ,1850 ,1550 ,1440 ,1110 ,920 ,1330 ,1000 ,740 ,540 ,760 ,170 ,70 ,
59,59029,South Okanagan--West Kootenay,52380,1797350000 ,4370 ,3200 ,5460 ,6180 ,6070 ,4290 ,3570 ,3560 ,2840 ,2630 ,1750 ,1420 ,2090 ,1480 ,1070 ,730 ,1150 ,380 ,150 ,
59,59030,South Surrey--White Rock,45570,2169221000 ,4670 ,2450 ,3380 ,3820 ,3680 ,2770 ,2400 ,2630 ,2370 ,2350 ,1880 ,1610 ,2570 ,2160 ,1660 ,1160 ,2410 ,1140 ,460 ,
59,59031,Steveston--Richmond East,44610,1527195000 ,7580 ,3330 ,4710 ,4580 ,3320 ,2600 ,2310 ,2270 ,2040 ,2000 ,1480 ,1320 ,1990 ,1470 ,1040 ,710 ,1270 ,390 ,210 ,
59,59032,Surrey Centre,47030,1202726000 ,7990 ,3980 ,6710 ,5630 ,3960 ,3300 ,2910 ,2560 ,2140 ,1920 ,1400 ,1030 ,1350 ,830 ,480 ,330 ,420 ,80 ,30 ,
59,59033,Surrey--Newton,46190,1216437000 ,8020 ,3550 ,6420 ,5710 ,3900 ,3200 ,2710 ,2420 ,2070 ,1810 ,1370 ,1080 ,1430 ,930 ,580 ,360 ,510 ,100 ,40 ,
59,59034,Vancouver Centre,52490,2854738000 ,6350 ,2970 ,4280 ,4680 ,3130 ,2560 ,2290 ,2390 ,2350 ,2330 ,2050 ,1880 ,3170 ,2720 ,2020 ,1530 ,3390 ,1540 ,850 ,
59,59035,Vancouver East,47570,1835432000 ,4510 ,3010 ,5810 ,6140 ,3550 ,2810 ,2460 ,2300 ,2320 ,2030 ,1680 ,1470 ,2350 ,1870 ,1480 ,1020 ,1970 ,610 ,190 ,
59,59036,Vancouver Granville,46580,2593432000 ,5730 ,2670 ,3380 ,3660 ,2780 ,2340 ,2130 ,2180 ,2090 ,2130 ,1810 ,1630 ,2670 ,2450 ,1850 ,1390 ,3140 ,1660 ,880 ,
59,59037,North Island--Powell River,44070,1512269000 ,4180 ,2800 ,4460 ,4830 ,4650 ,3450 ,2990 ,3030 ,2320 ,2350 ,1630 ,1270 ,1810 ,1360 ,950 ,650 ,930 ,310 ,90 ,
59,59038,Vancouver Kingsway,44390,1503610000 ,5440 ,3170 ,4990 ,5500 ,3730 ,3050 ,2640 ,2380 ,2240 ,2010 ,1550 ,1200 ,1820 ,1320 ,1030 ,670 ,1170 ,370 ,140 ,
59,59039,Vancouver Quadra,43800,2578605000 ,7390 ,2720 ,2940 ,2890 ,2350 ,1910 ,1750 ,1720 ,1670 ,1790 ,1470 ,1310 ,2390 ,2130 ,1680 ,1390 ,3230 ,1950 ,1130 ,
59,59040,Vancouver South,44530,1472797000 ,6120 ,3160 ,5160 ,5490 ,3660 ,2990 ,2630 ,2420 ,2140 ,1920 ,1440 ,1190 ,1770 ,1290 ,890 ,700 ,1100 ,330 ,140 ,
59,59041,Victoria,51740,2463542000 ,3870 ,2420 ,3960 ,4650 ,4160 ,3280 ,3060 ,3180 ,2870 ,2960 ,2330 ,2020 ,3090 ,2650 ,1860 ,1380 ,2450 ,1090 ,460 ,
59,59042,West Vancouver--Sunshine Coast--Sea to Sky Country,51380,2611750000 ,5910 ,3060 ,4030 ,4260 ,4070 ,3250 ,2870 ,2760 ,2490 ,2360 ,1950 ,1640 ,2640 ,2130 ,1620 ,1180 ,2790 ,1500 ,890 ,
TOTAL,,,1957810,75483846000 ,233570 ,124860 ,189510 ,196840 ,166670 ,129640 ,115170 ,114820 ,100190 ,96660 ,73780 ,61540 ,93350 ,71580 ,52560 ,36840 ,65040 ,24680 ,10530 ,
60,60001,Yukon,14450,729651000 ,910 ,620 ,860 ,970 ,1110 ,850 ,800 ,750 ,740 ,700 ,640 ,570 ,1120 ,1050 ,810 ,640 ,1040 ,240 ,40 ,
TOTAL,,,14450,729651000 ,910 ,620 ,860 ,970 ,1110 ,850 ,800 ,750 ,740 ,700 ,640 ,570 ,1120 ,1050 ,810 ,640 ,1040 ,240 ,40 ,
61,61001,Northwest Territories,15570,824421000 ,2070 ,1040 ,1070 ,960 ,860 ,660 ,650 ,520 ,540 ,470 ,430 ,440 ,880 ,890 ,810 ,730 ,2050 ,440 ,80 ,
TOTAL,,,15570,824421000 ,2070 ,1040 ,1070 ,960 ,860 ,660 ,650 ,520 ,540 ,470 ,430 ,440 ,880 ,890 ,810 ,730 ,2050 ,440 ,80 ,
62,62001,Nunavut,10660,485793000 ,1890 ,1140 ,980 ,820 ,670 ,480 ,310 ,310 ,260 ,230 ,170 ,190 ,310 ,310 ,400 ,420 ,1450 ,300 ,40 ,
TOTAL,,,10660,485793000 ,1890 ,1140 ,980 ,820 ,670 ,480 ,310 ,310 ,260 ,230 ,170 ,190 ,310 ,310 ,400 ,420 ,1450 ,300 ,40 ,
TOTAL,,,14400270,555308376000 ,1633970 ,978250 ,1337810 ,1484670 ,1239470 ,941520 ,853000 ,824360 ,749690 ,695210 ,532650 ,445430 ,694320 ,541080 ,387210 ,311140 ,503680 ,176240 ,70580 ,
