Prov/Terr,FED ID,Federal Electoral Districts_x,Total_x,Total Income_x,Total_y,Total Income_y,Province,Federal Electoral Districts_y,Population,Electors,Polling Stations,Valid Ballots,Percentage of Valid Ballots,Rejected Ballots,Percentage of Rejected Ballots,Total Ballots Cast,Percentage of Voter Turnout,Party Won
10,10001.0,Avalon,35410,2129874000.0,36620,1295940000,Newfoundland and Labrador,Avalon,81540,68487,220,42086,99.6,162,0.4,42248,61.7,Liberal
10,10002.0,Bonavista--Burin--Trinity,32200,1564974000.0,32720,888810000,Newfoundland and Labrador,Bonavista--Burin--Trinity,76704,62462,260,35092,99.5,173,0.5,35265,56.5,Liberal
10,10003.0,Coast of Bays--Central--Notre Dame,31830,1506208000.0,33290,951860000,Newfoundland and Labrador,Coast of Bays--Central--Notre Dame,78092,64226,233,35448,99.6,145,0.4,35593,55.4,Liberal
10,10004.0,Labrador,10510,755063000.0,10330,414185000,Newfoundland and Labrador,Labrador,26728,20045,84,12373,99.6,53,0.4,12426,62.0,Liberal
10,10005.0,Long Range Mountains,37670,1729013000.0,39580,1185410000,Newfoundland and Labrador,Long Range Mountains,87592,71918,253,41824,99.7,108,0.3,41932,58.3,Liberal
10,10006.0,St. John's East,32300,2121325000.0,34380,1546945000,Newfoundland and Labrador,St. John's East,81936,66304,186,44880,99.8,111,0.2,44991,67.9,Liberal
10,10007.0,St. John's South--Mount Pearl,31420,1739870000.0,34850,1346448000,Newfoundland and Labrador,St. John's South--Mount Pearl,81944,67596,185,44801,99.7,133,0.3,44934,66.5,Liberal
11,11001.0,Cardigan,14600,684481000.0,15380,553128000,Prince Edward Island,Cardigan,36005,28889,90,22485,99.6,96,0.4,22581,78.2,Liberal
11,11002.0,Charlottetown,13850,627964000.0,15800,564523000,Prince Edward Island,Charlottetown,34562,28129,82,21165,99.5,99,0.5,21264,75.6,Liberal
11,11003.0,Egmont,14140,598576000.0,15170,481397000,Prince Edward Island,Egmont,34598,27858,86,21362,99.6,87,0.4,21449,77.0,Liberal
11,11004.0,Malpeque,14120,665908000.0,14770,528673000,Prince Edward Island,Malpeque,35039,28629,81,22472,99.5,102,0.5,22574,78.9,Liberal
12,12001.0,Cape Breton--Canso,28830,1278942000.0,31120,955229000,Nova Scotia,Cape Breton--Canso,75247,60785,218,43237,99.4,274,0.6,43511,71.6,Liberal
12,12002.0,Central Nova,28870,1352088000.0,31170,1018320000,Nova Scotia,Central Nova,74597,60594,224,44263,99.5,233,0.5,44496,73.4,Liberal
12,12003.0,Cumberland--Colchester,31700,1353689000.0,34380,1064496000,Nova Scotia,Cumberland--Colchester,82321,65461,218,46332,99.6,178,0.4,46510,71.0,Liberal
12,12004.0,Dartmouth--Cole Harbour,35120,1846899000.0,39560,1513362000,Nova Scotia,Dartmouth--Cole Harbour,91212,73710,200,52270,99.6,201,0.4,52471,71.2,Liberal
12,12005.0,Halifax,34670,1926721000.0,37770,1656041000,Nova Scotia,Halifax,92643,73379,208,53032,99.5,259,0.5,53291,72.6,Liberal
12,12006.0,Halifax West,35300,2054653000.0,39920,1664857000,Nova Scotia,Halifax West,87275,70515,238,50079,99.6,181,0.4,50260,71.3,Liberal
12,12007.0,Kings--Hants,32350,1495419000.0,34870,1136792000,Nova Scotia,Kings--Hants,83306,67213,218,46686,99.6,202,0.4,46888,69.8,Liberal
12,12008.0,Sackville--Preston--Chezzetcook,33600,1884827000.0,35820,1346214000,Nova Scotia,Sackville--Preston--Chezzetcook,85583,68040,196,48301,99.6,180,0.4,48481,71.3,Liberal
12,12009.0,South Shore--St. Margarets,37950,1886609000.0,40070,1305736000,Nova Scotia,South Shore--St. Margarets,92561,76181,253,52775,99.6,226,0.4,53001,69.6,Liberal
12,12010.0,Sydney--Victoria,28520,1129199000.0,31670,945319000,Nova Scotia,Sydney--Victoria,73328,59994,202,40974,99.4,236,0.6,41210,68.7,Liberal
12,12011.0,West Nova,34010,1421060000.0,36140,1044859000,Nova Scotia,West Nova,83654,67059,227,45679,99.4,271,0.6,45950,68.5,Liberal
13,13001.0,Acadie--Bathurst,33750,1410982000.0,34610,997654000,New Brunswick/Nouveau-Brunswick,Acadie--Bathurst,79340,66799,237,50963,99.3,336,0.7,51299,76.8,Liberal
13,13002.0,Beauséjour,34110,1562205000.0,35140,1239967000,New Brunswick/Nouveau-Brunswick,Beauséjour,80416,66891,215,52936,99.4,320,0.6,53256,79.6,Liberal
13,13003.0,Fredericton,31020,1625320000.0,33630,1288034000,New Brunswick/Nouveau-Brunswick,Fredericton,81759,61947,168,46722,99.6,188,0.4,46910,75.7,Liberal
13,13004.0,Fundy Royal,31240,1656917000.0,32800,1149579000,New Brunswick/Nouveau-Brunswick,Fundy Royal,79331,63089,193,46820,99.5,241,0.5,47061,74.6,Liberal
13,13005.0,Madawaska--Restigouche,25560,1036183000.0,26660,796059000,New Brunswick/Nouveau-Brunswick,Madawaska--Restigouche,62540,50907,171,37306,99.1,348,0.9,37654,74.0,Liberal
13,13006.0,Miramichi--Grand Lake,23780,921341000.0,24710,693300000,New Brunswick/Nouveau-Brunswick,Miramichi--Grand Lake,59343,48331,160,36364,99.3,256,0.7,36620,75.8,Liberal
13,13007.0,Moncton--Riverview--Dieppe,35420,1661007000.0,39660,1405081000,New Brunswick/Nouveau-Brunswick,Moncton--Riverview--Dieppe,89484,71982,192,52041,99.4,311,0.6,52352,72.7,Liberal
13,13008.0,New Brunswick Southwest,26300,1303435000.0,27230,890126000,New Brunswick/Nouveau-Brunswick,New Brunswick Southwest,66197,51729,180,37926,99.4,220,0.6,38146,73.7,Liberal
13,13009.0,Saint John--Rothesay,30220,1513139000.0,33860,1195552000,New Brunswick/Nouveau-Brunswick,Saint John--Rothesay,82129,61722,176,42281,99.5,205,0.5,42486,68.8,Liberal
13,13010.0,Tobique--Mactaquac,27300,1203876000.0,28350,864512000,New Brunswick/Nouveau-Brunswick,Tobique--Mactaquac,70632,54145,184,38427,99.4,248,0.6,38675,71.4,Liberal
24,24001.0,Abitibi--Baie-James--Nunavik--Eeyou,31320,1563287000.0,31510,908783000,Quebec,Abitibi--Baie-James--Nunavik--Eeyou,85475,63632,191,34518,98.3,609,1.7,35127,55.2,NDP
24,24002.0,Abitibi--Témiscamingue,42100,2233822000.0,41750,1319401000,Quebec,Abitibi--Témiscamingue,102794,82968,272,49729,98.5,741,1.5,50470,60.8,NDP
24,24003.0,Ahuntsic-Cartierville,42460,1981204000.0,47360,1670041000,Quebec,Ahuntsic-Cartierville,110473,83208,223,55567,98.9,630,1.1,56197,67.5,Liberal
24,24004.0,Alfred-Pellan,38600,2060286000.0,42060,1610897000,Quebec,Alfred-Pellan,98045,78524,207,55169,98.8,679,1.2,55848,71.1,Liberal
24,24005.0,Argenteuil--La Petite-Nation,38780,1731887000.0,39300,1276445000,Quebec,Argenteuil--La Petite-Nation,94208,78836,245,51066,98.8,601,1.2,51667,65.5,Liberal
24,24006.0,Avignon--La Mitis--Matane--Matapédia,30090,1158352000.0,30470,845765000,Quebec,Avignon--La Mitis--Matane--Matapédia,74547,60890,215,36356,98.9,416,1.1,36772,60.4,Liberal
24,24007.0,Beauce,44430,1995058000.0,43640,1345498000,Quebec,Beauce,106337,85698,263,55882,98.7,712,1.3,56594,66.0,Conservative
24,24008.0,Beauport--Limoilou,36650,1537326000.0,41100,1358139000,Quebec,Beauport--Limoilou,92944,78799,220,50558,98.2,941,1.8,51499,65.4,Conservative
24,24009.0,Bécancour--Nicolet--Saurel,38720,1784891000.0,39430,1177775000,Quebec,Bécancour--Nicolet--Saurel,93779,78734,231,52205,98.2,958,1.8,53163,67.5,Bloc Québécois
24,24010.0,Bellechasse--Les Etchemins--Lévis,46630,2257774000.0,48600,1720334000,Quebec,Bellechasse--Les Etchemins--Lévis,112385,92719,277,62598,98.7,824,1.3,63422,68.4,Conservative
24,24011.0,Beloeil--Chambly,45310,2761591000.0,47750,1968773000,Quebec,Beloeil--Chambly,109955,91204,260,66438,98.6,950,1.4,67388,73.9,NDP
24,24012.0,Berthier--Maskinongé,43620,1874082000.0,43010,1254367000,Quebec,Berthier--Maskinongé,98590,82996,267,54406,98.5,844,1.5,55250,66.6,NDP
24,24013.0,Thérèse-De Blainville,38800,2522802000.0,42280,1753650000,Quebec,Thérèse-De Blainville,98499,79440,216,56248,98.2,1007,1.8,57255,72.1,Liberal
24,24014.0,Pierre-Boucher--Les Patriotes--Verchères,39870,2726803000.0,41610,1869673000,Quebec,Pierre-Boucher--Les Patriotes--Verchères,95326,78855,226,59390,98.7,800,1.3,60190,76.3,Bloc Québécois
24,24015.0,Bourassa,35700,1166599000.0,40810,1035247000,Quebec,Bourassa,100286,71070,184,41129,98.0,859,2.0,41988,59.1,Liberal
24,24016.0,Brome--Missisquoi,42670,2120244000.0,44140,1566681000,Quebec,Brome--Missisquoi,98616,85118,255,58675,98.8,716,1.2,59391,69.8,Liberal
24,24017.0,Brossard--Saint-Lambert,40880,2553219000.0,46210,1949178000,Quebec,Brossard--Saint-Lambert,100828,83766,215,57260,99.1,549,0.9,57809,69.0,Liberal
24,24018.0,Rimouski-Neigette--Témiscouata--Les Basques,34800,1513577000.0,36800,1192777000,Quebec,Rimouski-Neigette--Témiscouata--Les Basques,84809,70182,220,44946,98.9,493,1.1,45439,64.7,NDP
24,24019.0,Charlesbourg--Haute-Saint-Charles,41730,2093534000.0,45210,1702088000,Quebec,Charlesbourg--Haute-Saint-Charles,103331,84830,228,58256,98.5,866,1.5,59122,69.7,Conservative
24,24020.0,Beauport--Côte-de-Beaupré--Île d’Orléans--Charlevoix,39230,1945982000.0,39220,1401729000,Quebec,Beauport--Côte-de-Beaupré--Île d'Orléans--Charlevoix,92496,76528,230,50456,98.4,846,1.6,51302,67.0,Conservative
24,24021.0,Châteauguay--Lacolle,40800,1885205000.0,39880,1342914000,Quebec,Châteauguay--Lacolle,92169,76129,213,51782,98.3,909,1.7,52691,69.2,Liberal
24,24022.0,Chicoutimi--Le Fjord,33280,1663880000.0,34460,1127861000,Quebec,Chicoutimi--Le Fjord,81501,66821,186,43805,98.3,745,1.7,44550,66.7,Liberal
24,24023.0,Compton--Stanstead,42140,1959435000.0,41950,1431250000,Quebec,Compton--Stanstead,101946,82237,244,55811,98.7,748,1.3,56559,68.8,Liberal
24,24024.0,Dorval--Lachine--LaSalle,42120,1855964000.0,47100,1588526000,Quebec,Dorval--Lachine--LaSalle,106886,85769,225,54605,98.9,593,1.1,55198,64.4,Liberal
24,24025.0,Drummond,41260,1786120000.0,42260,1273661000,Quebec,Drummond,98681,81455,229,51979,97.9,1098,2.1,53077,65.2,NDP
24,24026.0,Gaspésie--Les Îles-de-la-Madeleine,32670,1291522000.0,33930,1009794000,Quebec,Gaspésie--Les Îles-de-la-Madeleine,78833,65783,212,39617,99.0,395,1.0,40012,60.8,Liberal
24,24027.0,Gatineau,39650,1925847000.0,44440,1725067000,Quebec,Gatineau,106424,84377,226,57800,99.1,522,0.9,58322,69.1,Liberal
24,24028.0,Hochelaga,41300,1694269000.0,42720,1422959000,Quebec,Hochelaga,103436,83088,232,51904,98.3,877,1.7,52781,63.5,NDP
24,24029.0,Honoré-Mercier,37970,1653158000.0,44260,1473796000,Quebec,Honoré-Mercier,102587,79033,211,51658,98.7,682,1.3,52340,66.2,Liberal
24,24030.0,Hull--Aylmer,37110,1907451000.0,41450,1764472000,Quebec,Hull--Aylmer,103447,79329,218,55440,99.3,391,0.7,55831,70.4,Liberal
24,24031.0,Joliette,42930,1817079000.0,44300,1352095000,Quebec,Joliette,100683,86287,272,56689,98.1,1109,1.9,57798,67.0,Bloc Québécois
24,24032.0,Jonquière,36660,1852569000.0,36650,1157252000,Quebec,Jonquière,87596,73099,219,48103,98.2,899,1.8,49002,67.0,NDP
24,24033.0,La Pointe-de-l'Île,40650,1766029000.0,45010,1495416000,Quebec,La Pointe-de-l'Île,103512,84769,236,55226,98.4,912,1.6,56138,66.2,Bloc Québécois
24,24034.0,La Prairie,42200,2512612000.0,44350,1787597000,Quebec,La Prairie,99811,82472,212,57572,98.3,996,1.7,58568,71.0,Liberal
24,24035.0,Lac-Saint-Jean,43650,1970327000.0,43130,1235911000,Quebec,Lac-Saint-Jean,105783,85445,260,55279,98.4,925,1.6,56204,65.8,Conservative
24,24036.0,Lac-Saint-Louis,40460,3064029000.0,45140,2089262000,Quebec,Lac-Saint-Louis,108795,85870,232,62312,99.5,321,0.5,62633,72.9,Liberal
24,24037.0,LaSalle--Émard--Verdun,40920,1675429000.0,45540,1494976000,Quebec,LaSalle--Émard--Verdun,105317,84192,225,53763,98.5,823,1.5,54586,64.8,Liberal
24,24038.0,Laurentides--Labelle,47920,2135546000.0,49690,1655379000,Quebec,Laurentides--Labelle,111357,96848,302,63173,98.4,1030,1.6,64203,66.3,Liberal
24,24039.0,Laurier--Sainte-Marie,49940,2355967000.0,42930,1604110000,Quebec,Laurier--Sainte-Marie,107034,85056,228,54681,98.9,594,1.1,55275,65.0,NDP
24,24040.0,Laval--Les Îles,40710,2088378000.0,43340,1580143000,Quebec,Laval--Les Îles,103053,82438,216,54205,98.8,683,1.2,54888,66.6,Liberal
24,24041.0,Longueuil--Charles-LeMoyne,41240,1656229000.0,43860,1339531000,Quebec,Longueuil--Charles-LeMoyne,104895,83844,222,51707,98.2,925,1.8,52632,62.8,Liberal
24,24042.0,Lévis--Lotbinière,45630,2490577000.0,45360,1760836000,Quebec,Lévis--Lotbinière,107593,87339,251,62588,98.5,975,1.5,63563,72.8,Conservative
24,24043.0,Longueuil--Saint-Hubert,41660,2156065000.0,46260,1725405000,Quebec,Longueuil--Saint-Hubert,104366,85972,227,58199,98.4,939,1.6,59138,68.8,NDP
24,24044.0,Louis-Hébert,40290,2620148000.0,45170,2145032000,Quebec,Louis-Hébert,104038,81376,230,61744,99.0,627,1.0,62371,76.6,Liberal
24,24045.0,Louis-Saint-Laurent,45490,2487512000.0,48950,1926688000,Quebec,Louis-Saint-Laurent,106888,92372,249,64683,98.7,852,1.3,65535,70.9,Conservative
24,24046.0,Manicouagan,37080,1967874000.0,36750,1151753000,Quebec,Manicouagan,94766,75229,239,42030,98.5,645,1.5,42675,56.7,Bloc Québécois
24,24047.0,Mégantic--L'Érable,36670,1473806000.0,36280,1043015000,Quebec,Mégantic--L'Érable,88745,71653,231,47287,98.0,941,2.0,48228,67.3,Conservative
24,24048.0,Mirabel,46290,2412917000.0,46050,1602108000,Quebec,Mirabel,103536,87938,230,59418,98.1,1178,1.9,60596,68.9,Bloc Québécois
24,24049.0,Montarville,37410,2545843000.0,40430,1830097000,Quebec,Montarville,95095,75693,200,57917,98.5,881,1.5,58798,77.7,Liberal
24,24050.0,Montcalm,43050,2023078000.0,42880,1353694000,Quebec,Montcalm,99518,83808,230,53009,97.7,1226,2.3,54235,64.7,Bloc Québécois
24,24051.0,Montmagny--L'Islet--Kamouraska--Rivière-du-Loup,39960,1677192000.0,40720,1218851000,Quebec,Montmagny--L'Islet--Kamouraska--Rivière-du-Loup,97261,78672,266,49243,98.4,777,1.6,50020,63.6,Conservative
24,24052.0,Mount Royal,38570,2880228000.0,45050,2004565000,Quebec,Mount Royal,101258,74416,205,48051,99.1,425,0.9,48476,65.1,Liberal
24,24053.0,Notre-Dame-de-Grâce--Westmount,38050,3390580000.0,44320,2384998000,Quebec,Notre-Dame-de-Grâce--Westmount,104410,79832,211,51593,99.4,311,0.6,51904,65.0,Liberal
24,24054.0,Outremont,31620,1976431000.0,34910,1512533000,Quebec,Outremont,100916,71136,192,43619,99.0,426,1.0,44045,61.9,NDP
24,24055.0,Papineau,42630,1477666000.0,43470,1259167000,Quebec,Papineau,108977,79136,213,50770,98.6,698,1.4,51468,65.0,Liberal
24,24056.0,Pierrefonds--Dollard,40970,2244293000.0,45140,1675672000,Quebec,Pierrefonds--Dollard,108740,85333,222,58505,99.4,368,0.6,58873,69.0,Liberal
24,24057.0,Pontiac,43830,2287278000.0,44730,1889757000,Quebec,Pontiac,106499,87922,277,62625,99.3,467,0.7,63092,71.8,Liberal
24,24058.0,Portneuf--Jacques-Cartier,46690,2673662000.0,45690,1785329000,Quebec,Portneuf--Jacques-Cartier,104394,88337,258,62059,98.8,781,1.2,62840,71.1,Conservative
24,24059.0,Québec,38170,1776358000.0,41110,1532659000,Quebec,Québec,96525,79593,229,53867,98.5,820,1.5,54687,68.7,Liberal
24,24060.0,Repentigny,45200,2446819000.0,48860,1807025000,Quebec,Repentigny,111191,92117,252,65211,98.2,1179,1.8,66390,72.1,Bloc Québécois
24,24061.0,Richmond--Arthabaska,43440,1883363000.0,44170,1338560000,Quebec,Richmond--Arthabaska,103897,85894,263,58617,98.5,912,1.5,59529,69.3,Conservative
24,24062.0,Rivière-des-Mille-Îles,39790,2180407000.0,42710,1592448000,Quebec,Rivière-des-Mille-Îles,102816,81528,214,58046,98.4,927,1.6,58973,72.3,Liberal
24,24063.0,Rivière-du-Nord,44470,2052674000.0,46950,1495458000,Quebec,Rivière-du-Nord,102085,89667,242,56657,98.2,1044,1.8,57701,64.4,Bloc Québécois
24,24064.0,Rosemont--La Petite-Patrie,41000,1880683000.0,45070,1693576000,Quebec,Rosemont--La Petite-Patrie,106293,84884,239,58335,98.7,788,1.3,59123,69.7,NDP
24,24065.0,Marc-Aurèle-Fortin,38240,2094593000.0,41360,1635205000,Quebec,Marc-Aurèle-Fortin,96082,76396,199,54525,98.6,769,1.4,55294,72.4,Liberal
24,24066.0,Saint-Hyacinthe--Bagot,41500,1814585000.0,42600,1341747000,Quebec,Saint-Hyacinthe--Bagot,99629,81016,243,54369,97.8,1214,2.2,55583,68.6,NDP
24,24067.0,Saint-Jean,43800,2136052000.0,45830,1575850000,Quebec,Saint-Jean,108244,88519,245,60386,98.0,1231,2.0,61617,69.6,Liberal
24,24068.0,Saint-Laurent,36300,1794376000.0,40210,1367911000,Quebec,Saint-Laurent,93842,69138,179,40330,99.0,409,1.0,40739,58.9,Liberal
24,24069.0,Saint-Léonard--Saint-Michel,40560,1414708000.0,45730,1193836000,Quebec,Saint-Léonard--Saint-Michel,110649,76746,205,44531,98.5,689,1.5,45220,58.9,Liberal
24,24070.0,Saint-Maurice--Champlain,44590,1848778000.0,45430,1313805000,Quebec,Saint-Maurice--Champlain,110273,92352,272,58947,98.0,1175,2.0,60122,65.1,Liberal
24,24071.0,Salaberry--Suroît,45880,2047466000.0,47590,1472465000,Quebec,Salaberry--Suroît,107036,92604,269,61535,98.4,998,1.6,62533,67.5,NDP
24,24072.0,Shefford,45060,2042426000.0,45980,1481040000,Quebec,Shefford,107538,88533,267,58920,97.8,1299,2.2,60219,68.0,Liberal
24,24073.0,Sherbrooke,42440,1761236000.0,46980,1526959000,Quebec,Sherbrooke,107988,87658,248,57300,98.6,796,1.4,58096,66.3,NDP
24,24074.0,Vaudreuil--Soulanges,45190,2713851000.0,47710,1949504000,Quebec,Vaudreuil--Soulanges,111905,90804,251,65528,98.9,714,1.1,66242,73.0,Liberal
24,24075.0,Terrebonne,42750,2297606000.0,44630,1635643000,Quebec,Terrebonne,106322,84502,209,58284,97.9,1256,2.1,59540,70.5,Bloc Québécois
24,24076.0,Trois-Rivières,42980,1973647000.0,48530,1551904000,Quebec,Trois-Rivières,108774,91098,261,60289,98.5,940,1.5,61229,67.2,NDP
24,24077.0,Ville-Marie--Le Sud-Ouest--Île-des-Soeurs,52870,3491299000.0,51620,2231924000,Quebec,Ville-Marie--Le Sud-Ouest--Île-des-Soeurs,103070,85702,238,50164,99.1,435,0.9,50599,59.0,Liberal
24,24078.0,Vimy,42930,1804123000.0,48200,1521791000,Quebec,Vimy,104373,86225,232,54343,98.3,941,1.7,55284,64.1,Liberal
35,35001.0,Ajax,43020,2350928000.0,47760,1870381000,Ontario,Ajax,109600,85251,210,56307,99.6,206,0.4,56513,66.3,Liberal
35,35002.0,Algoma--Manitoulin--Kapuskasing,32360,1509658000.0,32420,997832000,Ontario,Algoma--Manitoulin--Kapuskasing,79801,63253,211,41374,99.6,161,0.4,41535,65.7,NDP
35,35003.0,Aurora--Oak Ridges--Richmond Hill,42950,2858021000.0,46170,2004420000,Ontario,Aurora--Oak Ridges--Richmond Hill,106064,79127,204,50980,99.6,204,0.4,51184,64.7,Liberal
35,35004.0,Barrie--Innisfil,40540,2339197000.0,43300,1636907000,Ontario,Barrie--Innisfil,101584,77320,201,49341,99.6,187,0.4,49528,64.1,Conservative
35,35005.0,Barrie--Springwater--Oro-Medonte,36290,2045733000.0,39160,1535003000,Ontario,Barrie--Springwater--Oro-Medonte,97876,76084,217,50535,99.6,181,0.4,50716,66.7,Conservative
35,35006.0,Bay of Quinte,42780,2079032000.0,46630,1657729000,Ontario,Bay of Quinte,109488,85021,239,57713,99.6,211,0.4,57924,68.1,Liberal
35,35007.0,Beaches--East York,39170,2591275000.0,43720,2131932000,Ontario,Beaches--East York,107084,77440,194,55530,99.6,216,0.4,55746,72.0,Liberal
35,35008.0,Brampton Centre,38290,1601226000.0,41160,1259882000,Ontario,Brampton Centre,103122,65460,181,39632,99.3,264,0.7,39896,60.9,Liberal
35,35009.0,Brampton East,48720,1996400000.0,50000,1408489000,Ontario,Brampton East,99712,69251,179,45206,99.3,304,0.7,45510,65.7,Liberal
35,35010.0,Brampton North,45850,2021163000.0,48340,1553323000,Ontario,Brampton North,111951,74148,187,48166,99.3,318,0.7,48484,65.4,Liberal
35,35011.0,Brampton South,47950,2010304000.0,49870,1531475000,Ontario,Brampton South,107364,73019,193,45464,99.4,270,0.6,45734,62.6,Liberal
35,35012.0,Brampton West,49180,2166710000.0,52320,1614553000,Ontario,Brampton West,101762,71990,173,43398,99.4,245,0.6,43643,60.6,Liberal
35,35013.0,Brantford--Brant,47330,2345300000.0,50320,1774504000,Ontario,Brantford--Brant,132443,97409,259,63272,99.6,272,0.4,63544,65.2,Conservative
35,35014.0,Bruce--Grey--Owen Sound,41370,2008053000.0,43460,1531784000,Ontario,Bruce--Grey--Owen Sound,106475,82607,249,56333,99.6,212,0.4,56545,68.5,Conservative
35,35015.0,Burlington,46360,3460992000.0,52760,2569912000,Ontario,Burlington,120569,96126,269,70100,99.6,263,0.4,70363,73.2,Liberal
35,35016.0,Cambridge,47680,2724887000.0,50630,1899725000,Ontario,Cambridge,111693,83514,234,53339,99.6,227,0.4,53566,64.1,Liberal
35,35017.0,Chatham-Kent--Leamington,50630,2219953000.0,44920,1534157000,Ontario,Chatham-Kent--Leamington,111866,79755,263,51971,99.5,263,0.5,52234,65.5,Conservative
35,35018.0,Davenport,41030,1951277000.0,42880,1582426000,Ontario,Davenport,102360,74413,190,49584,99.4,287,0.6,49871,67.0,Liberal
35,35019.0,Don Valley East,34780,1730380000.0,40470,1533486000,Ontario,Don Valley East,93007,63547,174,41588,99.4,257,0.6,41845,65.8,Liberal
35,35020.0,Don Valley North,42540,2080450000.0,48770,1842608000,Ontario,Don Valley North,103073,72787,210,45687,99.4,259,0.6,45946,63.1,Liberal
35,35021.0,Don Valley West,36050,5025101000.0,41510,2994271000,Ontario,Don Valley West,99820,71037,184,51086,99.6,217,0.4,51303,72.2,Liberal
35,35022.0,Dufferin--Caledon,50360,3291500000.0,52330,2281596000,Ontario,Dufferin--Caledon,116341,92598,266,60451,99.6,232,0.4,60683,65.5,Conservative
35,35023.0,Durham,49020,3095750000.0,52360,2193708000,Ontario,Durham,115395,94069,280,64185,99.6,233,0.4,64418,68.5,Conservative
35,35024.0,Eglinton--Lawrence,40110,4183020000.0,49390,2979123000,Ontario,Eglinton--Lawrence,113150,78535,205,55792,99.4,328,0.6,56120,71.5,Liberal
35,35025.0,Elgin--Middlesex--London,44080,2361628000.0,46770,1755528000,Ontario,Elgin--Middlesex--London,110109,83446,217,56933,99.6,230,0.4,57163,68.5,Conservative
35,35026.0,Essex,50300,3295180000.0,51550,2215181000,Ontario,Essex,120477,92489,233,60531,99.6,241,0.4,60772,65.7,NDP
35,35027.0,Etobicoke Centre,44270,3276369000.0,50940,2524001000,Ontario,Etobicoke Centre,114910,88440,231,61802,99.5,303,0.5,62105,70.2,Liberal
35,35028.0,Etobicoke--Lakeshore,49060,3519910000.0,54540,2818017000,Ontario,Etobicoke--Lakeshore,115437,93880,237,64508,99.5,307,0.5,64815,69.0,Liberal
35,35029.0,Etobicoke North,45450,1556693000.0,47890,1253185000,Ontario,Etobicoke North,117601,69942,176,42064,99.4,257,0.6,42321,60.5,Liberal
35,35030.0,Flamborough--Glanbrook,40100,2598424000.0,42910,1880352000,Ontario,Flamborough--Glanbrook,97081,79397,213,55510,99.6,220,0.4,55730,70.2,Conservative
35,35031.0,Glengarry--Prescott--Russell,44070,2405600000.0,45380,1890200000,Ontario,Glengarry--Prescott--Russell,106240,86010,260,64173,99.4,399,0.6,64572,75.1,Liberal
35,35032.0,Guelph,48680,2856438000.0,53330,2217268000,Ontario,Guelph,121688,98453,243,69868,99.6,298,0.4,70166,71.3,Liberal
35,35033.0,Haldimand--Norfolk,45800,2327915000.0,47750,1629975000,Ontario,Haldimand--Norfolk,108051,83220,227,55990,99.4,312,0.6,56302,67.7,Conservative
35,35034.0,Haliburton--Kawartha Lakes--Brock,45640,2327186000.0,47760,1747217000,Ontario,Haliburton--Kawartha Lakes--Brock,110182,91802,260,61834,99.7,203,0.3,62037,67.6,Conservative
35,35035.0,Hamilton Centre,38260,1467115000.0,38760,1214669000,Ontario,Hamilton Centre,101932,69598,198,41083,99.3,269,0.7,41352,59.4,NDP
35,35036.0,Hamilton East--Stoney Creek,41050,1979785000.0,44740,1496866000,Ontario,Hamilton East--Stoney Creek,107786,80639,217,50332,99.4,293,0.6,50625,62.8,Liberal
35,35037.0,Hamilton Mountain,39300,1797317000.0,44160,1486362000,Ontario,Hamilton Mountain,103615,77581,205,50554,99.4,307,0.6,50861,65.6,NDP
35,35038.0,Hamilton West--Ancaster--Dundas,41860,2711984000.0,46710,2135294000,Ontario,Hamilton West--Ancaster--Dundas,109535,86222,228,62279,99.6,272,0.4,62551,72.5,Liberal
35,35039.0,Hastings--Lennox and Addington,38360,1828735000.0,39740,1378400000,Ontario,Hastings--Lennox and Addington,92528,72972,219,49797,99.6,199,0.4,49996,68.5,Liberal
35,35040.0,Huron--Bruce,43580,2621356000.0,44800,1709709000,Ontario,Huron--Bruce,104842,80731,244,58245,99.6,232,0.4,58477,72.4,Conservative
35,35041.0,Kanata--Carleton,41310,3087930000.0,44320,2173259000,Ontario,Kanata--Carleton,100846,80433,210,63323,99.7,191,0.3,63514,79.0,Liberal
35,35042.0,Kenora,22080,985720000.0,22980,712226000,Ontario,Kenora,55977,44306,152,30752,99.5,144,0.5,30896,69.7,Liberal
35,35043.0,King--Vaughan,49430,3584282000.0,52670,2395040000,Ontario,King--Vaughan,109235,86158,231,54686,99.5,290,0.5,54976,63.8,Liberal
35,35044.0,Kingston and the Islands,41970,2328244000.0,48070,2048660000,Ontario,Kingston and the Islands,116996,93872,255,65772,99.6,242,0.4,66014,70.3,Liberal
35,35045.0,Kitchener Centre,40380,1992887000.0,42770,1539573000,Ontario,Kitchener Centre,102433,77887,214,52280,99.4,292,0.6,52572,67.5,Liberal
35,35046.0,Kitchener--Conestoga,38470,2387173000.0,40130,1640787000,Ontario,Kitchener--Conestoga,93827,69166,213,47699,99.5,227,0.5,47926,69.3,Conservative
35,35047.0,Kitchener South--Hespeler,39760,2268676000.0,41530,1576102000,Ontario,Kitchener South--Hespeler,97673,72953,193,47829,99.5,259,0.5,48088,65.9,Liberal
35,35048.0,Lambton--Kent--Middlesex,42410,2268788000.0,43800,1639936000,Ontario,Lambton--Kent--Middlesex,105919,81135,256,56363,99.6,224,0.4,56587,69.7,Conservative
35,35049.0,Lanark--Frontenac--Kingston,39800,2142469000.0,42360,1706605000,Ontario,Lanark--Frontenac--Kingston,98409,79461,231,57240,99.6,222,0.4,57462,72.3,Conservative
35,35050.0,Leeds--Grenville--Thousand Islands and Rideau Lakes,39420,2033885000.0,42290,1643635000,Ontario,Leeds--Grenville--Thousand Islands and Rideau Lakes,99306,79669,236,56436,99.7,189,0.3,56625,71.1,Conservative
35,35051.0,London--Fanshawe,43750,1821674000.0,47880,1509950000,Ontario,London--Fanshawe,119334,87298,233,54745,99.5,283,0.5,55028,63.0,NDP
35,35052.0,London North Centre,46240,2484620000.0,50710,2086707000,Ontario,London North Centre,118079,92950,242,64271,99.6,267,0.4,64538,69.4,Liberal
35,35053.0,London West,46220,2697563000.0,53670,2292485000,Ontario,London West,119090,93138,248,68027,99.6,286,0.4,68313,73.3,Liberal
35,35054.0,Markham--Stouffville,46180,2955569000.0,50340,2213275000,Ontario,Markham--Stouffville,109780,87952,229,59773,99.7,189,0.3,59962,68.2,Liberal
35,35055.0,Markham--Thornhill,41260,1932407000.0,43490,1485348000,Ontario,Markham--Thornhill,102221,70864,190,42857,99.4,240,0.6,43097,60.8,Liberal
35,35056.0,Markham--Unionville,46990,2754195000.0,51820,2080334000,Ontario,Markham--Unionville,104693,82965,228,49839,99.5,246,0.5,50085,60.4,Conservative
35,35057.0,Milton,39950,2673034000.0,42200,1816968000,Ontario,Milton,88065,72329,187,49308,99.6,210,0.4,49518,68.5,Conservative
35,35058.0,Mississauga Centre,48950,2208954000.0,52630,1703112000,Ontario,Mississauga Centre,118756,83787,221,51852,99.3,342,0.7,52194,62.3,Liberal
35,35059.0,Mississauga East--Cooksville,45900,2046374000.0,49920,1667138000,Ontario,Mississauga East--Cooksville,121792,82765,217,51917,99.5,287,0.5,52204,63.1,Liberal
35,35060.0,Mississauga--Erin Mills,46550,2555847000.0,50180,1904460000,Ontario,Mississauga--Erin Mills,117199,83062,209,55347,99.6,245,0.4,55592,66.9,Liberal
35,35061.0,Mississauga--Lakeshore,44460,3405503000.0,48440,2484424000,Ontario,Mississauga--Lakeshore,118893,86675,250,59273,99.5,271,0.5,59544,68.7,Liberal
35,35062.0,Mississauga--Malton,47040,2008835000.0,48600,1464259000,Ontario,Mississauga--Malton,118046,75277,184,44256,99.5,237,0.5,44493,59.1,Liberal
35,35063.0,Mississauga--Streetsville,45030,2593630000.0,47990,1967449000,Ontario,Mississauga--Streetsville,118757,83361,209,55999,99.6,217,0.4,56216,67.4,Liberal
35,35064.0,Nepean,43050,2778448000.0,47060,2204821000,Ontario,Nepean,104775,84049,214,64888,99.6,262,0.4,65150,77.5,Liberal
35,35065.0,Newmarket--Aurora,44550,2924398000.0,49610,2136200000,Ontario,Newmarket--Aurora,109457,83351,224,56464,99.5,257,0.5,56721,68.1,Liberal
35,35066.0,Niagara Centre,43050,2002289000.0,46830,1554545000,Ontario,Niagara Centre,105860,83799,230,54682,99.4,323,0.6,55005,65.6,Liberal
35,35067.0,Niagara Falls,53560,2636947000.0,58380,2043465000,Ontario,Niagara Falls,128357,103291,270,64711,99.5,353,0.5,65064,63.0,Conservative
35,35068.0,Niagara West,35000,2242060000.0,36550,1570159000,Ontario,Niagara West,86533,69414,187,50657,99.5,242,0.5,50899,73.3,Conservative
35,35069.0,Nickel Belt,37610,2184174000.0,38300,1433666000,Ontario,Nickel Belt,90962,73466,208,49113,99.6,192,0.4,49305,67.1,Liberal
35,35070.0,Nipissing--Timiskaming,35860,1805448000.0,38390,1383662000,Ontario,Nipissing--Timiskaming,90996,71879,206,48875,99.5,224,0.5,49099,68.3,Liberal
35,35071.0,Northumberland--Peterborough South,45310,2536240000.0,48650,1870723000,Ontario,Northumberland--Peterborough South,107840,89605,277,63609,99.6,267,0.4,63876,71.3,Liberal
35,35072.0,Oakville,45470,4947626000.0,50410,2900728000,Ontario,Oakville,119649,88425,250,64703,99.6,245,0.4,64948,73.4,Liberal
35,35073.0,Oakville North--Burlington,46060,3850056000.0,50770,2571531000,Ontario,Oakville North--Burlington,114378,85747,233,60796,99.6,272,0.4,61068,71.2,Liberal
35,35074.0,Oshawa,46790,2282506000.0,51860,1802511000,Ontario,Oshawa,125771,96372,264,60686,99.6,228,0.4,60914,63.2,Conservative
35,35075.0,Ottawa Centre,43430,3355665000.0,46480,2716748000,Ontario,Ottawa Centre,113619,94858,261,75500,99.5,386,0.5,75886,80.0,Liberal
35,35076.0,Orléans,47100,3148434000.0,52340,2632160000,Ontario,Orléans,119247,97144,253,77988,99.7,272,0.3,78260,80.6,Liberal
35,35077.0,Ottawa South,43900,2382276000.0,49040,2119519000,Ontario,Ottawa South,121894,88368,228,64649,99.5,351,0.5,65000,73.6,Liberal
35,35078.0,Ottawa--Vanier,41150,2358020000.0,46320,2099947000,Ontario,Ottawa--Vanier,110999,86591,251,63355,99.3,418,0.7,63773,73.6,Liberal
35,35079.0,Ottawa West--Nepean,40970,2287205000.0,46440,2032480000,Ontario,Ottawa West--Nepean,111881,84557,227,62913,99.5,307,0.5,63220,74.8,Liberal
35,35080.0,Oxford,44850,2436971000.0,47100,1771791000,Ontario,Oxford,108656,84045,234,56850,99.6,241,0.4,57091,67.9,Conservative
35,35081.0,Parkdale--High Park,37800,2728897000.0,42510,2226074000,Ontario,Parkdale--High Park,105103,80262,215,58567,99.5,269,0.5,58836,73.3,Liberal
35,35082.0,Parry Sound--Muskoka,37800,1867425000.0,39160,1442898000,Ontario,Parry Sound--Muskoka,91263,76070,220,51279,99.7,134,0.3,51413,67.6,Conservative
35,35083.0,Perth--Wellington,39050,2093022000.0,41290,1541321000,Ontario,Perth--Wellington,104912,76496,223,51851,99.6,186,0.4,52037,68.0,Conservative
35,35084.0,Peterborough--Kawartha,44720,2235169000.0,49840,1882528000,Ontario,Peterborough--Kawartha,115269,93190,267,66542,99.7,190,0.3,66732,71.6,Liberal
35,35085.0,Pickering--Uxbridge,42430,2715655000.0,46860,2131011000,Ontario,Pickering--Uxbridge,109344,86036,238,59159,99.6,222,0.4,59381,69.0,Liberal
35,35086.0,Renfrew--Nipissing--Pembroke,41030,2131745000.0,42220,1510780000,Ontario,Renfrew--Nipissing--Pembroke,102537,78959,233,57159,99.5,264,0.5,57423,72.7,Conservative
35,35087.0,Richmond Hill,44490,2550015000.0,49560,2018375000,Ontario,Richmond Hill,108658,80834,233,49113,99.5,253,0.5,49366,61.1,Liberal
35,35088.0,Carleton,39220,3049603000.0,41290,2194338000,Ontario,Carleton,89522,74185,193,59239,99.7,196,0.3,59435,80.1,Conservative
35,35089.0,St. Catharines,41970,2009673000.0,47950,1666498000,Ontario,St. Catharines,110596,85377,225,57591,99.6,243,0.4,57834,67.7,Liberal
35,35090.0,Toronto--St. Paul's,38240,4374502000.0,47070,3263767000,Ontario,Toronto--St. Paul's,103983,78885,205,56972,99.6,252,0.4,57224,72.5,Liberal
35,35091.0,Sarnia--Lambton,40550,2593530000.0,43680,1684308000,Ontario,Sarnia--Lambton,106293,81362,232,58125,99.5,267,0.5,58392,71.8,Conservative
35,35092.0,Sault Ste. Marie,31270,1577056000.0,34080,1200533000,Ontario,Sault Ste. Marie,82052,64365,177,43757,99.5,200,0.5,43957,68.3,Liberal
35,35093.0,Scarborough--Agincourt,41420,1514843000.0,47660,1395339000,Ontario,Scarborough--Agincourt,104499,70355,195,41556,99.4,248,0.6,41804,59.4,Liberal
35,35094.0,Scarborough Centre,40240,1472390000.0,44940,1290361000,Ontario,Scarborough Centre,108826,71847,193,45029,99.1,407,0.9,45436,63.2,Liberal
35,35095.0,Scarborough--Guildwood,36970,1367001000.0,40880,1182773000,Ontario,Scarborough--Guildwood,101914,65217,179,41917,99.5,198,0.5,42115,64.6,Liberal
35,35096.0,Scarborough North,38510,1252873000.0,42050,1105010000,Ontario,Scarborough North,101080,65651,169,39188,99.5,216,0.5,39404,60.0,Liberal
35,35097.0,Scarborough--Rouge Park,39640,1762346000.0,44380,1532100000,Ontario,Scarborough--Rouge Park,102646,73347,201,49655,99.5,235,0.5,49890,68.0,Liberal
35,35098.0,Scarborough Southwest,41240,1769291000.0,45220,1530361000,Ontario,Scarborough Southwest,106733,73580,217,48766,99.4,277,0.6,49043,66.7,Liberal
35,35099.0,Simcoe--Grey,51100,2994518000.0,54410,2162230000,Ontario,Simcoe--Grey,116307,97975,271,65747,99.7,225,0.3,65972,67.3,Conservative
35,35100.0,Simcoe North,45410,2201478000.0,48880,1785244000,Ontario,Simcoe North,108672,86859,255,57071,99.7,189,0.3,57260,65.9,Conservative
35,35101.0,Spadina--Fort York,43460,3769782000.0,44370,2580268000,Ontario,Spadina--Fort York,82480,79917,228,55148,99.5,268,0.5,55416,69.3,Liberal
35,35102.0,Stormont--Dundas--South Glengarry,40710,1877769000.0,43340,1484903000,Ontario,Stormont--Dundas--South Glengarry,100913,79274,240,53066,99.6,234,0.4,53300,67.2,Conservative
35,35103.0,Sudbury,34710,1890736000.0,38410,1505274000,Ontario,Sudbury,92048,73050,213,49629,99.6,209,0.4,49838,68.2,Liberal
35,35104.0,Thornhill,44810,2943930000.0,49490,2238943000,Ontario,Thornhill,110427,81672,222,54491,99.4,324,0.6,54815,67.1,Conservative
35,35105.0,Thunder Bay--Rainy River,31910,1638906000.0,33400,1206249000,Ontario,Thunder Bay--Rainy River,82984,63708,193,42083,99.6,176,0.4,42259,66.3,Liberal
35,35106.0,Thunder Bay--Superior North,32470,1735424000.0,34010,1300509000,Ontario,Thunder Bay--Superior North,82827,65195,207,44608,99.6,178,0.4,44786,68.7,Liberal
35,35107.0,Timmins--James Bay,31180,1710845000.0,31890,1064695000,Ontario,Timmins--James Bay,83104,61411,183,37271,99.3,266,0.7,37537,61.1,NDP
35,35108.0,Toronto Centre,45000,2827439000.0,38760,1666462000,Ontario,Toronto Centre,93971,73351,231,50602,99.5,266,0.5,50868,69.3,Liberal
35,35109.0,Toronto--Danforth,38430,2450030000.0,41570,2096001000,Ontario,Toronto--Danforth,104017,78540,202,55581,99.5,269,0.5,55850,71.1,Liberal
35,35110.0,University--Rosedale,45350,4776869000.0,47840,3034186000,Ontario,University--Rosedale,98605,77205,220,55925,99.5,300,0.5,56225,72.8,Liberal
35,35111.0,Vaughan--Woodbridge,40650,2557043000.0,43470,1855173000,Ontario,Vaughan--Woodbridge,105450,74742,193,47298,99.1,438,0.9,47736,63.9,Liberal
35,35112.0,Waterloo,42380,2857834000.0,44580,1947920000,Ontario,Waterloo,103192,81988,229,59849,99.7,198,0.3,60047,73.2,Liberal
35,35113.0,Wellington--Halton Hills,45830,3264884000.0,47840,2273886000,Ontario,Wellington--Halton Hills,115880,90117,251,63812,99.7,185,0.3,63997,71.0,Conservative
35,35114.0,Whitby,46140,3126127000.0,50630,2315000000,Ontario,Whitby,122022,92465,248,64516,99.6,235,0.4,64751,70.0,Liberal
35,35115.0,Willowdale,54330,2555593000.0,53840,2079315000,Ontario,Willowdale,109680,76301,205,45953,99.5,251,0.5,46204,60.6,Liberal
35,35116.0,Windsor--Tecumseh,43710,2336573000.0,48810,1780462000,Ontario,Windsor--Tecumseh,115528,87644,243,53344,99.6,209,0.4,53553,61.1,NDP
35,35117.0,Windsor West,47530,2104366000.0,49000,1494925000,Ontario,Windsor West,118973,86166,228,46905,99.4,284,0.6,47189,54.8,NDP
35,35118.0,York Centre,39540,1905313000.0,46250,1648056000,Ontario,York Centre,100277,65832,194,42944,99.3,319,0.7,43263,65.7,Liberal
35,35119.0,York--Simcoe,40360,2286148000.0,41570,1618172000,Ontario,York--Simcoe,94616,76055,205,47879,99.5,232,0.5,48111,63.3,Conservative
35,35120.0,York South--Weston,42910,1631773000.0,48350,1393265000,Ontario,York South--Weston,116606,72097,189,43706,99.2,362,0.8,44068,61.1,Liberal
35,35121.0,Humber River--Black Creek,41300,1328322000.0,45640,1087810000,Ontario,Humber River--Black Creek,108198,62928,184,35859,99.1,333,0.9,36192,57.5,Liberal
46,46001.0,Brandon--Souris,33270,1692472000.0,35270,1264832000,Manitoba,Brandon--Souris,83814,61327,192,41106,99.6,150,0.4,41256,67.3,Conservative
46,46002.0,Charleswood--St. James--Assiniboia--Headingley,30990,1902912000.0,34440,1495320000,Manitoba,Charleswood--St. James--Assiniboia--Headingley,81864,64081,177,47157,99.6,195,0.4,47352,73.9,Liberal
46,46003.0,Churchill--Keewatinook Aski,28170,874286000.0,27950,552492000,Manitoba,Churchill--Keewatinook Aski,85148,51994,147,29944,99.2,252,0.8,30196,58.1,NDP
46,46004.0,Dauphin--Swan River--Neepawa,32880,1405691000.0,33060,1043883000,Manitoba,Dauphin--Swan River--Neepawa,87374,63926,263,41598,99.6,160,0.4,41758,65.3,Conservative
46,46005.0,Elmwood--Transcona,34650,1617439000.0,37150,1265613000,Manitoba,Elmwood--Transcona,85906,65961,185,43086,99.6,182,0.4,43268,65.6,NDP
46,46006.0,Kildonan--St. Paul,32050,1786245000.0,35840,1434810000,Manitoba,Kildonan--St. Paul,81794,62299,193,43875,99.6,161,0.4,44036,70.7,Liberal
46,46007.0,Portage--Lisgar,34310,1684255000.0,35300,1132561000,Manitoba,Portage--Lisgar,91019,63180,204,41187,99.6,159,0.4,41346,65.4,Conservative
46,46008.0,Provencher,38440,2000634000.0,37950,1268599000,Manitoba,Provencher,88640,66108,177,44745,99.6,169,0.4,44914,67.9,Conservative
46,46009.0,Saint Boniface--Saint Vital,33820,1934737000.0,37380,1563219000,Manitoba,Saint Boniface--Saint Vital,84353,66205,196,48823,99.7,152,0.3,48975,74.0,Liberal
46,46010.0,Selkirk--Interlake--Eastman,37430,1899989000.0,38120,1333306000,Manitoba,Selkirk--Interlake--Eastman,91463,72259,271,49363,99.6,216,0.4,49579,68.6,Conservative
46,46011.0,Winnipeg Centre,34660,1220584000.0,34460,980062000,Manitoba,Winnipeg Centre,82026,56988,162,33885,99.2,281,0.8,34166,60.0,Liberal
46,46012.0,Winnipeg North,35830,1273650000.0,37480,1053453000,Manitoba,Winnipeg North,88616,58573,160,33964,99.2,269,0.8,34233,58.4,Liberal
46,46013.0,Winnipeg South,39650,2179699000.0,40970,1644419000,Manitoba,Winnipeg South,85540,64595,179,48199,99.6,203,0.4,48402,74.9,Liberal
46,46014.0,Winnipeg South Centre,34730,2486750000.0,38940,1955080000,Manitoba,Winnipeg South Centre,90711,70487,198,53571,99.7,188,0.3,53759,76.3,Liberal
47,47001.0,Battlefords--Lloydminster,27420,1434302000.0,27850,958442000,Saskatchewan,Battlefords--Lloydminster,70034,50917,137,33678,99.5,186,0.5,33864,66.5,Conservative
47,47002.0,Cypress Hills--Grasslands,27240,1545129000.0,27540,1066025000,Saskatchewan,Cypress Hills--Grasslands,67834,50874,181,36207,99.7,99,0.3,36306,71.4,Conservative
47,47003.0,Desnethé--Missinippi--Churchill River,24030,803162000.0,24360,558327000,Saskatchewan,Desnethé--Missinippi--Churchill River,69471,46824,179,30213,99.7,91,0.3,30304,64.7,NDP
47,47004.0,Carlton Trail--Eagle Creek,29550,1749247000.0,29170,1070083000,Saskatchewan,Carlton Trail--Eagle Creek,72607,56074,182,40179,99.7,109,0.3,40288,71.8,Conservative
47,47005.0,Moose Jaw--Lake Centre--Lanigan,30100,1826431000.0,30530,1201232000,Saskatchewan,Moose Jaw--Lake Centre--Lanigan,76106,58335,180,41965,99.7,142,0.3,42107,72.2,Conservative
47,47006.0,Prince Albert,30760,1541841000.0,33250,1178793000,Saskatchewan,Prince Albert,79344,57794,177,39510,99.7,103,0.3,39613,68.5,Conservative
47,47007.0,Regina--Lewvan,34910,2267132000.0,37250,1764883000,Saskatchewan,Regina--Lewvan,79587,64325,172,47834,99.6,181,0.4,48015,74.6,NDP
47,47008.0,Regina--Qu'Appelle,28060,1415713000.0,28600,1040752000,Saskatchewan,Regina--Qu'Appelle,72891,54240,172,36883,99.6,152,0.4,37035,68.3,Conservative
47,47009.0,Regina--Wascana,32830,2104561000.0,34200,1583247000,Saskatchewan,Regina--Wascana,77208,57504,171,42723,99.6,176,0.4,42899,74.6,Liberal
47,47010.0,Saskatoon--Grasswood,31960,2170737000.0,35160,1612178000,Saskatchewan,Saskatoon--Grasswood,72010,59665,178,46086,99.7,137,0.3,46223,77.5,Conservative
47,47011.0,Saskatoon--University,30500,2089512000.0,32440,1504606000,Saskatchewan,Saskatoon--University,76257,58394,152,44773,99.7,130,0.3,44903,76.9,Conservative
47,47012.0,Saskatoon West,32490,1597628000.0,33820,1172131000,Saskatchewan,Saskatoon West,76704,57021,149,37715,99.6,170,0.4,37885,66.4,NDP
47,47013.0,Souris--Moose Mountain,29850,1920551000.0,29250,1128594000,Saskatchewan,Souris--Moose Mountain,72058,52963,187,37516,99.7,126,0.3,37642,71.1,Conservative
47,47014.0,Yorkton--Melville,27540,1420181000.0,27830,951598000,Saskatchewan,Yorkton--Melville,71270,54475,202,36613,99.7,95,0.3,36708,67.4,Conservative
48,48001.0,Banff--Airdrie,52690,4292695000.0,53850,2522513000,Alberta,Banff--Airdrie,105442,93079,235,66638,99.7,179,0.3,66817,71.8,Conservative
48,48002.0,Battle River--Crowfoot,47510,2867263000.0,48040,1784246000,Alberta,Battle River--Crowfoot,107140,81746,249,58769,99.7,160,0.3,58929,72.1,Conservative
48,48003.0,Bow River,43900,2724267000.0,43390,1647923000,Alberta,Bow River,103871,76093,208,49988,99.7,151,0.3,50139,65.9,Conservative
48,48004.0,Calgary Centre,48800,5415017000.0,46870,3053116000,Alberta,Calgary Centre,108931,87697,215,61249,99.6,227,0.4,61476,70.1,Liberal
48,48005.0,Calgary Confederation,44280,3806319000.0,46820,2625820000,Alberta,Calgary Confederation,111785,91061,231,66808,99.7,216,0.3,67024,73.6,Conservative
48,48006.0,Calgary Forest Lawn,42850,1806756000.0,41940,1264949000,Alberta,Calgary Forest Lawn,108251,75336,201,41047,99.2,345,0.8,41392,54.9,Conservative
48,48007.0,Calgary Heritage,41840,3333899000.0,45210,2241818000,Alberta,Calgary Heritage,108320,80767,202,58430,99.6,228,0.4,58658,72.6,Conservative
48,48008.0,Calgary Midnapore,47030,3686797000.0,49520,2333259000,Alberta,Calgary Midnapore,111227,87848,224,63562,99.7,179,0.3,63741,72.6,Conservative
48,48009.0,Calgary Nose Hill,43240,2834647000.0,45690,1990456000,Alberta,Calgary Nose Hill,109286,82243,206,54562,99.5,255,0.5,54817,66.7,Conservative
48,48010.0,Calgary Rocky Ridge,47810,3809814000.0,51120,2491169000,Alberta,Calgary Rocky Ridge,108901,88007,219,63292,99.7,167,0.3,63459,72.1,Conservative
48,48011.0,Calgary Shepard,53850,4234816000.0,54530,2567087000,Alberta,Calgary Shepard,110296,98085,244,66351,99.7,208,0.3,66559,67.9,Conservative
48,48012.0,Calgary Signal Hill,42790,4231670000.0,47130,2683607000,Alberta,Calgary Signal Hill,109647,85530,223,62519,99.7,189,0.3,62708,73.3,Conservative
48,48013.0,Calgary Skyview,51260,2289834000.0,51380,1566750000,Alberta,Calgary Skyview,110189,74604,181,44993,99.3,310,0.7,45303,60.7,Liberal
48,48014.0,Edmonton Centre,43060,2792515000.0,42340,1993562000,Alberta,Edmonton Centre,106121,80173,202,53512,99.6,234,0.4,53746,67.0,Liberal
48,48015.0,Edmonton Griesbach,45140,2111246000.0,43280,1419835000,Alberta,Edmonton Griesbach,107809,81625,219,47942,99.4,289,0.6,48231,59.1,Conservative
48,48016.0,Edmonton Manning,44590,2585568000.0,46890,1762076000,Alberta,Edmonton Manning,106262,81361,185,49001,99.6,185,0.4,49186,60.5,Conservative
48,48017.0,Edmonton Mill Woods,44730,2375444000.0,45420,1573608000,Alberta,Edmonton Mill Woods,106103,74651,191,49517,99.5,227,0.5,49744,66.6,Liberal
48,48018.0,Edmonton Riverbend,44720,3752219000.0,47690,2475320000,Alberta,Edmonton Riverbend,106302,82290,203,57740,99.7,178,0.3,57918,70.4,Conservative
48,48019.0,Edmonton Strathcona,39430,2654605000.0,40120,1911357000,Alberta,Edmonton Strathcona,103183,78635,205,55604,99.6,217,0.4,55821,71.0,NDP
48,48020.0,Edmonton West,44750,2980524000.0,48010,2097273000,Alberta,Edmonton West,104422,81144,207,53457,99.6,233,0.4,53690,66.2,Conservative
48,48021.0,Edmonton--Wetaskiwin,60490,4208363000.0,61980,2488177000,Alberta,Edmonton--Wetaskiwin,110644,100871,262,68344,99.7,197,0.3,68541,67.9,Conservative
48,48022.0,Foothills,40860,3520350000.0,42090,1904252000,Alberta,Foothills,105515,83675,232,60986,99.8,141,0.2,61127,73.1,Conservative
48,48023.0,Fort McMurray--Cold Lake,42750,4358376000.0,37340,1744132000,Alberta,Fort McMurray--Cold Lake,101538,77960,224,47266,99.7,158,0.3,47424,60.8,Conservative
48,48024.0,Grande Prairie--Mackenzie,44880,3191912000.0,43200,1695725000,Alberta,Grande Prairie--Mackenzie,106738,82665,208,53343,99.7,158,0.3,53501,64.7,Conservative
48,48025.0,Lakeland,43490,2710662000.0,43120,1588072000,Alberta,Lakeland,104616,79721,233,54779,99.7,155,0.3,54934,68.9,Conservative
48,48026.0,Lethbridge,43350,2498198000.0,45470,1774507000,Alberta,Lethbridge,105999,84335,236,56943,99.7,158,0.3,57101,67.7,Conservative
48,48027.0,Medicine Hat--Cardston--Warner,40300,2276955000.0,42570,1483515000,Alberta,Medicine Hat--Cardston--Warner,102847,77892,220,50650,99.8,118,0.2,50768,65.2,Conservative
48,48028.0,Peace River--Westlock,40560,2371625000.0,39450,1314906000,Alberta,Peace River--Westlock,108095,77515,227,49519,99.7,170,0.3,49689,64.1,Conservative
48,48029.0,Red Deer--Mountain View,41790,2841838000.0,43450,1786256000,Alberta,Red Deer--Mountain View,110793,88322,236,62212,99.8,135,0.2,62347,70.6,Conservative
48,48030.0,Red Deer--Lacombe,45610,2963638000.0,46360,1760666000,Alberta,Red Deer--Lacombe,113693,89092,237,61662,99.7,176,0.3,61838,69.4,Conservative
48,48031.0,St. Albert--Edmonton,44410,3320268000.0,47420,2185661000,Alberta,St. Albert--Edmonton,105162,85187,221,59208,99.8,146,0.2,59354,69.7,Conservative
48,48032.0,Sherwood Park--Fort Saskatchewan,46620,4120761000.0,47710,2370652000,Alberta,Sherwood Park--Fort Saskatchewan,111541,90289,266,66686,99.7,180,0.3,66866,74.1,Conservative
48,48033.0,Sturgeon River--Parkland,50440,3834000000.0,49890,2064798000,Alberta,Sturgeon River--Parkland,105733,86994,238,61537,99.7,157,0.3,61694,70.9,Conservative
48,48034.0,Yellowhead,35790,2367657000.0,34300,1217472000,Alberta,Yellowhead,98855,76011,245,52525,99.7,161,0.3,52686,69.3,Conservative
59,59001.0,Abbotsford,39350,1980767000.0,41610,1371642000,British Columba,Abbotsford,96819,69299,181,48124,99.6,202,0.4,48326,69.7,Conservative
59,59002.0,Burnaby North--Seymour,39670,2482823000.0,42410,1828779000,British Columba,Burnaby North--Seymour,100632,74982,191,52480,99.5,260,0.5,52740,70.3,Liberal
59,59003.0,Burnaby South,44850,2197317000.0,49140,1690398000,British Columba,Burnaby South,105037,75950,196,45887,99.4,275,0.6,46162,60.8,NDP
59,59004.0,Cariboo--Prince George,42320,2326764000.0,42810,1447890000,British Columba,Cariboo--Prince George,108252,79517,225,53734,99.6,216,0.4,53950,67.8,Conservative
59,59005.0,Central Okanagan--Similkameen--Nicola,44870,2430921000.0,49170,1775505000,British Columba,Central Okanagan--Similkameen--Nicola,104398,87600,229,61973,99.7,191,0.3,62164,71.0,Conservative
59,59006.0,Chilliwack--Hope,38860,1984353000.0,41530,1387215000,British Columba,Chilliwack--Hope,92734,72874,196,50661,99.7,154,0.3,50815,69.7,Conservative
59,59007.0,Cloverdale--Langley City,43070,2486087000.0,46860,1734290000,British Columba,Cloverdale--Langley City,100318,78189,188,54075,99.7,186,0.3,54261,69.4,Liberal
59,59008.0,Coquitlam--Port Coquitlam,47110,2622265000.0,51310,1858422000,British Columba,Coquitlam--Port Coquitlam,110277,85122,208,56511,99.5,287,0.5,56798,66.7,Liberal
59,59009.0,Courtenay--Alberni,47120,2377611000.0,51430,1804048000,British Columba,Courtenay--Alberni,110391,92266,270,69849,99.7,185,0.3,70034,75.9,NDP
59,59010.0,Cowichan--Malahat--Langford,42450,2272773000.0,45830,1682741000,British Columba,Cowichan--Malahat--Langford,99160,81888,227,61778,99.6,230,0.4,62008,75.7,NDP
59,59011.0,Delta,40210,2477693000.0,42760,1756202000,British Columba,Delta,100588,75044,212,55689,99.6,200,0.4,55889,74.5,Liberal
59,59012.0,Fleetwood--Port Kells,44950,2105976000.0,47290,1507322000,British Columba,Fleetwood--Port Kells,109742,75150,205,48763,99.5,269,0.5,49032,65.2,Liberal
59,59013.0,Kamloops--Thompson--Cariboo,50490,2784570000.0,52600,1881146000,British Columba,Kamloops--Thompson--Cariboo,118618,95347,273,69765,99.8,174,0.2,69939,73.4,Conservative
59,59014.0,Kelowna--Lake Country,48290,2937210000.0,51040,2092146000,British Columba,Kelowna--Lake Country,110051,91131,234,64155,99.6,230,0.4,64385,70.7,Liberal
59,59015.0,Kootenay--Columbia,45190,2575679000.0,45910,1597806000,British Columba,Kootenay--Columbia,107589,86895,260,63206,99.7,197,0.3,63403,73.0,NDP
59,59016.0,Langley--Aldergrove,45170,2898403000.0,47950,1956643000,British Columba,Langley--Aldergrove,103084,83065,209,59896,99.7,204,0.3,60100,72.4,Conservative
59,59017.0,Mission--Matsqui--Fraser Canyon,37130,1754794000.0,37810,1137874000,British Columba,Mission--Matsqui--Fraser Canyon,90871,63744,187,44651,99.5,209,0.5,44860,70.4,Liberal
59,59018.0,Nanaimo--Ladysmith,48130,2463880000.0,52650,1926626000,British Columba,Nanaimo--Ladysmith,114998,95200,252,71241,99.8,158,0.2,71399,75.0,NDP
59,59019.0,New Westminster--Burnaby,44580,2238959000.0,48130,1779926000,British Columba,New Westminster--Burnaby,108652,80394,197,52642,99.3,363,0.7,53005,65.9,NDP
59,59020.0,North Okanagan--Shuswap,51110,2653204000.0,54970,1886752000,British Columba,North Okanagan--Shuswap,121474,97554,275,69954,99.8,152,0.2,70106,71.9,Conservative
59,59021.0,North Vancouver,44120,3279297000.0,49390,2394773000,British Columba,North Vancouver,109639,85219,207,64354,99.7,218,0.3,64572,75.8,Liberal
59,59022.0,Pitt Meadows--Maple Ridge,38340,2314622000.0,41170,1571180000,British Columba,Pitt Meadows--Maple Ridge,94111,72635,185,52150,99.8,121,0.2,52271,72.0,Liberal
59,59023.0,Port Moody--Coquitlam,42790,2638723000.0,45490,1854518000,British Columba,Port Moody--Coquitlam,108326,79555,211,54667,99.7,174,0.3,54841,68.9,NDP
59,59024.0,Prince George--Peace River--Northern Rockies,42960,2810508000.0,40880,1482842000,British Columba,Prince George--Peace River--Northern Rockies,107382,78250,230,51859,99.6,197,0.4,52056,66.5,Conservative
59,59025.0,Richmond Centre,39570,1816021000.0,45250,1529459000,British Columba,Richmond Centre,93863,69678,175,39862,99.4,227,0.6,40089,57.5,Conservative
59,59026.0,Esquimalt--Saanich--Sooke,46030,2481720000.0,49440,1970149000,British Columba,Esquimalt--Saanich--Sooke,113004,91056,227,68081,99.7,199,0.3,68280,75.0,NDP
59,59027.0,Saanich--Gulf Islands,42250,2626548000.0,47370,2183977000,British Columba,Saanich--Gulf Islands,104285,86863,238,68140,99.7,201,0.3,68341,78.7,Green Party
59,59028.0,Skeena--Bulkley Valley,34050,1742216000.0,33290,1054472000,British Columba,Skeena--Bulkley Valley,90586,64846,217,44109,99.6,157,0.4,44266,68.3,NDP
59,59029.0,South Okanagan--West Kootenay,49770,2495655000.0,52380,1797350000,British Columba,South Okanagan--West Kootenay,112096,91999,274,66594,99.7,216,0.3,66810,72.6,NDP
59,59030.0,South Surrey--White Rock,39530,2967419000.0,45570,2169221000,British Columba,South Surrey--White Rock,94678,76833,207,56631,99.6,219,0.4,56850,74.0,Conservative
59,59031.0,Steveston--Richmond East,40250,1911612000.0,44610,1527195000,British Columba,Steveston--Richmond East,96610,72225,186,43225,99.3,287,0.7,43512,60.2,Liberal
59,59032.0,Surrey Centre,48680,1784120000.0,47030,1202726000,British Columba,Surrey Centre,111486,71966,176,43198,99.2,352,0.8,43550,60.5,Liberal
59,59033.0,Surrey--Newton,44410,1752180000.0,46190,1216437000,British Columba,Surrey--Newton,105183,65954,164,44424,99.3,328,0.7,44752,67.9,Liberal
59,59034.0,Vancouver Centre,54350,4580180000.0,52490,2854738000,British Columba,Vancouver Centre,102480,88470,217,58048,99.6,247,0.4,58295,65.9,Liberal
59,59035.0,Vancouver East,47690,2334540000.0,47570,1835432000,British Columba,Vancouver East,110097,89324,226,58708,99.3,405,0.7,59113,66.2,NDP
59,59036.0,Vancouver Granville,39770,3172274000.0,46580,2593432000,British Columba,Vancouver Granville,99886,80488,204,53824,99.7,186,0.3,54010,67.1,Liberal
59,59037.0,North Island--Powell River,42500,2228229000.0,44070,1512269000,British Columba,North Island--Powell River,103458,81377,276,60536,99.7,177,0.3,60713,74.6,NDP
59,59038.0,Vancouver Kingsway,40470,1777388000.0,44390,1503610000,British Columba,Vancouver Kingsway,102003,72438,180,45396,99.0,471,1.0,45867,63.3,NDP
59,59039.0,Vancouver Quadra,37420,3414093000.0,43800,2578605000,British Columba,Vancouver Quadra,102416,76038,198,52972,99.7,144,0.3,53116,69.9,Liberal
59,59040.0,Vancouver South,39970,1695200000.0,44530,1472797000,British Columba,Vancouver South,100966,70992,184,44611,99.4,259,0.6,44870,63.2,Liberal
59,59041.0,Victoria,45130,2806408000.0,51740,2463542000,British Columba,Victoria,110942,94627,251,71895,99.7,241,0.3,72136,76.2,NDP
59,59042.0,West Vancouver--Sunshine Coast--Sea to Sky Country,47470,3874496000.0,51380,2611750000,British Columba,West Vancouver--Sunshine Coast--Sea to Sky Country,112875,90554,244,66458,99.7,173,0.3,66631,73.6,Liberal
60,60001.0,Yukon,14260,841179000.0,14450,729651000,Yukon,Yukon,33897,26879,82,20291,99.5,94,0.5,20385,75.8,Liberal
61,61001.0,Northwest Territories,16310,1065921000.0,15570,824421000,Northwest Territories,Northwest Territories,41462,30110,91,18973,99.5,104,0.5,19077,63.4,Liberal
62,62001.0,Nunavut,10780,554056000.0,10660,485793000,Nunavut,Nunavut,31906,20252,59,11928,99.2,95,0.8,12023,59.4,Liberal
