Prov/Terr,FED ID,Federal Electoral Districts_x,Total,Total Income,Net Income,Taxable Income,Income per Resident,Province,Federal Electoral Districts_y,Population,Electors,Polling Stations,Valid Ballots,Percentage of Valid Ballots,Rejected Ballots,Percentage of Rejected Ballots,Total Ballots Cast,Percentage of Voter Turnout,Party Won
10,10001.0,Avalon,72030,3425814000.0,3168392000.0,3060218000.0,47560.932944606415,Newfoundland and Labrador,Avalon,81540.0,68487.0,220.0,42086.0,99.6,162.0,0.4,42248.0,61.7,Liberal
10,10002.0,Bonavista--Burin--Trinity,64920,2453784000.0,2303218000.0,2185134000.0,37797.04251386321,Newfoundland and Labrador,Bonavista--Burin--Trinity,76704.0,62462.0,260.0,35092.0,99.5,173.0,0.5,35265.0,56.5,Liberal
10,10003.0,Coast of Bays--Central--Notre Dame,65130,2458068000.0,2286474000.0,2173178000.0,37740.948871487795,Newfoundland and Labrador,Coast of Bays--Central--Notre Dame,78092.0,64226.0,233.0,35448.0,99.6,145.0,0.4,35593.0,55.4,Liberal
10,10004.0,Labrador,20830,1169248000.0,1089412000.0,992898000.0,56132.885261641866,Newfoundland and Labrador,Labrador,26728.0,20045.0,84.0,12373.0,99.6,53.0,0.4,12426.0,62.0,Liberal
10,10005.0,Long Range Mountains,77250,2914423000.0,2714495000.0,2579982000.0,37727.15857605178,Newfoundland and Labrador,Long Range Mountains,87592.0,71918.0,253.0,41824.0,99.7,108.0,0.3,41932.0,58.3,Liberal
10,10006.0,St. John's East,66670,3668269000.0,3345338000.0,3268761000.0,55021.28393580321,Newfoundland and Labrador,St. John's East,81936.0,66304.0,186.0,44880.0,99.8,111.0,0.2,44991.0,67.9,Liberal
10,10007.0,St. John's South--Mount Pearl,66270,3086318000.0,2836073000.0,2739070000.0,46571.87264222121,Newfoundland and Labrador,St. John's South--Mount Pearl,81944.0,67596.0,185.0,44801.0,99.7,133.0,0.3,44934.0,66.5,Liberal
TOTAL,,,433100,19175924000.0,17743402000.0,16999241000.0,44275.973216347265,,,,,,,,,,,,
11,11001.0,Cardigan,29970,1237610000.0,1140059000.0,1103647000.0,41294.961628294965,Prince Edward Island,Cardigan,36005.0,28889.0,90.0,22485.0,99.6,96.0,0.4,22581.0,78.2,Liberal
11,11002.0,Charlottetown,29650,1192487000.0,1098089000.0,1060050000.0,40218.78583473861,Prince Edward Island,Charlottetown,34562.0,28129.0,82.0,21165.0,99.5,99.0,0.5,21264.0,75.6,Liberal
11,11003.0,Egmont,29310,1079972000.0,1003318000.0,959122000.0,36846.53701808256,Prince Edward Island,Egmont,34598.0,27858.0,86.0,21362.0,99.6,87.0,0.4,21449.0,77.0,Liberal
11,11004.0,Malpeque,28880,1194581000.0,1098945000.0,1059173000.0,41363.608033241,Prince Edward Island,Malpeque,35039.0,28629.0,81.0,22472.0,99.5,102.0,0.5,22574.0,78.9,Liberal
TOTAL,,,117810,4704650000.0,4340412000.0,4181993000.0,39934.2161106867,,,,,,,,,,,,
12,12001.0,Cape Breton--Canso,59950,2234171000.0,2074721000.0,1980399000.0,37267.23936613845,Nova Scotia,Cape Breton--Canso,75247.0,60785.0,218.0,43237.0,99.4,274.0,0.6,43511.0,71.6,Liberal
12,12002.0,Central Nova,60040,2370409000.0,2190341000.0,2106315000.0,39480.49633577615,Nova Scotia,Central Nova,74597.0,60594.0,224.0,44263.0,99.5,233.0,0.5,44496.0,73.4,Liberal
12,12003.0,Cumberland--Colchester,66070,2418184000.0,2242671000.0,2156801000.0,36600.33298017254,Nova Scotia,Cumberland--Colchester,82321.0,65461.0,218.0,46332.0,99.6,178.0,0.4,46510.0,71.0,Liberal
12,12004.0,Dartmouth--Cole Harbour,74670,3360261000.0,3056811000.0,2990209000.0,45001.48654077943,Nova Scotia,Dartmouth--Cole Harbour,91212.0,73710.0,200.0,52270.0,99.6,201.0,0.4,52471.0,71.2,Liberal
12,12005.0,Halifax,72440,3582762000.0,3290294000.0,3209508000.0,49458.33793484263,Nova Scotia,Halifax,92643.0,73379.0,208.0,53032.0,99.5,259.0,0.5,53291.0,72.6,Liberal
12,12006.0,Halifax West,75220,3719510000.0,3389142000.0,3331581000.0,49448.4179739431,Nova Scotia,Halifax West,87275.0,70515.0,238.0,50079.0,99.6,181.0,0.4,50260.0,71.3,Liberal
12,12007.0,Kings--Hants,67220,2632211000.0,2429195000.0,2353692000.0,39158.1523356144,Nova Scotia,Kings--Hants,83306.0,67213.0,218.0,46686.0,99.6,202.0,0.4,46888.0,69.8,Liberal
12,12008.0,Sackville--Preston--Chezzetcook,69410,3231041000.0,2949533000.0,2896662000.0,46550.07923930269,Nova Scotia,Sackville--Preston--Chezzetcook,85583.0,68040.0,196.0,48301.0,99.6,180.0,0.4,48481.0,71.3,Liberal
12,12009.0,South Shore--St. Margarets,78020,3192345000.0,2938695000.0,2823590000.0,40917.00845936939,Nova Scotia,South Shore--St. Margarets,92561.0,76181.0,253.0,52775.0,99.6,226.0,0.4,53001.0,69.6,Liberal
12,12010.0,Sydney--Victoria,60190,2074518000.0,1928247000.0,1829330000.0,34466.15716896494,Nova Scotia,Sydney--Victoria,73328.0,59994.0,202.0,40974.0,99.4,236.0,0.6,41210.0,68.7,Liberal
12,12011.0,West Nova,70150,2465920000.0,2288974000.0,2183204000.0,35152.102637205986,Nova Scotia,West Nova,83654.0,67059.0,227.0,45679.0,99.4,271.0,0.6,45950.0,68.5,Liberal
TOTAL,,,753400,31281331000.0,28778623000.0,27861290000.0,41520.21635253517,,,,,,,,,,,,
13,13001.0,Acadie--Bathurst,68360,2408636000.0,2248847000.0,2130475000.0,35234.58162668227,New Brunswick/Nouveau-Brunswick,Acadie--Bathurst,79340.0,66799.0,237.0,50963.0,99.3,336.0,0.7,51299.0,76.8,Liberal
13,13002.0,Beauséjour,69250,2802172000.0,2578629000.0,2499544000.0,40464.57761732852,New Brunswick/Nouveau-Brunswick,Beauséjour,80416.0,66891.0,215.0,52936.0,99.4,320.0,0.6,53256.0,79.6,Liberal
13,13003.0,Fredericton,64650,2913354000.0,2638116000.0,2585539000.0,45063.48027842227,New Brunswick/Nouveau-Brunswick,Fredericton,81759.0,61947.0,168.0,46722.0,99.6,188.0,0.4,46910.0,75.7,Liberal
13,13004.0,Fundy Royal,64050,2806496000.0,2559719000.0,2503047000.0,43817.26775956284,New Brunswick/Nouveau-Brunswick,Fundy Royal,79331.0,63089.0,193.0,46820.0,99.5,241.0,0.5,47061.0,74.6,Liberal
13,13005.0,Madawaska--Restigouche,52220,1832242000.0,1694801000.0,1603950000.0,35086.9781692838,New Brunswick/Nouveau-Brunswick,Madawaska--Restigouche,62540.0,50907.0,171.0,37306.0,99.1,348.0,0.9,37654.0,74.0,Liberal
13,13006.0,Miramichi--Grand Lake,48480,1614641000.0,1504310000.0,1431317000.0,33305.301155115514,New Brunswick/Nouveau-Brunswick,Miramichi--Grand Lake,59343.0,48331.0,160.0,36364.0,99.3,256.0,0.7,36620.0,75.8,Liberal
13,13007.0,Moncton--Riverview--Dieppe,75080,3066088000.0,2813633000.0,2734771000.0,40837.613212573255,New Brunswick/Nouveau-Brunswick,Moncton--Riverview--Dieppe,89484.0,71982.0,192.0,52041.0,99.4,311.0,0.6,52352.0,72.7,Liberal
13,13008.0,New Brunswick Southwest,53530,2193562000.0,2013000000.0,1955252000.0,40978.18045955539,New Brunswick/Nouveau-Brunswick,New Brunswick Southwest,66197.0,51729.0,180.0,37926.0,99.4,220.0,0.6,38146.0,73.7,Liberal
13,13009.0,Saint John--Rothesay,64080,2708692000.0,2491646000.0,2411785000.0,42270.47440699126,New Brunswick/Nouveau-Brunswick,Saint John--Rothesay,82129.0,61722.0,176.0,42281.0,99.5,205.0,0.5,42486.0,68.8,Liberal
13,13010.0,Tobique--Mactaquac,55650,2068388000.0,1919871000.0,1841232000.0,37167.798742138366,New Brunswick/Nouveau-Brunswick,Tobique--Mactaquac,70632.0,54145.0,184.0,38427.0,99.4,248.0,0.6,38675.0,71.4,Liberal
TOTAL,,,615360,24414271000.0,22462573000.0,21696913000.0,39674.77736609464,,,,,,,,,,,,
24,24001.0,Abitibi--Baie-James--Nunavik--Eeyou,62830,2472070000.0,2268438000.0,2096956000.0,39345.37641254178,Quebec,Abitibi--Baie-James--Nunavik--Eeyou,85475.0,63632.0,191.0,34518.0,98.3,609.0,1.7,35127.0,55.2,NDP
24,24002.0,Abitibi--Témiscamingue,83840,3553223000.0,3263713000.0,3113290000.0,42380.99952290076,Quebec,Abitibi--Témiscamingue,102794.0,82968.0,272.0,49729.0,98.5,741.0,1.5,50470.0,60.8,NDP
24,24003.0,Ahuntsic-Cartierville,89820,3651245000.0,3341924000.0,3199294000.0,40650.690269427745,Quebec,Ahuntsic-Cartierville,110473.0,83208.0,223.0,55567.0,98.9,630.0,1.1,56197.0,67.5,Liberal
24,24004.0,Alfred-Pellan,80660,3671183000.0,3340429000.0,3250928000.0,45514.29456979916,Quebec,Alfred-Pellan,98045.0,78524.0,207.0,55169.0,98.8,679.0,1.2,55848.0,71.1,Liberal
24,24005.0,Argenteuil--La Petite-Nation,78070,3008332000.0,2753204000.0,2624076000.0,38533.77737927501,Quebec,Argenteuil--La Petite-Nation,94208.0,78836.0,245.0,51066.0,98.8,601.0,1.2,51667.0,65.5,Liberal
24,24006.0,Avignon--La Mitis--Matane--Matapédia,60560,2004118000.0,1857036000.0,1736367000.0,33093.09775429326,Quebec,Avignon--La Mitis--Matane--Matapédia,74547.0,60890.0,215.0,36356.0,98.9,416.0,1.1,36772.0,60.4,Liberal
24,24007.0,Beauce,88070,3340556000.0,3072492000.0,2927140000.0,37930.691495401385,Quebec,Beauce,106337.0,85698.0,263.0,55882.0,98.7,712.0,1.3,56594.0,66.0,Conservative
24,24008.0,Beauport--Limoilou,77740,2895465000.0,2630215000.0,2499872000.0,37245.49781322356,Quebec,Beauport--Limoilou,92944.0,78799.0,220.0,50558.0,98.2,941.0,1.8,51499.0,65.4,Conservative
24,24009.0,Bécancour--Nicolet--Saurel,78150,2962666000.0,2699822000.0,2560419000.0,37909.99360204735,Quebec,Bécancour--Nicolet--Saurel,93779.0,78734.0,231.0,52205.0,98.2,958.0,1.8,53163.0,67.5,Bloc Québécois
24,24010.0,Bellechasse--Les Etchemins--Lévis,95240,3978108000.0,3598643000.0,3464461000.0,41769.29861402772,Quebec,Bellechasse--Les Etchemins--Lévis,112385.0,92719.0,277.0,62598.0,98.7,824.0,1.3,63422.0,68.4,Conservative
24,24011.0,Beloeil--Chambly,93070,4730364000.0,4275851000.0,4182707000.0,50825.87299881809,Quebec,Beloeil--Chambly,109955.0,91204.0,260.0,66438.0,98.6,950.0,1.4,67388.0,73.9,NDP
24,24012.0,Berthier--Maskinongé,86630,3128449000.0,2870437000.0,2721300000.0,36112.76693985917,Quebec,Berthier--Maskinongé,98590.0,82996.0,267.0,54406.0,98.5,844.0,1.5,55250.0,66.6,NDP
24,24013.0,Thérèse-De Blainville,81070,4276452000.0,3878944000.0,3792250000.0,52750.117182681635,Quebec,Thérèse-De Blainville,98499.0,79440.0,216.0,56248.0,98.2,1007.0,1.8,57255.0,72.1,Liberal
24,24014.0,Pierre-Boucher--Les Patriotes--Verchères,81490,4596476000.0,4138628000.0,4041962000.0,56405.39943551356,Quebec,Pierre-Boucher--Les Patriotes--Verchères,95326.0,78855.0,226.0,59390.0,98.7,800.0,1.3,60190.0,76.3,Bloc Québécois
24,24015.0,Bourassa,76510,2201845000.0,2056031000.0,1911683000.0,28778.525682917265,Quebec,Bourassa,100286.0,71070.0,184.0,41129.0,98.0,859.0,2.0,41988.0,59.1,Liberal
24,24016.0,Brome--Missisquoi,86810,3686925000.0,3365344000.0,3231960000.0,42471.20147448451,Quebec,Brome--Missisquoi,98616.0,85118.0,255.0,58675.0,98.8,716.0,1.2,59391.0,69.8,Liberal
24,24017.0,Brossard--Saint-Lambert,87080,4502396000.0,4080467000.0,3973207000.0,51704.13412953606,Quebec,Brossard--Saint-Lambert,100828.0,83766.0,215.0,57260.0,99.1,549.0,0.9,57809.0,69.0,Liberal
24,24018.0,Rimouski-Neigette--Témiscouata--Les Basques,71590,2706354000.0,2480406000.0,2350015000.0,37803.520044698984,Quebec,Rimouski-Neigette--Témiscouata--Les Basques,84809.0,70182.0,220.0,44946.0,98.9,493.0,1.1,45439.0,64.7,NDP
24,24019.0,Charlesbourg--Haute-Saint-Charles,86940,3795622000.0,3410151000.0,3331679000.0,43657.94801012192,Quebec,Charlesbourg--Haute-Saint-Charles,103331.0,84830.0,228.0,58256.0,98.5,866.0,1.5,59122.0,69.7,Conservative
24,24020.0,Beauport--Côte-de-Beaupré--Île d’Orléans--Charlevoix,78450,3347711000.0,3004793000.0,2905556000.0,42673.18036966221,Quebec,Beauport--Côte-de-Beaupré--Île d'Orléans--Charlevoix,92496.0,76528.0,230.0,50456.0,98.4,846.0,1.6,51302.0,67.0,Conservative
24,24021.0,Châteauguay--Lacolle,80680,3228119000.0,2960335000.0,2854637000.0,40011.39067922658,Quebec,Châteauguay--Lacolle,92169.0,76129.0,213.0,51782.0,98.3,909.0,1.7,52691.0,69.2,Liberal
24,24022.0,Chicoutimi--Le Fjord,67730,2791741000.0,2518639000.0,2422121000.0,41218.677100251,Quebec,Chicoutimi--Le Fjord,81501.0,66821.0,186.0,43805.0,98.3,745.0,1.7,44550.0,66.7,Liberal
24,24023.0,Compton--Stanstead,84090,3390685000.0,3094919000.0,2983644000.0,40322.09537400404,Quebec,Compton--Stanstead,101946.0,82237.0,244.0,55811.0,98.7,748.0,1.3,56559.0,68.8,Liberal
24,24024.0,Dorval--Lachine--LaSalle,89220,3444489000.0,3166322000.0,3036348000.0,38606.69132481507,Quebec,Dorval--Lachine--LaSalle,106886.0,85769.0,225.0,54605.0,98.9,593.0,1.1,55198.0,64.4,Liberal
24,24025.0,Drummond,83520,3059781000.0,2821965000.0,2687402000.0,36635.308908045976,Quebec,Drummond,98681.0,81455.0,229.0,51979.0,97.9,1098.0,2.1,53077.0,65.2,NDP
24,24026.0,Gaspésie--Les Îles-de-la-Madeleine,66600,2301317000.0,2142291000.0,1975138000.0,34554.30930930931,Quebec,Gaspésie--Les Îles-de-la-Madeleine,78833.0,65783.0,212.0,39617.0,99.0,395.0,1.0,40012.0,60.8,Liberal
24,24027.0,Gatineau,84100,3650914000.0,3317476000.0,3227443000.0,43411.58145065398,Quebec,Gatineau,106424.0,84377.0,226.0,57800.0,99.1,522.0,0.9,58322.0,69.1,Liberal
24,24028.0,Hochelaga,84010,3117228000.0,2865582000.0,2734368000.0,37105.439828591836,Quebec,Hochelaga,103436.0,83088.0,232.0,51904.0,98.3,877.0,1.7,52781.0,63.5,NDP
24,24029.0,Honoré-Mercier,82230,3126954000.0,2875687000.0,2766299000.0,38026.924480116744,Quebec,Honoré-Mercier,102587.0,79033.0,211.0,51658.0,98.7,682.0,1.3,52340.0,66.2,Liberal
24,24030.0,Hull--Aylmer,78560,3671923000.0,3322330000.0,3233826000.0,46740.364052953155,Quebec,Hull--Aylmer,103447.0,79329.0,218.0,55440.0,99.3,391.0,0.7,55831.0,70.4,Liberal
24,24031.0,Joliette,87230,3169174000.0,2902700000.0,2747753000.0,36331.23925255073,Quebec,Joliette,100683.0,86287.0,272.0,56689.0,98.1,1109.0,1.9,57798.0,67.0,Bloc Québécois
24,24032.0,Jonquière,73300,3009821000.0,2713249000.0,2614105000.0,41061.67803547067,Quebec,Jonquière,87596.0,73099.0,219.0,48103.0,98.2,899.0,1.8,49002.0,67.0,NDP
24,24033.0,La Pointe-de-l'Île,85660,3261445000.0,2981606000.0,2859471000.0,38074.30539341583,Quebec,La Pointe-de-l'Île,103512.0,84769.0,236.0,55226.0,98.4,912.0,1.6,56138.0,66.2,Bloc Québécois
24,24034.0,La Prairie,86550,4300209000.0,3893936000.0,3809318000.0,49684.679376083186,Quebec,La Prairie,99811.0,82472.0,212.0,57572.0,98.3,996.0,1.7,58568.0,71.0,Liberal
24,24035.0,Lac-Saint-Jean,86780,3206237000.0,2920456000.0,2781819000.0,36946.72735653376,Quebec,Lac-Saint-Jean,105783.0,85445.0,260.0,55279.0,98.4,925.0,1.6,56204.0,65.8,Conservative
24,24036.0,Lac-Saint-Louis,85610,5153291000.0,4661921000.0,4545647000.0,60194.96554140872,Quebec,Lac-Saint-Louis,108795.0,85870.0,232.0,62312.0,99.5,321.0,0.5,62633.0,72.9,Liberal
24,24037.0,LaSalle--Émard--Verdun,86460,3170405000.0,2920704000.0,2789515000.0,36669.03770529725,Quebec,LaSalle--Émard--Verdun,105317.0,84192.0,225.0,53763.0,98.5,823.0,1.5,54586.0,64.8,Liberal
24,24038.0,Laurentides--Labelle,97600,3790926000.0,3469041000.0,3306624000.0,38841.45491803279,Quebec,Laurentides--Labelle,111357.0,96848.0,302.0,63173.0,98.4,1030.0,1.6,64203.0,66.3,Liberal
24,24039.0,Laurier--Sainte-Marie,92870,3960077000.0,3647436000.0,3499168000.0,42641.07892753311,Quebec,Laurier--Sainte-Marie,107034.0,85056.0,228.0,54681.0,98.9,594.0,1.1,55275.0,65.0,NDP
24,24040.0,Laval--Les Îles,84050,3668520000.0,3357235000.0,3258171000.0,43646.87685901249,Quebec,Laval--Les Îles,103053.0,82438.0,216.0,54205.0,98.8,683.0,1.2,54888.0,66.6,Liberal
24,24041.0,Longueuil--Charles-LeMoyne,85100,2995761000.0,2757293000.0,2642047000.0,35202.83196239718,Quebec,Longueuil--Charles-LeMoyne,104895.0,83844.0,222.0,51707.0,98.2,925.0,1.8,52632.0,62.8,Liberal
24,24042.0,Lévis--Lotbinière,90990,4251414000.0,3825816000.0,3728981000.0,46723.969666996374,Quebec,Lévis--Lotbinière,107593.0,87339.0,251.0,62588.0,98.5,975.0,1.5,63563.0,72.8,Conservative
24,24043.0,Longueuil--Saint-Hubert,87920,3881470000.0,3527806000.0,3408137000.0,44147.74795268426,Quebec,Longueuil--Saint-Hubert,104366.0,85972.0,227.0,58199.0,98.4,939.0,1.6,59138.0,68.8,NDP
24,24044.0,Louis-Hébert,85460,4765180000.0,4261291000.0,4170374000.0,55759.1855838989,Quebec,Louis-Hébert,104038.0,81376.0,230.0,61744.0,99.0,627.0,1.0,62371.0,76.6,Liberal
24,24045.0,Louis-Saint-Laurent,94450,4414200000.0,3946151000.0,3864579000.0,46735.8390682901,Quebec,Louis-Saint-Laurent,106888.0,92372.0,249.0,64683.0,98.7,852.0,1.3,65535.0,70.9,Conservative
24,24046.0,Manicouagan,73830,3119627000.0,2855494000.0,2726789000.0,42254.19206284708,Quebec,Manicouagan,94766.0,75229.0,239.0,42030.0,98.5,645.0,1.5,42675.0,56.7,Bloc Québécois
24,24047.0,Mégantic--L'Érable,72950,2516821000.0,2321641000.0,2187032000.0,34500.6305688828,Quebec,Mégantic--L'Érable,88745.0,71653.0,231.0,47287.0,98.0,941.0,2.0,48228.0,67.3,Conservative
24,24048.0,Mirabel,92340,4015025000.0,3667197000.0,3573682000.0,43480.88585661685,Quebec,Mirabel,103536.0,87938.0,230.0,59418.0,98.1,1178.0,1.9,60596.0,68.9,Bloc Québécois
24,24049.0,Montarville,77840,4375939000.0,3923797000.0,3861783000.0,56217.099177800614,Quebec,Montarville,95095.0,75693.0,200.0,57917.0,98.5,881.0,1.5,58798.0,77.7,Liberal
24,24050.0,Montcalm,85940,3376771000.0,3095802000.0,2977644000.0,39292.19222713521,Quebec,Montcalm,99518.0,83808.0,230.0,53009.0,97.7,1226.0,2.3,54235.0,64.7,Bloc Québécois
24,24051.0,Montmagny--L'Islet--Kamouraska--Rivière-du-Loup,80680,2896043000.0,2669085000.0,2532876000.0,35895.426375805655,Quebec,Montmagny--L'Islet--Kamouraska--Rivière-du-Loup,97261.0,78672.0,266.0,49243.0,98.4,777.0,1.6,50020.0,63.6,Conservative
24,24052.0,Mount Royal,83620,4884794000.0,4477167000.0,4336242000.0,58416.574982061706,Quebec,Mount Royal,101258.0,74416.0,205.0,48051.0,99.1,425.0,0.9,48476.0,65.1,Liberal
24,24053.0,Notre-Dame-de-Grâce--Westmount,82370,5775578000.0,5300618000.0,5151039000.0,70117.49423333738,Quebec,Notre-Dame-de-Grâce--Westmount,104410.0,79832.0,211.0,51593.0,99.4,311.0,0.6,51904.0,65.0,Liberal
24,24054.0,Outremont,66530,3488964000.0,3208072000.0,3099477000.0,52441.966030362244,Quebec,Outremont,100916.0,71136.0,192.0,43619.0,99.0,426.0,1.0,44045.0,61.9,NDP
24,24055.0,Papineau,86100,2736834000.0,2533909000.0,2396719000.0,31786.689895470383,Quebec,Papineau,108977.0,79136.0,213.0,50770.0,98.6,698.0,1.4,51468.0,65.0,Liberal
24,24056.0,Pierrefonds--Dollard,86110,3919965000.0,3575200000.0,3461175000.0,45522.76158402044,Quebec,Pierrefonds--Dollard,108740.0,85333.0,222.0,58505.0,99.4,368.0,0.6,58873.0,69.0,Liberal
24,24057.0,Pontiac,88560,4177035000.0,3781101000.0,3672320000.0,47166.15853658537,Quebec,Pontiac,106499.0,87922.0,277.0,62625.0,99.3,467.0,0.7,63092.0,71.8,Liberal
24,24058.0,Portneuf--Jacques-Cartier,92380,4458991000.0,4005662000.0,3892539000.0,48267.92595799957,Quebec,Portneuf--Jacques-Cartier,104394.0,88337.0,258.0,62059.0,98.8,781.0,1.2,62840.0,71.1,Conservative
24,24059.0,Québec,79280,3309017000.0,3017936000.0,2891535000.0,41738.35771947528,Quebec,Québec,96525.0,79593.0,229.0,53867.0,98.5,820.0,1.5,54687.0,68.7,Liberal
24,24060.0,Repentigny,94060,4253844000.0,3841260000.0,3744750000.0,45224.79268551988,Quebec,Repentigny,111191.0,92117.0,252.0,65211.0,98.2,1179.0,1.8,66390.0,72.1,Bloc Québécois
24,24061.0,Richmond--Arthabaska,87610,3221923000.0,2956066000.0,2813028000.0,36775.74477799338,Quebec,Richmond--Arthabaska,103897.0,85894.0,263.0,58617.0,98.5,912.0,1.5,59529.0,69.3,Conservative
24,24062.0,Rivière-des-Mille-Îles,82490,3772855000.0,3422141000.0,3336733000.0,45737.11965086677,Quebec,Rivière-des-Mille-Îles,102816.0,81528.0,214.0,58046.0,98.4,927.0,1.6,58973.0,72.3,Liberal
24,24063.0,Rivière-du-Nord,91420,3548132000.0,3257694000.0,3128821000.0,38811.33231240429,Quebec,Rivière-du-Nord,102085.0,89667.0,242.0,56657.0,98.2,1044.0,1.8,57701.0,64.4,Bloc Québécois
24,24064.0,Rosemont--La Petite-Patrie,86070,3574259000.0,3265159000.0,3143002000.0,41527.349831532476,Quebec,Rosemont--La Petite-Patrie,106293.0,84884.0,239.0,58335.0,98.7,788.0,1.3,59123.0,69.7,NDP
24,24065.0,Marc-Aurèle-Fortin,79610,3729798000.0,3376534000.0,3305654000.0,46850.873005903784,Quebec,Marc-Aurèle-Fortin,96082.0,76396.0,199.0,54525.0,98.6,769.0,1.4,55294.0,72.4,Liberal
24,24066.0,Saint-Hyacinthe--Bagot,84100,3156331000.0,2902214000.0,2771338000.0,37530.68965517241,Quebec,Saint-Hyacinthe--Bagot,99629.0,81016.0,243.0,54369.0,97.8,1214.0,2.2,55583.0,68.6,NDP
24,24067.0,Saint-Jean,89630,3711901000.0,3398005000.0,3277106000.0,41413.600357023315,Quebec,Saint-Jean,108244.0,88519.0,245.0,60386.0,98.0,1231.0,2.0,61617.0,69.6,Liberal
24,24068.0,Saint-Laurent,76510,3162287000.0,2902082000.0,2782629000.0,41331.682133054506,Quebec,Saint-Laurent,93842.0,69138.0,179.0,40330.0,99.0,409.0,1.0,40739.0,58.9,Liberal
24,24069.0,Saint-Léonard--Saint-Michel,86290,2608544000.0,2430999000.0,2295601000.0,30229.9687101634,Quebec,Saint-Léonard--Saint-Michel,110649.0,76746.0,205.0,44531.0,98.5,689.0,1.5,45220.0,58.9,Liberal
24,24070.0,Saint-Maurice--Champlain,90010,3162582000.0,2875820000.0,2721484000.0,35135.89601155427,Quebec,Saint-Maurice--Champlain,110273.0,92352.0,272.0,58947.0,98.0,1175.0,2.0,60122.0,65.1,Liberal
24,24071.0,Salaberry--Suroît,93470,3519931000.0,3232373000.0,3082127000.0,37658.4037659142,Quebec,Salaberry--Suroît,107036.0,92604.0,269.0,61535.0,98.4,998.0,1.6,62533.0,67.5,NDP
24,24072.0,Shefford,91040,3523466000.0,3219894000.0,3088201000.0,38702.39455184534,Quebec,Shefford,107538.0,88533.0,267.0,58920.0,97.8,1299.0,2.2,60219.0,68.0,Liberal
24,24073.0,Sherbrooke,89420,3288196000.0,3008468000.0,2859683000.0,36772.48937597853,Quebec,Sherbrooke,107988.0,87658.0,248.0,57300.0,98.6,796.0,1.4,58096.0,66.3,NDP
24,24074.0,Vaudreuil--Soulanges,92900,4663354000.0,4238307000.0,4154433000.0,50197.56727664155,Quebec,Vaudreuil--Soulanges,111905.0,90804.0,251.0,65528.0,98.9,714.0,1.1,66242.0,73.0,Liberal
24,24075.0,Terrebonne,87380,3933249000.0,3575385000.0,3487072000.0,45013.14946211948,Quebec,Terrebonne,106322.0,84502.0,209.0,58284.0,97.9,1256.0,2.1,59540.0,70.5,Bloc Québécois
24,24076.0,Trois-Rivières,91510,3525551000.0,3176418000.0,3023803000.0,38526.40148617637,Quebec,Trois-Rivières,108774.0,91098.0,261.0,60289.0,98.5,940.0,1.5,61229.0,67.2,NDP
24,24077.0,Ville-Marie--Le Sud-Ouest--Île-des-Soeurs,104490,5723223000.0,5257076000.0,4952262000.0,54772.92563881711,Quebec,Ville-Marie--Le Sud-Ouest--Île-des-Soeurs,103070.0,85702.0,238.0,50164.0,99.1,435.0,0.9,50599.0,59.0,Liberal
24,24078.0,Vimy,91130,3325914000.0,3056775000.0,2931367000.0,36496.36782618237,Quebec,Vimy,104373.0,86225.0,232.0,54343.0,98.3,941.0,1.7,55284.0,64.1,Liberal
TOTAL,,,6573000,279748000000.0,255085000000.0,245522000000.0,42560.170394036206,,,,,,,,,,,,
35,35001.0,Ajax,90790,4221309000.0,3873844000.0,3788376000.0,46495.307853287806,Ontario,Ajax,109600.0,85251.0,210.0,56307.0,99.6,206.0,0.4,56513.0,66.3,Liberal
35,35002.0,Algoma--Manitoulin--Kapuskasing,64770,2507490000.0,2318609000.0,2186852000.0,38713.75636868921,Ontario,Algoma--Manitoulin--Kapuskasing,79801.0,63253.0,211.0,41374.0,99.6,161.0,0.4,41535.0,65.7,NDP
35,35003.0,Aurora--Oak Ridges--Richmond Hill,89120,4862441000.0,4433541000.0,4332964000.0,54560.60368043088,Ontario,Aurora--Oak Ridges--Richmond Hill,106064.0,79127.0,204.0,50980.0,99.6,204.0,0.4,51184.0,64.7,Liberal
35,35004.0,Barrie--Innisfil,83840,3976105000.0,3657738000.0,3579221000.0,47424.916507633585,Ontario,Barrie--Innisfil,101584.0,77320.0,201.0,49341.0,99.6,187.0,0.4,49528.0,64.1,Conservative
35,35005.0,Barrie--Springwater--Oro-Medonte,75450,3580736000.0,3279137000.0,3186155000.0,47458.396288933065,Ontario,Barrie--Springwater--Oro-Medonte,97876.0,76084.0,217.0,50535.0,99.6,181.0,0.4,50716.0,66.7,Conservative
35,35006.0,Bay of Quinte,89410,3736761000.0,3422203000.0,3266733000.0,41793.54658315625,Ontario,Bay of Quinte,109488.0,85021.0,239.0,57713.0,99.6,211.0,0.4,57924.0,68.1,Liberal
35,35007.0,Beaches--East York,82890,4723208000.0,4313239000.0,4174845000.0,56981.63831584027,Ontario,Beaches--East York,107084.0,77440.0,194.0,55530.0,99.6,216.0,0.4,55746.0,72.0,Liberal
35,35008.0,Brampton Centre,79460,2861108000.0,2676879000.0,2582487000.0,36006.89655172414,Ontario,Brampton Centre,103122.0,65460.0,181.0,39632.0,99.3,264.0,0.7,39896.0,60.9,Liberal
35,35009.0,Brampton East,98720,3404889000.0,3171264000.0,3044689000.0,34490.36669367909,Ontario,Brampton East,99712.0,69251.0,179.0,45206.0,99.3,304.0,0.7,45510.0,65.7,Liberal
35,35010.0,Brampton North,94190,3574486000.0,3318289000.0,3222967000.0,37949.73988746152,Ontario,Brampton North,111951.0,74148.0,187.0,48166.0,99.3,318.0,0.7,48484.0,65.4,Liberal
35,35011.0,Brampton South,97820,3541779000.0,3298051000.0,3181328000.0,36207.10488652627,Ontario,Brampton South,107364.0,73019.0,193.0,45464.0,99.4,270.0,0.6,45734.0,62.6,Liberal
35,35012.0,Brampton West,101500,3781263000.0,3528378000.0,3430419000.0,37253.82266009852,Ontario,Brampton West,101762.0,71990.0,173.0,43398.0,99.4,245.0,0.6,43643.0,60.6,Liberal
35,35013.0,Brantford--Brant,97650,4119804000.0,3811323000.0,3666703000.0,42189.4930875576,Ontario,Brantford--Brant,132443.0,97409.0,259.0,63272.0,99.6,272.0,0.4,63544.0,65.2,Conservative
35,35014.0,Bruce--Grey--Owen Sound,84830,3539837000.0,3257001000.0,3120915000.0,41728.59837321702,Ontario,Bruce--Grey--Owen Sound,106475.0,82607.0,249.0,56333.0,99.6,212.0,0.4,56545.0,68.5,Conservative
35,35015.0,Burlington,99120,6030904000.0,5498118000.0,5387653000.0,60844.47134786118,Ontario,Burlington,120569.0,96126.0,269.0,70100.0,99.6,263.0,0.4,70363.0,73.2,Liberal
35,35016.0,Cambridge,98320,4624612000.0,4278310000.0,4150201000.0,47036.33034987795,Ontario,Cambridge,111693.0,83514.0,234.0,53339.0,99.6,227.0,0.4,53566.0,64.1,Liberal
35,35017.0,Chatham-Kent--Leamington,95550,3754109000.0,3492884000.0,3299114000.0,39289.47148090005,Ontario,Chatham-Kent--Leamington,111866.0,79755.0,263.0,51971.0,99.5,263.0,0.5,52234.0,65.5,Conservative
35,35018.0,Davenport,83920,3533703000.0,3288538000.0,3157494000.0,42107.99571020019,Ontario,Davenport,102360.0,74413.0,190.0,49584.0,99.4,287.0,0.6,49871.0,67.0,Liberal
35,35019.0,Don Valley East,75250,3263866000.0,3021950000.0,2891277000.0,43373.634551495015,Ontario,Don Valley East,93007.0,63547.0,174.0,41588.0,99.4,257.0,0.6,41845.0,65.8,Liberal
35,35020.0,Don Valley North,91310,3923058000.0,3601637000.0,3479124000.0,42964.16602781732,Ontario,Don Valley North,103073.0,72787.0,210.0,45687.0,99.4,259.0,0.6,45946.0,63.1,Liberal
35,35021.0,Don Valley West,77550,8019372000.0,7397560000.0,7190998000.0,103409.05222437138,Ontario,Don Valley West,99820.0,71037.0,184.0,51086.0,99.6,217.0,0.4,51303.0,72.2,Liberal
35,35022.0,Dufferin--Caledon,102690,5573096000.0,5110666000.0,4992802000.0,54271.0682637063,Ontario,Dufferin--Caledon,116341.0,92598.0,266.0,60451.0,99.6,232.0,0.4,60683.0,65.5,Conservative
35,35023.0,Durham,101380,5289458000.0,4821054000.0,4734740000.0,52174.57092128625,Ontario,Durham,115395.0,94069.0,280.0,64185.0,99.6,233.0,0.4,64418.0,68.5,Conservative
35,35024.0,Eglinton--Lawrence,89500,7162143000.0,6599730000.0,6433767000.0,80023.9441340782,Ontario,Eglinton--Lawrence,113150.0,78535.0,205.0,55792.0,99.4,328.0,0.6,56120.0,71.5,Liberal
35,35025.0,Elgin--Middlesex--London,90850,4117156000.0,3793193000.0,3653516000.0,45318.17281232801,Ontario,Elgin--Middlesex--London,110109.0,83446.0,217.0,56933.0,99.6,230.0,0.4,57163.0,68.5,Conservative
35,35026.0,Essex,101850,5510361000.0,5060435000.0,4924904000.0,54102.70986745213,Ontario,Essex,120477.0,92489.0,233.0,60531.0,99.6,241.0,0.4,60772.0,65.7,NDP
35,35027.0,Etobicoke Centre,95220,5800370000.0,5325574000.0,5185881000.0,60915.45893719807,Ontario,Etobicoke Centre,114910.0,88440.0,231.0,61802.0,99.5,303.0,0.5,62105.0,70.2,Liberal
35,35028.0,Etobicoke--Lakeshore,103600,6337927000.0,5813424000.0,5655096000.0,61176.901544401546,Ontario,Etobicoke--Lakeshore,115437.0,93880.0,237.0,64508.0,99.5,307.0,0.5,64815.0,69.0,Liberal
35,35029.0,Etobicoke North,93340,2809879000.0,2648239000.0,2471448000.0,30103.696164559675,Ontario,Etobicoke North,117601.0,69942.0,176.0,42064.0,99.4,257.0,0.6,42321.0,60.5,Liberal
35,35030.0,Flamborough--Glanbrook,83010,4478776000.0,4097498000.0,4008839000.0,53954.65606553428,Ontario,Flamborough--Glanbrook,97081.0,79397.0,213.0,55510.0,99.6,220.0,0.4,55730.0,70.2,Conservative
35,35031.0,Glengarry--Prescott--Russell,89440,4295800000.0,3921069000.0,3784410000.0,48029.96422182469,Ontario,Glengarry--Prescott--Russell,106240.0,86010.0,260.0,64173.0,99.4,399.0,0.6,64572.0,75.1,Liberal
35,35032.0,Guelph,102010,5073706000.0,4651587000.0,4545739000.0,49737.33947652191,Ontario,Guelph,121688.0,98453.0,243.0,69868.0,99.6,298.0,0.4,70166.0,71.3,Liberal
35,35033.0,Haldimand--Norfolk,93550,3957890000.0,3647570000.0,3500432000.0,42307.749866381615,Ontario,Haldimand--Norfolk,108051.0,83220.0,227.0,55990.0,99.4,312.0,0.6,56302.0,67.7,Conservative
35,35034.0,Haliburton--Kawartha Lakes--Brock,93400,4074403000.0,3728929000.0,3595639000.0,43623.158458244114,Ontario,Haliburton--Kawartha Lakes--Brock,110182.0,91802.0,260.0,61834.0,99.7,203.0,0.3,62037.0,67.6,Conservative
35,35035.0,Hamilton Centre,77020,2681784000.0,2512175000.0,2308881000.0,34819.319657231885,Ontario,Hamilton Centre,101932.0,69598.0,198.0,41083.0,99.3,269.0,0.7,41352.0,59.4,NDP
35,35036.0,Hamilton East--Stoney Creek,85790,3476651000.0,3232713000.0,3099911000.0,40525.13113416482,Ontario,Hamilton East--Stoney Creek,107786.0,80639.0,217.0,50332.0,99.4,293.0,0.6,50625.0,62.8,Liberal
35,35037.0,Hamilton Mountain,83470,3283679000.0,3042016000.0,2925858000.0,39339.631005151554,Ontario,Hamilton Mountain,103615.0,77581.0,205.0,50554.0,99.4,307.0,0.6,50861.0,65.6,NDP
35,35038.0,Hamilton West--Ancaster--Dundas,88560,4847278000.0,4404333000.0,4309636000.0,54734.394760614276,Ontario,Hamilton West--Ancaster--Dundas,109535.0,86222.0,228.0,62279.0,99.6,272.0,0.4,62551.0,72.5,Liberal
35,35039.0,Hastings--Lennox and Addington,78100,3207135000.0,2943083000.0,2815510000.0,41064.468629961586,Ontario,Hastings--Lennox and Addington,92528.0,72972.0,219.0,49797.0,99.6,199.0,0.4,49996.0,68.5,Liberal
35,35040.0,Huron--Bruce,88380,4331066000.0,3976345000.0,3814160000.0,49005.0463905861,Ontario,Huron--Bruce,104842.0,80731.0,244.0,58245.0,99.6,232.0,0.4,58477.0,72.4,Conservative
35,35041.0,Kanata--Carleton,85640,5261189000.0,4723554000.0,4644885000.0,61433.78094348435,Ontario,Kanata--Carleton,100846.0,80433.0,210.0,63323.0,99.7,191.0,0.3,63514.0,79.0,Liberal
35,35042.0,Kenora,45060,1697946000.0,1560383000.0,1479011000.0,37681.890812250334,Ontario,Kenora,55977.0,44306.0,152.0,30752.0,99.5,144.0,0.5,30896.0,69.7,Liberal
35,35043.0,King--Vaughan,102100,5979322000.0,5497144000.0,5364831000.0,58563.388834476005,Ontario,King--Vaughan,109235.0,86158.0,231.0,54686.0,99.5,290.0,0.5,54976.0,63.8,Liberal
35,35044.0,Kingston and the Islands,90040,4376904000.0,3973558000.0,3838741000.0,48610.66192803199,Ontario,Kingston and the Islands,116996.0,93872.0,255.0,65772.0,99.6,242.0,0.4,66014.0,70.3,Liberal
35,35045.0,Kitchener Centre,83150,3532460000.0,3276052000.0,3149880000.0,42482.982561635596,Ontario,Kitchener Centre,102433.0,77887.0,214.0,52280.0,99.4,292.0,0.6,52572.0,67.5,Liberal
35,35046.0,Kitchener--Conestoga,78600,4027959000.0,3704615000.0,3613979000.0,51246.29770992367,Ontario,Kitchener--Conestoga,93827.0,69166.0,213.0,47699.0,99.5,227.0,0.5,47926.0,69.3,Conservative
35,35047.0,Kitchener South--Hespeler,81290,3844778000.0,3547323000.0,3451661000.0,47297.059908967894,Ontario,Kitchener South--Hespeler,97673.0,72953.0,193.0,47829.0,99.5,259.0,0.5,48088.0,65.9,Liberal
35,35048.0,Lambton--Kent--Middlesex,86210,3908724000.0,3593474000.0,3433798000.0,45339.56617561768,Ontario,Lambton--Kent--Middlesex,105919.0,81135.0,256.0,56363.0,99.6,224.0,0.4,56587.0,69.7,Conservative
35,35049.0,Lanark--Frontenac--Kingston,82160,3849074000.0,3511632000.0,3397839000.0,46848.515092502435,Ontario,Lanark--Frontenac--Kingston,98409.0,79461.0,231.0,57240.0,99.6,222.0,0.4,57462.0,72.3,Conservative
35,35050.0,Leeds--Grenville--Thousand Islands and Rideau Lakes,81710,3677520000.0,3373000000.0,3252842000.0,45006.9758903439,Ontario,Leeds--Grenville--Thousand Islands and Rideau Lakes,99306.0,79669.0,236.0,56436.0,99.7,189.0,0.3,56625.0,71.1,Conservative
35,35051.0,London--Fanshawe,91620,3331623000.0,3108448000.0,2961487000.0,36363.49050425671,Ontario,London--Fanshawe,119334.0,87298.0,233.0,54745.0,99.5,283.0,0.5,55028.0,63.0,NDP
35,35052.0,London North Centre,96950,4571327000.0,4196850000.0,4039413000.0,47151.38731304796,Ontario,London North Centre,118079.0,92950.0,242.0,64271.0,99.6,267.0,0.4,64538.0,69.4,Liberal
35,35053.0,London West,99890,4990048000.0,4534659000.0,4405655000.0,49955.43097407148,Ontario,London West,119090.0,93138.0,248.0,68027.0,99.6,286.0,0.4,68313.0,73.3,Liberal
35,35054.0,Markham--Stouffville,96520,5168844000.0,4691025000.0,4587503000.0,53552.0513883133,Ontario,Markham--Stouffville,109780.0,87952.0,229.0,59773.0,99.7,189.0,0.3,59962.0,68.2,Liberal
35,35055.0,Markham--Thornhill,84750,3417755000.0,3148981000.0,3025567000.0,40327.49262536873,Ontario,Markham--Thornhill,102221.0,70864.0,190.0,42857.0,99.4,240.0,0.6,43097.0,60.8,Liberal
35,35056.0,Markham--Unionville,98800,4834529000.0,4391819000.0,4266025000.0,48932.47975708502,Ontario,Markham--Unionville,104693.0,82965.0,228.0,49839.0,99.5,246.0,0.5,50085.0,60.4,Conservative
35,35057.0,Milton,82150,4490002000.0,4122857000.0,4052127000.0,54656.141205112595,Ontario,Milton,88065.0,72329.0,187.0,49308.0,99.6,210.0,0.4,49518.0,68.5,Conservative
35,35058.0,Mississauga Centre,101580,3912066000.0,3625682000.0,3507350000.0,38512.167749557,Ontario,Mississauga Centre,118756.0,83787.0,221.0,51852.0,99.3,342.0,0.7,52194.0,62.3,Liberal
35,35059.0,Mississauga East--Cooksville,95820,3713512000.0,3453127000.0,3327547000.0,38755.08244625339,Ontario,Mississauga East--Cooksville,121792.0,82765.0,217.0,51917.0,99.5,287.0,0.5,52204.0,63.1,Liberal
35,35060.0,Mississauga--Erin Mills,96730,4460306000.0,4086715000.0,3989182000.0,46110.885971260206,Ontario,Mississauga--Erin Mills,117199.0,83062.0,209.0,55347.0,99.6,245.0,0.4,55592.0,66.9,Liberal
35,35061.0,Mississauga--Lakeshore,92900,5889927000.0,5403190000.0,5266230000.0,63400.721205597416,Ontario,Mississauga--Lakeshore,118893.0,86675.0,250.0,59273.0,99.5,271.0,0.5,59544.0,68.7,Liberal
35,35062.0,Mississauga--Malton,95640,3473094000.0,3233620000.0,3118589000.0,36314.240903387705,Ontario,Mississauga--Malton,118046.0,75277.0,184.0,44256.0,99.5,237.0,0.5,44493.0,59.1,Liberal
35,35063.0,Mississauga--Streetsville,93020,4561079000.0,4186504000.0,4096651000.0,49033.315416039564,Ontario,Mississauga--Streetsville,118757.0,83361.0,209.0,55999.0,99.6,217.0,0.4,56216.0,67.4,Liberal
35,35064.0,Nepean,90110,4983268000.0,4482197000.0,4399689000.0,55302.05304627677,Ontario,Nepean,104775.0,84049.0,214.0,64888.0,99.6,262.0,0.4,65150.0,77.5,Liberal
35,35065.0,Newmarket--Aurora,94160,5060597000.0,4623863000.0,4533536000.0,53744.658028887,Ontario,Newmarket--Aurora,109457.0,83351.0,224.0,56464.0,99.5,257.0,0.5,56721.0,68.1,Liberal
35,35066.0,Niagara Centre,89880,3556834000.0,3276286000.0,3131408000.0,39573.141967067204,Ontario,Niagara Centre,105860.0,83799.0,230.0,54682.0,99.4,323.0,0.6,55005.0,65.6,Liberal
35,35067.0,Niagara Falls,111940,4680413000.0,4300246000.0,4129262000.0,41811.800964802576,Ontario,Niagara Falls,128357.0,103291.0,270.0,64711.0,99.5,353.0,0.5,65064.0,63.0,Conservative
35,35068.0,Niagara West,71560,3812219000.0,3472166000.0,3394428000.0,53273.043599776414,Ontario,Niagara West,86533.0,69414.0,187.0,50657.0,99.5,242.0,0.5,50899.0,73.3,Conservative
35,35069.0,Nickel Belt,75910,3617840000.0,3327151000.0,3218858000.0,47659.5968910552,Ontario,Nickel Belt,90962.0,73466.0,208.0,49113.0,99.6,192.0,0.4,49305.0,67.1,Liberal
35,35070.0,Nipissing--Timiskaming,74240,3189110000.0,2929834000.0,2798231000.0,42956.761853448275,Ontario,Nipissing--Timiskaming,90996.0,71879.0,206.0,48875.0,99.5,224.0,0.5,49099.0,68.3,Liberal
35,35071.0,Northumberland--Peterborough South,93960,4406963000.0,4023155000.0,3909101000.0,46902.54363558961,Ontario,Northumberland--Peterborough South,107840.0,89605.0,277.0,63609.0,99.6,267.0,0.4,63876.0,71.3,Liberal
35,35072.0,Oakville,95880,7848354000.0,7192647000.0,7009354000.0,81856.00750938673,Ontario,Oakville,119649.0,88425.0,250.0,64703.0,99.6,245.0,0.4,64948.0,73.4,Liberal
35,35073.0,Oakville North--Burlington,96830,6421587000.0,5841165000.0,5755201000.0,66318.15553031085,Ontario,Oakville North--Burlington,114378.0,85747.0,233.0,60796.0,99.6,272.0,0.4,61068.0,71.2,Liberal
35,35074.0,Oshawa,98650,4085017000.0,3772542000.0,3626390000.0,41409.19412062848,Ontario,Oshawa,125771.0,96372.0,264.0,60686.0,99.6,228.0,0.4,60914.0,63.2,Conservative
35,35075.0,Ottawa Centre,89910,6072413000.0,5483153000.0,5302230000.0,67538.79434990547,Ontario,Ottawa Centre,113619.0,94858.0,261.0,75500.0,99.5,386.0,0.5,75886.0,80.0,Liberal
35,35076.0,Orléans,99430,5780594000.0,5168763000.0,5087324000.0,58137.32273961581,Ontario,Orléans,119247.0,97144.0,253.0,77988.0,99.7,272.0,0.3,78260.0,80.6,Liberal
35,35077.0,Ottawa South,92940,4501795000.0,4075112000.0,3931861000.0,48437.64794491069,Ontario,Ottawa South,121894.0,88368.0,228.0,64649.0,99.5,351.0,0.5,65000.0,73.6,Liberal
35,35078.0,Ottawa--Vanier,87460,4457967000.0,4051840000.0,3862419000.0,50971.49554081866,Ontario,Ottawa--Vanier,110999.0,86591.0,251.0,63355.0,99.3,418.0,0.7,63773.0,73.6,Liberal
35,35079.0,Ottawa West--Nepean,87410,4319685000.0,3920524000.0,3795346000.0,49418.659192312094,Ontario,Ottawa West--Nepean,111881.0,84557.0,227.0,62913.0,99.5,307.0,0.5,63220.0,74.8,Liberal
35,35080.0,Oxford,91960,4208762000.0,3907396000.0,3760707000.0,45767.31187472814,Ontario,Oxford,108656.0,84045.0,234.0,56850.0,99.6,241.0,0.4,57091.0,67.9,Conservative
35,35081.0,Parkdale--High Park,80310,4954971000.0,4544296000.0,4410654000.0,61698.05752708256,Ontario,Parkdale--High Park,105103.0,80262.0,215.0,58567.0,99.5,269.0,0.5,58836.0,73.3,Liberal
35,35082.0,Parry Sound--Muskoka,76960,3310324000.0,3034661000.0,2920420000.0,43013.56548856549,Ontario,Parry Sound--Muskoka,91263.0,76070.0,220.0,51279.0,99.7,134.0,0.3,51413.0,67.6,Conservative
35,35083.0,Perth--Wellington,80340,3634344000.0,3377017000.0,3243559000.0,45237.0425690814,Ontario,Perth--Wellington,104912.0,76496.0,223.0,51851.0,99.6,186.0,0.4,52037.0,68.0,Conservative
35,35084.0,Peterborough--Kawartha,94560,4117697000.0,3767554000.0,3621162000.0,43545.86505922166,Ontario,Peterborough--Kawartha,115269.0,93190.0,267.0,66542.0,99.7,190.0,0.3,66732.0,71.6,Liberal
35,35085.0,Pickering--Uxbridge,89290,4846666000.0,4426738000.0,4334327000.0,54280.05375741964,Ontario,Pickering--Uxbridge,109344.0,86036.0,238.0,59159.0,99.6,222.0,0.4,59381.0,69.0,Liberal
35,35086.0,Renfrew--Nipissing--Pembroke,83250,3642525000.0,3323588000.0,3199687000.0,43754.05405405405,Ontario,Renfrew--Nipissing--Pembroke,102537.0,78959.0,233.0,57159.0,99.5,264.0,0.5,57423.0,72.7,Conservative
35,35087.0,Richmond Hill,94050,4568390000.0,4160087000.0,4020496000.0,48574.05635300372,Ontario,Richmond Hill,108658.0,80834.0,233.0,49113.0,99.5,253.0,0.5,49366.0,61.1,Liberal
35,35088.0,Carleton,80520,5243941000.0,4710816000.0,4625144000.0,65125.94386487829,Ontario,Carleton,89522.0,74185.0,193.0,59239.0,99.7,196.0,0.3,59435.0,80.1,Conservative
35,35089.0,St. Catharines,89920,3676171000.0,3387534000.0,3245343000.0,40882.68460854093,Ontario,St. Catharines,110596.0,85377.0,225.0,57591.0,99.6,243.0,0.4,57834.0,67.7,Liberal
35,35090.0,Toronto--St. Paul's,85310,7638269000.0,7088125000.0,6927690000.0,89535.44719259173,Ontario,Toronto--St. Paul's,103983.0,78885.0,205.0,56972.0,99.6,252.0,0.4,57224.0,72.5,Liberal
35,35091.0,Sarnia--Lambton,84230,4277838000.0,3904788000.0,3776851000.0,50787.58162174997,Ontario,Sarnia--Lambton,106293.0,81362.0,232.0,58125.0,99.5,267.0,0.5,58392.0,71.8,Conservative
35,35092.0,Sault Ste. Marie,65350,2777589000.0,2558559000.0,2447735000.0,42503.27467482785,Ontario,Sault Ste. Marie,82052.0,64365.0,177.0,43757.0,99.5,200.0,0.5,43957.0,68.3,Liberal
35,35093.0,Scarborough--Agincourt,89080,2910182000.0,2695284000.0,2539479000.0,32669.30848675348,Ontario,Scarborough--Agincourt,104499.0,70355.0,195.0,41556.0,99.4,248.0,0.6,41804.0,59.4,Liberal
35,35094.0,Scarborough Centre,85180,2762751000.0,2584847000.0,2441744000.0,32434.26860765438,Ontario,Scarborough Centre,108826.0,71847.0,193.0,45029.0,99.1,407.0,0.9,45436.0,63.2,Liberal
35,35095.0,Scarborough--Guildwood,77850,2549774000.0,2372099000.0,2237639000.0,32752.395632626845,Ontario,Scarborough--Guildwood,101914.0,65217.0,179.0,41917.0,99.5,198.0,0.5,42115.0,64.6,Liberal
35,35096.0,Scarborough North,80560,2357884000.0,2196804000.0,2059849000.0,29268.669314796425,Ontario,Scarborough North,101080.0,65651.0,169.0,39188.0,99.5,216.0,0.5,39404.0,60.0,Liberal
35,35097.0,Scarborough--Rouge Park,84020,3294447000.0,3033624000.0,2904364000.0,39210.271363960965,Ontario,Scarborough--Rouge Park,102646.0,73347.0,201.0,49655.0,99.5,235.0,0.5,49890.0,68.0,Liberal
35,35098.0,Scarborough Southwest,86470,3299653000.0,3064314000.0,2907043000.0,38159.51196946918,Ontario,Scarborough Southwest,106733.0,73580.0,217.0,48766.0,99.4,277.0,0.6,49043.0,66.7,Liberal
35,35099.0,Simcoe--Grey,105510,5156749000.0,4731819000.0,4603076000.0,48874.504786276186,Ontario,Simcoe--Grey,116307.0,97975.0,271.0,65747.0,99.7,225.0,0.3,65972.0,67.3,Conservative
35,35100.0,Simcoe North,94290,3986723000.0,3659588000.0,3527448000.0,42281.50387103616,Ontario,Simcoe North,108672.0,86859.0,255.0,57071.0,99.7,189.0,0.3,57260.0,65.9,Conservative
35,35101.0,Spadina--Fort York,87830,6350049000.0,5880449000.0,5753022000.0,72299.31686212,Ontario,Spadina--Fort York,82480.0,79917.0,228.0,55148.0,99.5,268.0,0.5,55416.0,69.3,Liberal
35,35102.0,Stormont--Dundas--South Glengarry,84040,3362672000.0,3103000000.0,2949416000.0,40012.755830556875,Ontario,Stormont--Dundas--South Glengarry,100913.0,79274.0,240.0,53066.0,99.6,234.0,0.4,53300.0,67.2,Conservative
35,35103.0,Sudbury,73130,3396010000.0,3118870000.0,2996792000.0,46437.98714617804,Ontario,Sudbury,92048.0,73050.0,213.0,49629.0,99.6,209.0,0.4,49838.0,68.2,Liberal
35,35104.0,Thornhill,94310,5182872000.0,4720534000.0,4596889000.0,54955.69928957693,Ontario,Thornhill,110427.0,81672.0,222.0,54491.0,99.4,324.0,0.6,54815.0,67.1,Conservative
35,35105.0,Thunder Bay--Rainy River,65310,2845156000.0,2609660000.0,2507561000.0,43563.86464553667,Ontario,Thunder Bay--Rainy River,82984.0,63708.0,193.0,42083.0,99.6,176.0,0.4,42259.0,66.3,Liberal
35,35106.0,Thunder Bay--Superior North,66490,3035933000.0,2784599000.0,2680309000.0,45659.99398405775,Ontario,Thunder Bay--Superior North,82827.0,65195.0,207.0,44608.0,99.6,178.0,0.4,44786.0,68.7,Liberal
35,35107.0,Timmins--James Bay,63070,2775540000.0,2581402000.0,2458295000.0,44007.29348343111,Ontario,Timmins--James Bay,83104.0,61411.0,183.0,37271.0,99.3,266.0,0.7,37537.0,61.1,NDP
35,35108.0,Toronto Centre,83760,4493901000.0,4164856000.0,3996384000.0,53652.11318051576,Ontario,Toronto Centre,93971.0,73351.0,231.0,50602.0,99.5,266.0,0.5,50868.0,69.3,Liberal
35,35109.0,Toronto--Danforth,80010,4546031000.0,4149589000.0,4020567000.0,56818.28521434821,Ontario,Toronto--Danforth,104017.0,78540.0,202.0,55581.0,99.5,269.0,0.5,55850.0,71.1,Liberal
35,35110.0,University--Rosedale,93200,7811056000.0,7213536000.0,6908563000.0,83809.61373390559,Ontario,University--Rosedale,98605.0,77205.0,220.0,55925.0,99.5,300.0,0.5,56225.0,72.8,Liberal
35,35111.0,Vaughan--Woodbridge,84130,4412216000.0,4059962000.0,3953484000.0,52445.21573754903,Ontario,Vaughan--Woodbridge,105450.0,74742.0,193.0,47298.0,99.1,438.0,0.9,47736.0,63.9,Liberal
35,35112.0,Waterloo,86960,4805754000.0,4380383000.0,4294362000.0,55263.960441582334,Ontario,Waterloo,103192.0,81988.0,229.0,59849.0,99.7,198.0,0.3,60047.0,73.2,Liberal
35,35113.0,Wellington--Halton Hills,93670,5538770000.0,5074339000.0,4968900000.0,59130.67150635209,Ontario,Wellington--Halton Hills,115880.0,90117.0,251.0,63812.0,99.7,185.0,0.3,63997.0,71.0,Conservative
35,35114.0,Whitby,96780,5441127000.0,4943700000.0,4858221000.0,56221.605703657784,Ontario,Whitby,122022.0,92465.0,248.0,64516.0,99.6,235.0,0.4,64751.0,70.0,Liberal
35,35115.0,Willowdale,108170,4634908000.0,4278440000.0,4147610000.0,42848.368309143014,Ontario,Willowdale,109680.0,76301.0,205.0,45953.0,99.5,251.0,0.5,46204.0,60.6,Liberal
35,35116.0,Windsor--Tecumseh,92520,4117035000.0,3805518000.0,3650608000.0,44498.865110246436,Ontario,Windsor--Tecumseh,115528.0,87644.0,243.0,53344.0,99.6,209.0,0.4,53553.0,61.1,NDP
35,35117.0,Windsor West,96530,3599291000.0,3348962000.0,3159381000.0,37286.7605925619,Ontario,Windsor West,118973.0,86166.0,228.0,46905.0,99.4,284.0,0.6,47189.0,54.8,NDP
35,35118.0,York Centre,85790,3553369000.0,3298257000.0,3158060000.0,41419.384543653105,Ontario,York Centre,100277.0,65832.0,194.0,42944.0,99.3,319.0,0.7,43263.0,65.7,Liberal
35,35119.0,York--Simcoe,81930,3904321000.0,3608945000.0,3521740000.0,47654.351275479064,Ontario,York--Simcoe,94616.0,76055.0,205.0,47879.0,99.5,232.0,0.5,48111.0,63.3,Conservative
35,35120.0,York South--Weston,91260,3025039000.0,2852149000.0,2666436000.0,33147.47972824896,Ontario,York South--Weston,116606.0,72097.0,189.0,43706.0,99.2,362.0,0.8,44068.0,61.1,Liberal
35,35121.0,Humber River--Black Creek,86940,2416132000.0,2297798000.0,2114879000.0,27790.798251667817,Ontario,Humber River--Black Creek,108198.0,62928.0,184.0,35859.0,99.1,333.0,0.9,36192.0,57.5,Liberal
TOTAL,,,10679920,518117000000.0,475957000000.0,460353000000.0,48513.191110045766,,,,,,,,,,,,
46,46001.0,Brandon--Souris,68540,2957304000.0,2730020000.0,2619530000.0,43147.125765976074,Manitoba,Brandon--Souris,83814.0,61327.0,192.0,41106.0,99.6,150.0,0.4,41256.0,67.3,Conservative
46,46002.0,Charleswood--St. James--Assiniboia--Headingley,65430,3398231000.0,3099053000.0,3044372000.0,51936.89439095216,Manitoba,Charleswood--St. James--Assiniboia--Headingley,81864.0,64081.0,177.0,47157.0,99.6,195.0,0.4,47352.0,73.9,Liberal
46,46003.0,Churchill--Keewatinook Aski,56120,1426778000.0,1327121000.0,1209050000.0,25423.69921596579,Manitoba,Churchill--Keewatinook Aski,85148.0,51994.0,147.0,29944.0,99.2,252.0,0.8,30196.0,58.1,NDP
46,46004.0,Dauphin--Swan River--Neepawa,65930,2449575000.0,2284317000.0,2137985000.0,37154.178674351584,Manitoba,Dauphin--Swan River--Neepawa,87374.0,63926.0,263.0,41598.0,99.6,160.0,0.4,41758.0,65.3,Conservative
46,46005.0,Elmwood--Transcona,71790,2883052000.0,2667699000.0,2611232000.0,40159.52082462738,Manitoba,Elmwood--Transcona,85906.0,65961.0,185.0,43086.0,99.6,182.0,0.4,43268.0,65.6,NDP
46,46006.0,Kildonan--St. Paul,67890,3221055000.0,2948777000.0,2885056000.0,47445.20547945205,Manitoba,Kildonan--St. Paul,81794.0,62299.0,193.0,43875.0,99.6,161.0,0.4,44036.0,70.7,Liberal
46,46007.0,Portage--Lisgar,69620,2816816000.0,2624573000.0,2494022000.0,40459.86785406493,Manitoba,Portage--Lisgar,91019.0,63180.0,204.0,41187.0,99.6,159.0,0.4,41346.0,65.4,Conservative
46,46008.0,Provencher,76390,3269232000.0,3031568000.0,2945917000.0,42796.59641314308,Manitoba,Provencher,88640.0,66108.0,177.0,44745.0,99.6,169.0,0.4,44914.0,67.9,Conservative
46,46009.0,Saint Boniface--Saint Vital,71200,3497956000.0,3202427000.0,3126677000.0,49128.59550561798,Manitoba,Saint Boniface--Saint Vital,84353.0,66205.0,196.0,48823.0,99.7,152.0,0.3,48975.0,74.0,Liberal
46,46010.0,Selkirk--Interlake--Eastman,75550,3233295000.0,2976506000.0,2882405000.0,42796.75711449371,Manitoba,Selkirk--Interlake--Eastman,91463.0,72259.0,271.0,49363.0,99.6,216.0,0.4,49579.0,68.6,Conservative
46,46011.0,Winnipeg Centre,69120,2200645000.0,2070692000.0,1942076000.0,31838.035300925927,Manitoba,Winnipeg Centre,82026.0,56988.0,162.0,33885.0,99.2,281.0,0.8,34166.0,60.0,Liberal
46,46012.0,Winnipeg North,73320,2327103000.0,2183410000.0,2088849000.0,31738.993453355157,Manitoba,Winnipeg North,88616.0,58573.0,160.0,33964.0,99.2,269.0,0.8,34233.0,58.4,Liberal
46,46013.0,Winnipeg South,80620,3824118000.0,3475596000.0,3421261000.0,47433.86256512032,Manitoba,Winnipeg South,85540.0,64595.0,179.0,48199.0,99.6,203.0,0.4,48402.0,74.9,Liberal
46,46014.0,Winnipeg South Centre,73670,4441830000.0,4068193000.0,3989263000.0,60293.606624134656,Manitoba,Winnipeg South Centre,90711.0,70487.0,198.0,53571.0,99.7,188.0,0.3,53759.0,76.3,Liberal
TOTAL,,,985170,41946991000.0,38689952000.0,37397695000.0,42578.42910360648,,,,,,,,,,,,
47,47001.0,Battlefords--Lloydminster,55270,2392745000.0,2245703000.0,2143573000.0,43291.93052288764,Saskatchewan,Battlefords--Lloydminster,70034.0,50917.0,137.0,33678.0,99.5,186.0,0.5,33864.0,66.5,Conservative
47,47002.0,Cypress Hills--Grasslands,54780,2611154000.0,2444383000.0,2289901000.0,47666.19204089083,Saskatchewan,Cypress Hills--Grasslands,67834.0,50874.0,181.0,36207.0,99.7,99.0,0.3,36306.0,71.4,Conservative
47,47003.0,Desnethé--Missinippi--Churchill River,48390,1361489000.0,1272434000.0,1169244000.0,28135.75118826204,Saskatchewan,Desnethé--Missinippi--Churchill River,69471.0,46824.0,179.0,30213.0,99.7,91.0,0.3,30304.0,64.7,NDP
47,47004.0,Carlton Trail--Eagle Creek,58710,2819331000.0,2628011000.0,2522060000.0,48021.30812468063,Saskatchewan,Carlton Trail--Eagle Creek,72607.0,56074.0,182.0,40179.0,99.7,109.0,0.3,40288.0,71.8,Conservative
47,47005.0,Moose Jaw--Lake Centre--Lanigan,60630,3027663000.0,2809367000.0,2697937000.0,49936.71449777338,Saskatchewan,Moose Jaw--Lake Centre--Lanigan,76106.0,58335.0,180.0,41965.0,99.7,142.0,0.3,42107.0,72.2,Conservative
47,47006.0,Prince Albert,64010,2720633000.0,2530961000.0,2401876000.0,42503.249492266834,Saskatchewan,Prince Albert,79344.0,57794.0,177.0,39510.0,99.7,103.0,0.3,39613.0,68.5,Conservative
47,47007.0,Regina--Lewvan,72160,4032015000.0,3693070000.0,3630562000.0,55876.03935698448,Saskatchewan,Regina--Lewvan,79587.0,64325.0,172.0,47834.0,99.6,181.0,0.4,48015.0,74.6,NDP
47,47008.0,Regina--Qu'Appelle,56670,2456465000.0,2283328000.0,2165218000.0,43346.832539262396,Saskatchewan,Regina--Qu'Appelle,72891.0,54240.0,172.0,36883.0,99.6,152.0,0.4,37035.0,68.3,Conservative
47,47009.0,Regina--Wascana,67040,3687808000.0,3392898000.0,3293719000.0,55009.069212410504,Saskatchewan,Regina--Wascana,77208.0,57504.0,171.0,42723.0,99.6,176.0,0.4,42899.0,74.6,Liberal
47,47010.0,Saskatoon--Grasswood,67120,3782915000.0,3474229000.0,3389112000.0,56360.47377830751,Saskatchewan,Saskatoon--Grasswood,72010.0,59665.0,178.0,46086.0,99.7,137.0,0.3,46223.0,77.5,Conservative
47,47011.0,Saskatoon--University,62940,3594118000.0,3299862000.0,3223192000.0,57103.87670797585,Saskatchewan,Saskatoon--University,76257.0,58394.0,152.0,44773.0,99.7,130.0,0.3,44903.0,76.9,Conservative
47,47012.0,Saskatoon West,66310,2769759000.0,2583296000.0,2456597000.0,41769.853717388025,Saskatchewan,Saskatoon West,76704.0,57021.0,149.0,37715.0,99.6,170.0,0.4,37885.0,66.4,NDP
47,47013.0,Souris--Moose Mountain,59100,3049144000.0,2847215000.0,2744293000.0,51592.96108291032,Saskatchewan,Souris--Moose Mountain,72058.0,52963.0,187.0,37516.0,99.7,126.0,0.3,37642.0,71.1,Conservative
47,47014.0,Yorkton--Melville,55370,2371779000.0,2215149000.0,2100381000.0,42835.091204623444,Saskatchewan,Yorkton--Melville,71270.0,54475.0,202.0,36613.0,99.7,95.0,0.3,36708.0,67.4,Conservative
TOTAL,,,848490,40677018000.0,37719904000.0,36227666000.0,47940.48014708482,,,,,,,,,,,,
48,48001.0,Banff--Airdrie,106530,6815209000.0,6281769000.0,6169180000.0,63974.551769454614,Alberta,Banff--Airdrie,105442.0,93079.0,235.0,66638.0,99.7,179.0,0.3,66817.0,71.8,Conservative
48,48002.0,Battle River--Crowfoot,95550,4651508000.0,4358898000.0,4157662000.0,48681.40240711669,Alberta,Battle River--Crowfoot,107140.0,81746.0,249.0,58769.0,99.7,160.0,0.3,58929.0,72.1,Conservative
48,48003.0,Bow River,87290,4372190000.0,4089099000.0,3947418000.0,50088.09714743957,Alberta,Bow River,103871.0,76093.0,208.0,49988.0,99.7,151.0,0.3,50139.0,65.9,Conservative
48,48004.0,Calgary Centre,95670,8468133000.0,7820241000.0,7586406000.0,88513.98557541549,Alberta,Calgary Centre,108931.0,87697.0,215.0,61249.0,99.6,227.0,0.4,61476.0,70.1,Liberal
48,48005.0,Calgary Confederation,91090,6432139000.0,5890611000.0,5753686000.0,70613.00911186739,Alberta,Calgary Confederation,111785.0,91061.0,231.0,66808.0,99.7,216.0,0.3,67024.0,73.6,Conservative
48,48006.0,Calgary Forest Lawn,84780,3071705000.0,2905672000.0,2774288000.0,36231.48148148148,Alberta,Calgary Forest Lawn,108251.0,75336.0,201.0,41047.0,99.2,345.0,0.8,41392.0,54.9,Conservative
48,48007.0,Calgary Heritage,87060,5575717000.0,5117403000.0,5007072000.0,64044.53250631748,Alberta,Calgary Heritage,108320.0,80767.0,202.0,58430.0,99.6,228.0,0.4,58658.0,72.6,Conservative
48,48008.0,Calgary Midnapore,96560,6020056000.0,5538397000.0,5437568000.0,62345.23612261806,Alberta,Calgary Midnapore,111227.0,87848.0,224.0,63562.0,99.7,179.0,0.3,63741.0,72.6,Conservative
48,48009.0,Calgary Nose Hill,88930,4825103000.0,4419201000.0,4317157000.0,54257.314741931856,Alberta,Calgary Nose Hill,109286.0,82243.0,206.0,54562.0,99.5,255.0,0.5,54817.0,66.7,Conservative
48,48010.0,Calgary Rocky Ridge,98930,6300984000.0,5747004000.0,5665150000.0,63691.33730920853,Alberta,Calgary Rocky Ridge,108901.0,88007.0,219.0,63292.0,99.7,167.0,0.3,63459.0,72.1,Conservative
48,48011.0,Calgary Shepard,108380,6801903000.0,6297007000.0,6195938000.0,62759.76194869902,Alberta,Calgary Shepard,110296.0,98085.0,244.0,66351.0,99.7,208.0,0.3,66559.0,67.9,Conservative
48,48012.0,Calgary Signal Hill,89920,6915277000.0,6342837000.0,6216511000.0,76904.77090747331,Alberta,Calgary Signal Hill,109647.0,85530.0,223.0,62519.0,99.7,189.0,0.3,62708.0,73.3,Conservative
48,48013.0,Calgary Skyview,102640,3856584000.0,3630683000.0,3530277000.0,37573.88932190179,Alberta,Calgary Skyview,110189.0,74604.0,181.0,44993.0,99.3,310.0,0.7,45303.0,60.7,Liberal
48,48014.0,Edmonton Centre,85400,4786077000.0,4429053000.0,4274687000.0,56043.05620608899,Alberta,Edmonton Centre,106121.0,80173.0,202.0,53512.0,99.6,234.0,0.4,53746.0,67.0,Liberal
48,48015.0,Edmonton Griesbach,88410,3531081000.0,3315083000.0,3093313000.0,39939.837122497454,Alberta,Edmonton Griesbach,107809.0,81625.0,219.0,47942.0,99.4,289.0,0.6,48231.0,59.1,Conservative
48,48016.0,Edmonton Manning,91480,4347644000.0,4038788000.0,3927250000.0,47525.623087013555,Alberta,Edmonton Manning,106262.0,81361.0,185.0,49001.0,99.6,185.0,0.4,49186.0,60.5,Conservative
48,48017.0,Edmonton Mill Woods,90150,3949052000.0,3680820000.0,3583083000.0,43805.34664448142,Alberta,Edmonton Mill Woods,106103.0,74651.0,191.0,49517.0,99.5,227.0,0.5,49744.0,66.6,Liberal
48,48018.0,Edmonton Riverbend,92410,6227539000.0,5673169000.0,5577483000.0,67390.31490098474,Alberta,Edmonton Riverbend,106302.0,82290.0,203.0,57740.0,99.7,178.0,0.3,57918.0,70.4,Conservative
48,48019.0,Edmonton Strathcona,79550,4565962000.0,4184045000.0,4084787000.0,57397.38529226901,Alberta,Edmonton Strathcona,103183.0,78635.0,205.0,55604.0,99.6,217.0,0.4,55821.0,71.0,NDP
48,48020.0,Edmonton West,92750,5077796000.0,4688845000.0,4587721000.0,54747.12668463612,Alberta,Edmonton West,104422.0,81144.0,207.0,53457.0,99.6,233.0,0.4,53690.0,66.2,Conservative
48,48021.0,Edmonton--Wetaskiwin,122460,6696541000.0,6208670000.0,6088779000.0,54683.49665196799,Alberta,Edmonton--Wetaskiwin,110644.0,100871.0,262.0,68344.0,99.7,197.0,0.3,68541.0,67.9,Conservative
48,48022.0,Foothills,82940,5424602000.0,5029784000.0,4869334000.0,65403.93055220642,Alberta,Foothills,105515.0,83675.0,232.0,60986.0,99.8,141.0,0.2,61127.0,73.1,Conservative
48,48023.0,Fort McMurray--Cold Lake,80090,6102508000.0,5745939000.0,5584073000.0,76195.62991634411,Alberta,Fort McMurray--Cold Lake,101538.0,77960.0,224.0,47266.0,99.7,158.0,0.3,47424.0,60.8,Conservative
48,48024.0,Grande Prairie--Mackenzie,88080,4887638000.0,4623677000.0,4321228000.0,55490.89464123524,Alberta,Grande Prairie--Mackenzie,106738.0,82665.0,208.0,53343.0,99.7,158.0,0.3,53501.0,64.7,Conservative
48,48025.0,Lakeland,86610,4298734000.0,4042905000.0,3869356000.0,49633.22941923566,Alberta,Lakeland,104616.0,79721.0,233.0,54779.0,99.7,155.0,0.3,54934.0,68.9,Conservative
48,48026.0,Lethbridge,88810,4272705000.0,3954697000.0,3820257000.0,48110.62943362234,Alberta,Lethbridge,105999.0,84335.0,236.0,56943.0,99.7,158.0,0.3,57101.0,67.7,Conservative
48,48027.0,Medicine Hat--Cardston--Warner,82880,3760470000.0,3503164000.0,3351631000.0,45372.46621621621,Alberta,Medicine Hat--Cardston--Warner,102847.0,77892.0,220.0,50650.0,99.8,118.0,0.2,50768.0,65.2,Conservative
48,48028.0,Peace River--Westlock,80010,3686531000.0,3478489000.0,3227353000.0,46075.87801524809,Alberta,Peace River--Westlock,108095.0,77515.0,227.0,49519.0,99.7,170.0,0.3,49689.0,64.1,Conservative
48,48029.0,Red Deer--Mountain View,85240,4628094000.0,4313270000.0,4190398000.0,54294.86156733928,Alberta,Red Deer--Mountain View,110793.0,88322.0,236.0,62212.0,99.8,135.0,0.2,62347.0,70.6,Conservative
48,48030.0,Red Deer--Lacombe,91970,4724304000.0,4436512000.0,4295879000.0,51367.88083070567,Alberta,Red Deer--Lacombe,113693.0,89092.0,237.0,61662.0,99.7,176.0,0.3,61838.0,69.4,Conservative
48,48031.0,St. Albert--Edmonton,91830,5505929000.0,5031888000.0,4943608000.0,59957.84601981923,Alberta,St. Albert--Edmonton,105162.0,85187.0,221.0,59208.0,99.8,146.0,0.2,59354.0,69.7,Conservative
48,48032.0,Sherwood Park--Fort Saskatchewan,94320,6491414000.0,5961205000.0,5878620000.0,68823.30364715861,Alberta,Sherwood Park--Fort Saskatchewan,111541.0,90289.0,266.0,66686.0,99.7,180.0,0.3,66866.0,74.1,Conservative
48,48033.0,Sturgeon River--Parkland,100330,5898798000.0,5482211000.0,5362107000.0,58793.95993222366,Alberta,Sturgeon River--Parkland,105733.0,86994.0,238.0,61537.0,99.7,157.0,0.3,61694.0,70.9,Conservative
48,48034.0,Yellowhead,70090,3585129000.0,3383507000.0,3273060000.0,51150.36381794835,Alberta,Yellowhead,98855.0,76011.0,245.0,52525.0,99.7,161.0,0.3,52686.0,69.3,Conservative
TOTAL,,,3099120,176555000000.0,163645000000.0,158962000000.0,56969.39776452671,,,,,,,,,,,,
59,59001.0,Abbotsford,80960,3352409000.0,3122674000.0,2996747000.0,41408.21393280633,British Columba,Abbotsford,96819.0,69299.0,181.0,48124.0,99.6,202.0,0.4,48326.0,69.7,Conservative
59,59002.0,Burnaby North--Seymour,82080,4311601000.0,3949299000.0,3848385000.0,52529.25194931774,British Columba,Burnaby North--Seymour,100632.0,74982.0,191.0,52480.0,99.5,260.0,0.5,52740.0,70.3,Liberal
59,59003.0,Burnaby South,93990,3887715000.0,3579606000.0,3467298000.0,41363.07053941909,British Columba,Burnaby South,105037.0,75950.0,196.0,45887.0,99.4,275.0,0.6,46162.0,60.8,NDP
59,59004.0,Cariboo--Prince George,85130,3774654000.0,3506574000.0,3389935000.0,44339.88018324915,British Columba,Cariboo--Prince George,108252.0,79517.0,225.0,53734.0,99.6,216.0,0.4,53950.0,67.8,Conservative
59,59005.0,Central Okanagan--Similkameen--Nicola,94040,4206425000.0,3887053000.0,3755077000.0,44730.168013611226,British Columba,Central Okanagan--Similkameen--Nicola,104398.0,87600.0,229.0,61973.0,99.7,191.0,0.3,62164.0,71.0,Conservative
59,59006.0,Chilliwack--Hope,80380,3371568000.0,3124035000.0,3002857000.0,41945.35954217467,British Columba,Chilliwack--Hope,92734.0,72874.0,196.0,50661.0,99.7,154.0,0.3,50815.0,69.7,Conservative
59,59007.0,Cloverdale--Langley City,89930,4220377000.0,3890702000.0,3793283000.0,46929.57856110308,British Columba,Cloverdale--Langley City,100318.0,78189.0,188.0,54075.0,99.7,186.0,0.3,54261.0,69.4,Liberal
59,59008.0,Coquitlam--Port Coquitlam,98420,4480687000.0,4109628000.0,3999829000.0,45526.18370249949,British Columba,Coquitlam--Port Coquitlam,110277.0,85122.0,208.0,56511.0,99.5,287.0,0.5,56798.0,66.7,Liberal
59,59009.0,Courtenay--Alberni,98550,4181659000.0,3833124000.0,3687777000.0,42431.851851851854,British Columba,Courtenay--Alberni,110391.0,92266.0,270.0,69849.0,99.7,185.0,0.3,70034.0,75.9,NDP
59,59010.0,Cowichan--Malahat--Langford,88280,3955514000.0,3634584000.0,3517492000.0,44806.45672859085,British Columba,Cowichan--Malahat--Langford,99160.0,81888.0,227.0,61778.0,99.6,230.0,0.4,62008.0,75.7,NDP
59,59011.0,Delta,82960,4233894000.0,3867503000.0,3767730000.0,51035.36644165863,British Columba,Delta,100588.0,75044.0,212.0,55689.0,99.6,200.0,0.4,55889.0,74.5,Liberal
59,59012.0,Fleetwood--Port Kells,92240,3613298000.0,3341831000.0,3226694000.0,39172.788378143974,British Columba,Fleetwood--Port Kells,109742.0,75150.0,205.0,48763.0,99.5,269.0,0.5,49032.0,65.2,Liberal
59,59013.0,Kamloops--Thompson--Cariboo,103080,4665716000.0,4303523000.0,4166666000.0,45263.057819169575,British Columba,Kamloops--Thompson--Cariboo,118618.0,95347.0,273.0,69765.0,99.8,174.0,0.2,69939.0,73.4,Conservative
59,59014.0,Kelowna--Lake Country,99320,5029356000.0,4641304000.0,4515313000.0,50637.89770438985,British Columba,Kelowna--Lake Country,110051.0,91131.0,234.0,64155.0,99.6,230.0,0.4,64385.0,70.7,Liberal
59,59015.0,Kootenay--Columbia,91110,4173484000.0,3852428000.0,3735876000.0,45807.09033036988,British Columba,Kootenay--Columbia,107589.0,86895.0,260.0,63206.0,99.7,197.0,0.3,63403.0,73.0,NDP
59,59016.0,Langley--Aldergrove,93120,4855046000.0,4476290000.0,4363092000.0,52137.52147766323,British Columba,Langley--Aldergrove,103084.0,83065.0,209.0,59896.0,99.7,204.0,0.3,60100.0,72.4,Conservative
59,59017.0,Mission--Matsqui--Fraser Canyon,74940,2892669000.0,2694734000.0,2574352000.0,38599.7998398719,British Columba,Mission--Matsqui--Fraser Canyon,90871.0,63744.0,187.0,44651.0,99.5,209.0,0.5,44860.0,70.4,Liberal
59,59018.0,Nanaimo--Ladysmith,100770,4390505000.0,4034564000.0,3900116000.0,43569.564354470574,British Columba,Nanaimo--Ladysmith,114998.0,95200.0,252.0,71241.0,99.8,158.0,0.2,71399.0,75.0,NDP
59,59019.0,New Westminster--Burnaby,92710,4018885000.0,3710819000.0,3592750000.0,43348.99147880488,British Columba,New Westminster--Burnaby,108652.0,80394.0,197.0,52642.0,99.3,363.0,0.7,53005.0,65.9,NDP
59,59020.0,North Okanagan--Shuswap,106070,4539957000.0,4207621000.0,4046988000.0,42801.517865560476,British Columba,North Okanagan--Shuswap,121474.0,97554.0,275.0,69954.0,99.8,152.0,0.2,70106.0,71.9,Conservative
59,59021.0,North Vancouver,93510,5674070000.0,5198172000.0,5074783000.0,60678.7509357288,British Columba,North Vancouver,109639.0,85219.0,207.0,64354.0,99.7,218.0,0.3,64572.0,75.8,Liberal
59,59022.0,Pitt Meadows--Maple Ridge,79510,3885801000.0,3581052000.0,3487476000.0,48871.85259715759,British Columba,Pitt Meadows--Maple Ridge,94111.0,72635.0,185.0,52150.0,99.8,121.0,0.2,52271.0,72.0,Liberal
59,59023.0,Port Moody--Coquitlam,88280,4493241000.0,4118434000.0,4021019000.0,50897.609877661984,British Columba,Port Moody--Coquitlam,108326.0,79555.0,211.0,54667.0,99.7,174.0,0.3,54841.0,68.9,NDP
59,59024.0,Prince George--Peace River--Northern Rockies,83840,4293349000.0,4036358000.0,3832197000.0,51208.838263358775,British Columba,Prince George--Peace River--Northern Rockies,107382.0,78250.0,230.0,51859.0,99.6,197.0,0.4,52056.0,66.5,Conservative
59,59025.0,Richmond Centre,84820,3345480000.0,3078567000.0,2972749000.0,39442.11270926668,British Columba,Richmond Centre,93863.0,69678.0,175.0,39862.0,99.4,227.0,0.6,40089.0,57.5,Conservative
59,59026.0,Esquimalt--Saanich--Sooke,95480,4451869000.0,4069000000.0,3971119000.0,46626.193967323,British Columba,Esquimalt--Saanich--Sooke,113004.0,91056.0,227.0,68081.0,99.7,199.0,0.3,68280.0,75.0,NDP
59,59027.0,Saanich--Gulf Islands,89630,4810525000.0,4364788000.0,4270876000.0,53670.92491353342,British Columba,Saanich--Gulf Islands,104285.0,86863.0,238.0,68140.0,99.7,201.0,0.3,68341.0,78.7,Green Party
59,59028.0,Skeena--Bulkley Valley,67340,2796688000.0,2600224000.0,2497974000.0,41530.85833085833,British Columba,Skeena--Bulkley Valley,90586.0,64846.0,217.0,44109.0,99.6,157.0,0.4,44266.0,68.3,NDP
59,59029.0,South Okanagan--West Kootenay,102150,4293006000.0,3962334000.0,3807550000.0,42026.49045521292,British Columba,South Okanagan--West Kootenay,112096.0,91999.0,274.0,66594.0,99.7,216.0,0.3,66810.0,72.6,NDP
59,59030.0,South Surrey--White Rock,85090,5136641000.0,4691790000.0,4574752000.0,60367.15242684216,British Columba,South Surrey--White Rock,94678.0,76833.0,207.0,56631.0,99.6,219.0,0.4,56850.0,74.0,Conservative
59,59031.0,Steveston--Richmond East,84850,3438807000.0,3166974000.0,3058517000.0,40528.07307012375,British Columba,Steveston--Richmond East,96610.0,72225.0,186.0,43225.0,99.3,287.0,0.7,43512.0,60.2,Liberal
59,59032.0,Surrey Centre,95710,2986847000.0,2823194000.0,2657700000.0,31207.2615191725,British Columba,Surrey Centre,111486.0,71966.0,176.0,43198.0,99.2,352.0,0.8,43550.0,60.5,Liberal
59,59033.0,Surrey--Newton,90600,2968617000.0,2792031000.0,2659965000.0,32766.192052980132,British Columba,Surrey--Newton,105183.0,65954.0,164.0,44424.0,99.3,328.0,0.7,44752.0,67.9,Liberal
59,59034.0,Vancouver Centre,106840,7434918000.0,6879507000.0,6692572000.0,69589.27368026956,British Columba,Vancouver Centre,102480.0,88470.0,217.0,58048.0,99.6,247.0,0.4,58295.0,65.9,Liberal
59,59035.0,Vancouver East,95270,4169971000.0,3862753000.0,3672526000.0,43770.032539099404,British Columba,Vancouver East,110097.0,89324.0,226.0,58708.0,99.3,405.0,0.7,59113.0,66.2,NDP
59,59036.0,Vancouver Granville,86350,5765706000.0,5299982000.0,5177766000.0,66771.34916039374,British Columba,Vancouver Granville,99886.0,80488.0,204.0,53824.0,99.7,186.0,0.3,54010.0,67.1,Liberal
59,59037.0,North Island--Powell River,86570,3740499000.0,3446439000.0,3321142000.0,43207.79715836895,British Columba,North Island--Powell River,103458.0,81377.0,276.0,60536.0,99.7,177.0,0.3,60713.0,74.6,NDP
59,59038.0,Vancouver Kingsway,84860,3280998000.0,3035288000.0,2920157000.0,38663.65778930002,British Columba,Vancouver Kingsway,102003.0,72438.0,180.0,45396.0,99.0,471.0,1.0,45867.0,63.3,NDP
59,59039.0,Vancouver Quadra,81220,5992699000.0,5505235000.0,5408241000.0,73783.53853730609,British Columba,Vancouver Quadra,102416.0,76038.0,198.0,52972.0,99.7,144.0,0.3,53116.0,69.9,Liberal
59,59040.0,Vancouver South,84510,3167996000.0,2935536000.0,2813072000.0,37486.64063424447,British Columba,Vancouver South,100966.0,70992.0,184.0,44611.0,99.4,259.0,0.6,44870.0,63.2,Liberal
59,59041.0,Victoria,96870,5269949000.0,4818143000.0,4691180000.0,54402.281408072675,British Columba,Victoria,110942.0,94627.0,251.0,71895.0,99.7,241.0,0.3,72136.0,76.2,NDP
59,59042.0,West Vancouver--Sunshine Coast--Sea to Sky Country,98850,6486246000.0,5982241000.0,5819873000.0,65617.05614567526,British Columba,West Vancouver--Sunshine Coast--Sea to Sky Country,112875.0,90554.0,244.0,66458.0,99.7,173.0,0.3,66631.0,73.6,Liberal
TOTAL,,,3790190,180039000000.0,166016000000.0,160751000000.0,47501.31259910453,,,,,,,,,,,,
60,60001.0,Yukon,28700,1570830000.0,1442349000.0,1283327000.0,54732.75261324042,Yukon,Yukon,33897.0,26879.0,82.0,20291.0,99.5,94.0,0.5,20385.0,75.8,Liberal
TOTAL,,,28700,1570830000.0,1442349000.0,1283327000.0,54732.75261324042,,,,,,,,,,,,
61,61001.0,Northwest Territories,31890,1890342000.0,1745859000.0,1581001000.0,59276.952022577614,Northwest Territories,Northwest Territories,41462.0,30110.0,91.0,18973.0,99.5,104.0,0.5,19077.0,63.4,Liberal
TOTAL,,,31890,1890342000.0,1745859000.0,1581001000.0,59276.952022577614,,,,,,,,,,,,
62,62001.0,Nunavut,21440,1039849000.0,969968000.0,856212000.0,48500.4197761194,Nunavut,Nunavut,31906.0,20252.0,59.0,11928.0,99.2,95.0,0.8,12023.0,59.4,Liberal
TOTAL,,,21440,1039849000.0,969968000.0,856212000.0,48500.4197761194,,,,,,,,,,,,
TOTAL,,,27977590,1321160000000.0,1214600000000.0,1173670000000.0,47222.08024350918,,,,,,,,,,,,
