Prov/Terr,FED ID,Federal Electoral Districts,Total,Total Income,"Under $5,000","$5,000 to $9,999","$10,000 to $14,999","$15,000 to $19,999","$20,000 to $24,999","$25,000 to $29,999","$30,000 to $34,999","$35,000 to $39,999","$40,000 to $44,999","$45,000 to $49,999","$50,000 to $54,999","$55,000 to $59,999","$60,000 to $69,999","$70,000 to $79,999","$80,000 to $89,999","$90,000 to $99,999","$100,000 to $149,999","$150,000 to $249,999","$250,000 and over"
10,10001,Avalon,35410,2129874000,1780,1450,1920,2910,2050,1810,1850,1860,1860,1690,1490,1400,2470,2030,1590,1410,3800,1730,330
10,10002,Bonavista--Burin--Trinity,32200,1564974000,1570,1470,2180,3920,2480,2160,2130,1970,1760,1610,1270,1090,1730,1290,1010,900,2550,990,140
10,10003,Coast of Bays--Central--Notre Dame,31830,1506208000,1670,1470,2270,3770,2270,2050,2140,2000,1920,1670,1310,1220,1920,1250,1010,860,2040,850,150
10,10004,Labrador,10510,755063000,710,420,460,490,360,460,440,430,350,370,370,360,580,530,560,540,2290,730,70
10,10005,Long Range Mountains,37670,1729013000,2160,1880,2690,4350,2700,2530,2590,2400,2180,1990,1580,1420,2200,1630,1240,1030,2190,740,180
10,10006,St. John's East,32300,2121325000,2320,1790,2050,2240,1620,1540,1470,1480,1520,1390,1190,1170,2100,1830,1500,1280,3300,1780,750
10,10007,St. John's South--Mount Pearl,31420,1739870000,2000,1810,2110,2400,1870,1720,1720,1780,1640,1640,1380,1280,2080,1680,1290,1000,2530,1130,360
TOTAL,,,211330,11546327000,12210,10300,13680,20070,13350,12260,12330,11910,11230,10370,8580,7940,13060,10250,8180,7010,18690,7950,1970
11,11001,Cardigan,14600,684481000,850,720,880,1240,1090,1070,1080,1020,930,850,710,650,960,710,460,280,730,270,100
11,11002,Charlottetown,13850,627964000,1110,900,1020,1220,1080,1010,870,850,750,690,600,530,850,620,450,300,640,260,120
11,11003,Egmont,14140,598576000,730,710,930,1430,1120,1110,1230,1210,990,840,680,510,730,540,350,240,550,170,80
11,11004,Malpeque,14120,665908000,750,690,750,1090,1000,960,990,1030,980,930,790,640,1040,730,480,320,620,230,100
TOTAL,,,56700,2576929000,3440,3020,3570,4980,4290,4150,4170,4110,3640,3300,2770,2320,3570,2590,1750,1130,2540,940,410
12,12001,Cape Breton--Canso,28830,1278942000,1860,2020,1630,2700,2410,2030,1990,1850,1630,1500,1320,1090,1830,1270,980,680,1400,530,140
12,12002,Central Nova,28870,1352088000,1840,1960,1640,2320,2310,1750,1850,1830,1710,1600,1380,1280,1920,1450,1060,780,1500,520,180
12,12003,Cumberland--Colchester,31700,1353689000,2240,2260,1980,2970,2530,2140,2060,2120,2000,1860,1490,1300,1950,1400,1020,630,1190,410,140
12,12004,Dartmouth--Cole Harbour,35120,1846899000,2310,2380,1880,2060,2020,1830,1870,1990,2010,1890,1690,1530,2730,2330,1830,1230,2460,800,270
12,12005,Halifax,34670,1926721000,3600,2810,2150,2530,2030,1780,1770,1710,1630,1550,1340,1180,2200,1810,1400,990,2290,1260,660
12,12006,Halifax West,35300,2054653000,2810,1890,1950,2020,1890,1750,1680,1850,1800,1700,1600,1420,2590,2330,1860,1400,2990,1290,490
12,12007,Kings--Hants,32350,1495419000,2180,1940,1800,2600,2430,1960,1940,2020,1960,1840,1560,1480,2380,1840,1300,860,1660,450,160
12,12008,Sackville--Preston--Chezzetcook,33600,1884827000,1830,1620,1480,1710,1710,1620,1740,1880,1960,1860,1760,1620,3110,2630,2110,1420,2570,740,240
12,12009,South Shore--St. Margarets,37950,1886609000,2080,2090,2020,3350,2900,2340,2330,2400,2230,2060,1850,1710,2650,2080,1550,1100,2140,780,310
12,12010,Sydney--Victoria,28520,1129199000,2890,2340,1720,2480,2380,2130,2000,1810,1530,1380,1140,1070,1600,1130,840,550,1100,360,100
12,12011,West Nova,34010,1421060000,2160,2240,2130,3740,2820,2250,2400,2210,1950,1770,1550,1360,2340,1580,1030,670,1320,370,140
TOTAL,,,360920,17630106000,25820,23520,20380,28480,25430,21570,21610,21660,20390,19000,16680,15030,25290,19830,14980,10300,20620,7510,2820
13,13001,Acadie--Bathurst,33750,1410982000,1570,2340,2020,4070,2500,2540,2880,2710,2170,1760,1360,1160,1710,1320,920,660,1480,480,120
13,13002,Beauséjour,34110,1562205000,1610,1820,1800,3130,2420,2490,2660,2750,2310,2080,1650,1440,2220,1550,1180,770,1530,520,190
13,13003,Fredericton,31020,1625320000,2260,1860,1650,1980,1850,1650,1570,1660,1620,1510,1510,1570,2890,1980,1390,950,2130,740,250
13,13004,Fundy Royal,31240,1656917000,1660,1780,1580,2320,2020,1760,1810,1940,1950,1800,1610,1440,2260,1680,1250,980,2220,900,290
13,13005,Madawaska--Restigouche,25560,1036183000,1330,1750,1470,2510,2110,1880,1980,2130,1880,1610,1280,930,1520,990,640,410,830,240,90
13,13006,Miramichi--Grand Lake,23780,921341000,2050,1490,1470,2500,1890,1780,1900,1700,1500,1300,1080,880,1260,920,640,380,730,250,60
13,13007,Moncton--Riverview--Dieppe,35420,1661007000,2140,2570,2040,2670,2630,2350,2350,2410,2310,2020,1600,1470,2270,1740,1210,890,1840,700,230
13,13008,New Brunswick Southwest,26300,1303435000,1430,1550,1370,2010,1740,1620,1580,1720,1590,1500,1350,1210,2050,1450,980,720,1670,620,150
13,13009,Saint John--Rothesay,30220,1513139000,2130,2440,1770,2400,2180,1820,1780,1900,1680,1500,1320,1170,1950,1430,1080,800,1830,750,290
13,13010,Tobique--Mactaquac,27300,1203876000,1860,1750,1670,2460,2000,1760,1890,2040,1900,1710,1360,1170,1710,1110,760,560,1120,350,140
TOTAL,,,298710,13894406000,18040,19350,16840,26050,21320,19640,20410,20950,18900,16770,14110,12430,19840,14170,10040,7130,15380,5540,1800
24,24001,Abitibi--Baie-James--Nunavik--Eeyou,31320,1563287000,4710,1680,1840,2180,1750,1430,1360,1360,1400,1310,1230,1190,2160,1670,1270,1020,2650,830,270
24,24002,Abitibi--Témiscamingue,42100,2233822000,1890,2070,2560,3560,2840,2240,2270,2330,2390,2300,2100,1900,3180,2390,1820,1410,3630,920,320
24,24003,Ahuntsic-Cartierville,42460,1981204000,3820,3420,4050,4020,3080,2790,2460,2310,2010,1740,1530,1350,2150,1720,1320,990,2200,1010,510
24,24004,Alfred-Pellan,38600,2060286000,2560,2100,2660,2720,2670,2210,2110,2330,2230,2090,1740,1670,2680,2170,1660,1120,2410,960,530
24,24005,Argenteuil--La Petite-Nation,38780,1731887000,1920,2430,2960,3850,2950,2430,2490,2600,2360,2130,1930,1640,2630,2020,1390,880,1480,490,230
24,24006,Avignon--La Mitis--Matane--Matapédia,30090,1158352000,1670,1690,2450,3970,2440,2080,2140,2290,1900,1750,1430,1140,1700,1110,730,470,830,210,90
24,24007,Beauce,44430,1995058000,1520,1920,2970,3890,3290,2760,3040,3530,3530,3320,2800,2310,3280,2270,1230,760,1280,470,250
24,24008,Beauport--Limoilou,36650,1537326000,1600,2370,3150,3300,2780,2520,2580,2800,2390,2090,1890,1560,2380,1800,1110,660,1160,370,150
24,24009,Bécancour--Nicolet--Saurel,38720,1784891000,1580,2140,2780,3800,2890,2560,2630,2770,2540,2230,1800,1540,2390,2020,1440,1010,1830,550,220
24,24010,Bellechasse--Les Etchemins--Lévis,46630,2257774000,1640,1950,2790,3810,3340,2810,3120,3250,3400,3180,2930,2390,3660,2620,1660,1090,2000,700,310
24,24011,Beloeil--Chambly,45310,2761591000,1790,1830,2360,2680,2390,2110,2330,2460,2600,2580,2300,2200,3840,3280,2660,1890,3990,1400,620
24,24012,Berthier--Maskinongé,43620,1874082000,1800,2560,3250,4650,3540,2910,3150,3180,2860,2670,2130,1690,2780,2020,1330,830,1570,480,220
24,24013,Thérèse-De Blainville,38800,2522802000,1960,1920,2260,2340,2150,1890,1850,2120,2060,1930,1770,1680,2840,2550,2020,1530,3430,1600,890
24,24014,Pierre-Boucher--Les Patriotes--Verchères,39870,2726803000,1700,1540,1930,2170,1930,1800,1720,2140,2170,2160,1940,1900,3380,2990,2340,1710,4010,1470,890
24,24015,Bourassa,35700,1166599000,3160,3470,3800,4040,3280,2830,2570,2410,1950,1580,1220,970,1450,980,620,420,660,200,70
24,24016,Brome--Missisquoi,42670,2120244000,1760,2390,3060,4100,3570,2800,2790,2820,2720,2460,2060,1890,2740,1950,1380,890,1940,860,500
24,24017,Brossard--Saint-Lambert,40880,2553219000,3260,2270,3040,2980,2480,2100,1970,2070,1870,1780,1640,1520,2580,2200,1720,1370,3370,1620,1040
24,24018,Rimouski-Neigette--Témiscouata--Les Basques,34800,1513577000,1500,1720,2550,3620,2770,2500,2360,2600,2430,2130,1840,1450,2180,1560,1030,680,1300,390,190
24,24019,Charlesbourg--Haute-Saint-Charles,41730,2093534000,1550,1650,2360,2720,2450,2240,2530,2920,2810,2750,2640,2290,3890,2950,2010,1230,2030,520,200
24,24020,Beauport--Côte-de-Beaupré--Île d’Orléans--Charlevoix,39230,1945982000,1410,1530,2500,3370,2570,2380,2550,2830,2650,2620,2240,1800,3050,2350,1500,1030,1890,670,300
24,24021,Châteauguay--Lacolle,40800,1885205000,2070,2100,3350,3680,2940,2390,2390,2620,2500,2300,1970,1800,2990,2360,1640,1080,1830,550,230
24,24022,Chicoutimi--Le Fjord,33280,1663880000,1320,1800,2160,2770,2160,1860,2070,2260,2160,2040,1900,1520,2520,1720,1100,910,2150,600,270
24,24023,Compton--Stanstead,42140,1959435000,1940,2160,2860,3820,3100,2720,2840,3000,2840,2610,2250,1940,2910,2090,1490,960,1740,580,310
24,24024,Dorval--Lachine--LaSalle,42120,1855964000,3590,3120,3650,3680,2980,2800,2720,2640,2380,2120,1700,1520,2340,1730,1300,900,1920,690,350
24,24025,Drummond,41260,1786120000,1790,2390,3020,4060,3210,2770,2940,3160,2950,2640,2200,1790,2690,1800,1170,710,1270,460,260
24,24026,Gaspésie--Les Îles-de-la-Madeleine,32670,1291522000,1490,1860,2680,4100,2480,2370,2880,2690,2160,1810,1430,1090,1610,1180,810,530,1110,300,110
24,24027,Gatineau,39650,1925847000,2020,2230,2830,2770,2440,2180,2220,2410,2330,2220,2100,1940,3330,2430,1980,1270,2310,500,140
24,24028,Hochelaga,41300,1694269000,2920,3680,3910,3780,3040,2630,2520,2610,2280,2010,1800,1490,2290,1840,1300,870,1640,510,190
24,24029,Honoré-Mercier,37970,1653158000,2800,2360,2940,3460,2980,2560,2530,2480,2250,1980,1730,1470,2230,1750,1150,770,1750,540,240
24,24030,Hull--Aylmer,37110,1907451000,2590,2510,2950,2560,2060,1920,1760,1920,1780,1780,1640,1570,2680,2100,1870,1420,2920,810,280
24,24031,Joliette,42930,1817079000,2550,2810,3430,4450,3510,2800,2710,2940,2680,2480,1910,1610,2710,2060,1240,840,1460,490,260
24,24032,Jonquière,36660,1852569000,1360,1860,2180,2620,2090,1930,2170,2450,2470,2600,2340,1900,2820,1990,1290,1200,2590,570,210
24,24033,La Pointe-de-l'Île,40650,1766029000,2450,2690,3250,3160,2700,2590,2640,2800,2680,2320,1990,1740,2750,2100,1450,970,1830,440,120
24,24034,La Prairie,42200,2512612000,2940,1800,2280,2550,2320,1930,2010,2220,2310,2140,2100,1890,3330,2890,2220,1680,3650,1330,600
24,24035,Lac-Saint-Jean,43650,1970327000,2050,2160,2850,4210,3090,2530,2930,3050,2960,2880,2480,2050,3080,2220,1380,1070,1980,500,190
24,24036,Lac-Saint-Louis,40460,3064029000,3540,2270,2730,2360,2090,1850,1750,1790,1710,1680,1470,1320,2290,2070,1780,1430,4280,2540,1510
24,24037,LaSalle--Émard--Verdun,40920,1675429000,3250,3270,3860,3630,2970,2570,2500,2610,2350,2060,1720,1460,2270,1830,1310,920,1700,470,190
24,24038,Laurentides--Labelle,47920,2135546000,2320,2830,3810,5360,4050,3340,3150,3340,3050,2750,2170,1750,2750,1970,1320,940,1810,790,430
24,24039,Laurier--Sainte-Marie,49940,2355967000,4260,4590,4930,4710,3060,2590,2440,2430,2320,1930,1770,1720,2840,2430,1840,1350,3000,1160,580
24,24040,Laval--Les Îles,40710,2088378000,2960,2380,3310,3770,2820,2390,2230,2260,2130,1910,1660,1500,2440,2010,1610,1170,2680,1010,480
24,24041,Longueuil--Charles-LeMoyne,41240,1656229000,2680,2900,3590,3620,3040,2740,2830,2920,2590,2310,1900,1660,2570,1930,1320,760,1430,350,100
24,24042,Lévis--Lotbinière,45630,2490577000,1590,1780,2420,2890,2610,2320,2570,2970,3070,3010,2810,2480,3980,3230,2190,1520,2860,960,390
24,24043,Longueuil--Saint-Hubert,41660,2156065000,2370,2560,2950,3170,2610,2420,2390,2590,2470,2270,2010,1730,2850,2330,1750,1220,2610,930,440
24,24044,Louis-Hébert,40290,2620148000,2540,2020,2460,2460,2050,1820,1890,2010,1990,2030,2010,1800,3040,2640,2010,1390,3430,1640,1070
24,24045,Louis-Saint-Laurent,45490,2487512000,1890,1740,2170,2620,2270,2210,2510,2900,2920,2910,2750,2650,4660,3400,2360,1590,2740,860,350
24,24046,Manicouagan,37080,1967874000,3050,1630,2010,2550,2000,1870,2120,2190,2090,1920,1700,1470,2370,1820,1520,1370,4420,850,140
24,24047,Mégantic--L'Érable,36670,1473806000,1330,1850,2670,4150,3350,2780,2740,2980,2900,2520,1970,1610,2030,1330,730,440,840,290,170
24,24048,Mirabel,46290,2412917000,2090,1950,2590,3250,2750,2540,2480,2690,2780,2680,2480,2340,3970,3440,2450,1790,3010,760,240
24,24049,Montarville,37410,2545843000,1800,1540,1930,1910,1690,1530,1600,1750,1850,1910,1820,1700,2960,2760,2310,1740,4230,1590,770
24,24050,Montcalm,43050,2023078000,1990,2230,2730,3470,2900,2550,2710,2750,2800,2560,2360,2050,3340,2730,1940,1190,2100,500,160
24,24051,Montmagny--L'Islet--Kamouraska--Rivière-du-Loup,39960,1677192000,1430,1900,2740,4320,3170,2890,3080,3130,3070,2840,2500,1770,2400,1560,990,590,1030,350,200
24,24052,Mount Royal,38570,2880228000,4650,2820,3460,3400,2570,2290,2020,1820,1430,1240,1130,940,1550,1310,1010,770,2330,1870,1970
24,24053,Notre-Dame-de-Grâce--Westmount,38050,3390580000,4530,2690,3100,2880,2130,1860,1660,1560,1410,1270,1090,1060,1730,1500,1160,920,2890,2200,2410
24,24054,Outremont,31620,1976431000,4440,2650,2890,2770,1970,1680,1410,1340,1220,1020,920,820,1360,1160,980,710,2010,1230,1070
24,24055,Papineau,42630,1477666000,3920,4320,4770,4980,3720,2880,2670,2390,2040,1680,1410,1160,1870,1450,980,650,1240,380,120
24,24056,Pierrefonds--Dollard,40970,2244293000,3660,2510,3280,3130,2690,2210,2260,2200,2060,1900,1590,1460,2400,1950,1470,1150,2960,1370,720
24,24057,Pontiac,43830,2287278000,2660,2520,2990,3430,2630,2120,2150,2200,2250,2180,1890,1850,3410,2700,2340,1730,3610,940,260
24,24058,Portneuf--Jacques-Cartier,46690,2673662000,1710,1820,2300,3110,2610,2360,2510,2750,2850,2840,2750,2390,4550,3480,2310,1470,3220,1130,550
24,24059,Québec,38170,1776358000,1840,2590,3230,3650,2610,2320,2480,2460,2260,2150,1870,1620,2560,1890,1280,820,1610,600,350
24,24060,Repentigny,45200,2446819000,2170,1910,2610,2800,2740,2440,2530,2730,2740,2570,2380,2150,3830,3190,2320,1710,3010,950,410
24,24061,Richmond--Arthabaska,43440,1883363000,1740,2400,3170,4550,3630,3040,2990,3120,3130,2680,2160,1890,2720,1950,1330,870,1370,470,230
24,24062,Rivière-des-Mille-Îles,39790,2180407000,2110,2040,2520,2760,2420,2030,2160,2270,2270,2190,1910,1770,3090,2600,1900,1440,2800,1090,440
24,24063,Rivière-du-Nord,44470,2052674000,1990,2580,3230,3820,3290,2790,2680,3030,2820,2590,2260,1970,3180,2510,1770,1160,1990,610,220
24,24064,Rosemont--La Petite-Patrie,41000,1880683000,2740,3170,3720,3700,2790,2380,2350,2390,2060,1860,1680,1470,2540,2040,1640,1130,2340,740,280
24,24065,Marc-Aurèle-Fortin,38240,2094593000,2420,1810,2520,2490,2100,1910,2030,2170,2160,2010,1890,1710,2860,2490,2000,1410,2900,1000,370
24,24066,Saint-Hyacinthe--Bagot,41500,1814585000,1850,2300,2950,3860,3230,2780,2870,3050,3110,2730,2190,1810,2710,1920,1310,770,1380,460,240
24,24067,Saint-Jean,43800,2136052000,1850,2230,2860,3580,2980,2650,2640,2980,2760,2680,2290,2090,3450,2540,1900,1200,2210,670,270
24,24068,Saint-Laurent,36300,1794376000,4250,2780,3520,3410,2570,2120,1910,1820,1600,1320,1150,1030,1640,1410,1090,890,2120,1070,610
24,24069,Saint-Léonard--Saint-Michel,40560,1414708000,3680,3450,4200,4280,3880,3270,2840,2680,2240,1780,1440,1140,1720,1150,790,520,980,390,150
24,24070,Saint-Maurice--Champlain,44590,1848778000,2370,2770,3330,4680,3440,2910,3030,3270,3100,2770,2330,1840,2480,1920,1300,850,1560,460,180
24,24071,Salaberry--Suroît,45880,2047466000,2440,2650,3220,4040,3400,2960,3190,3180,2920,2650,2370,1960,2980,2400,1760,1090,1960,490,220
24,24072,Shefford,45060,2042426000,1860,2580,3080,4190,3590,2870,2950,3190,3100,2840,2480,2170,3110,2110,1420,950,1670,600,310
24,24073,Sherbrooke,42440,1761236000,2940,3210,4010,4050,3320,2830,2730,2690,2480,2250,1910,1650,2380,1760,1170,730,1470,570,310
24,24074,Vaudreuil--Soulanges,45190,2713851000,2430,1980,2610,2760,2480,2250,2310,2620,2380,2400,2280,2090,3500,2960,2360,1720,3880,1520,650
24,24075,Terrebonne,42750,2297606000,2090,1950,2440,2720,2480,2150,2300,2490,2590,2400,2290,2100,3600,3120,2270,1590,2990,880,320
24,24076,Trois-Rivières,42980,1973647000,2110,2880,3420,4160,3210,2850,2820,2850,2510,2360,2030,1680,2560,1990,1330,1010,2140,760,330
24,24077,Ville-Marie--Le Sud-Ouest--Île-des-Soeurs,52870,3491299000,6960,4250,7300,5430,2580,2000,1780,1720,1680,1520,1410,1270,2320,2060,1700,1330,3540,2110,1930
24,24078,Vimy,42930,1804123000,3340,2900,3790,4120,3390,2810,2750,2760,2420,2190,1830,1590,2440,1850,1310,880,1760,530,260
TOTAL,,,3200980,1.6034E+11,194520,187370,237040,272360,218090,188480,190320,199390,188640,174010,152720,133030,214500,167740,121210,85030,177910,64740,33900
35,35001,Ajax,43020,2350928000,3940,2520,3190,2880,2330,1910,1830,1920,1970,2010,1740,1620,3010,2640,2120,1800,3880,1280,430
35,35002,Algoma--Manitoulin--Kapuskasing,32360,1509658000,2590,1560,2430,2620,2460,1850,1860,1870,1770,1600,1420,1280,2120,1780,1280,1070,2200,480,130
35,35003,Aurora--Oak Ridges--Richmond Hill,42950,2858021000,5070,2700,3490,2890,2110,1720,1670,1470,1460,1410,1280,1220,2240,2060,1930,1870,4880,2260,1220
35,35004,Barrie--Innisfil,40540,2339197000,2420,1890,2600,2510,2350,1960,1940,1920,1970,1940,1790,1590,3180,2750,2220,1880,3980,1230,420
35,35005,Barrie--Springwater--Oro-Medonte,36290,2045733000,2390,1870,2820,2510,2310,1860,1760,1840,1690,1710,1530,1490,2540,2200,1650,1490,3050,1110,460
35,35006,Bay of Quinte,42780,2079032000,2250,1980,3590,3320,3110,2550,2440,2530,2480,2400,1950,1890,3420,2590,1670,1160,2440,710,300
35,35007,Beaches--East York,39170,2591275000,3420,2530,3330,3090,2280,1840,1690,1610,1490,1370,1250,1180,2130,1890,1600,1520,3730,2050,1190
35,35008,Brampton Centre,38290,1601226000,3680,2180,3140,3080,2630,2230,2320,2240,2170,2100,1840,1640,2630,2030,1390,980,1520,400,110
35,35009,Brampton East,48720,1996400000,6250,3290,4630,4740,3590,2680,2640,2400,2240,1990,1820,1600,2650,2120,1560,1230,2370,710,230
35,35010,Brampton North,45850,2021163000,5020,2760,3860,3650,3040,2460,2480,2330,2280,2120,1990,1740,3110,2420,1780,1310,2530,740,220
35,35011,Brampton South,47950,2010304000,6410,3140,4220,3810,3220,2620,2470,2500,2390,2130,1880,1680,2780,2300,1720,1270,2470,710,250
35,35012,Brampton West,49180,2166710000,5450,2980,3960,3770,3070,2550,2480,2470,2300,2360,2080,1990,3360,2870,2280,1600,2850,630,140
35,35013,Brantford--Brant,47330,2345300000,2690,2140,3700,3590,3530,2870,2640,2660,2690,2440,2300,2020,3490,2630,2010,1690,2960,980,300
35,35014,Bruce--Grey--Owen Sound,41370,2008053000,2150,1910,3220,3550,3230,2590,2460,2550,2560,2540,1950,1800,2810,2010,1400,1050,2290,980,310
35,35015,Burlington,46360,3460992000,2380,1920,2530,2460,2450,2110,2170,2300,2200,2190,1970,1880,3290,2870,2440,2100,5190,2480,1450
35,35016,Cambridge,47680,2724887000,2580,2140,3040,3110,3050,2480,2570,2470,2560,2440,2360,2240,3860,3000,2280,1800,3770,1360,610
35,35017,Chatham-Kent--Leamington,50630,2219953000,2490,2930,4620,4770,5460,4000,3320,3050,2730,2490,2090,1890,2820,2140,1440,1140,2250,730,300
35,35018,Davenport,41030,1951277000,3100,2630,3600,3680,3080,2400,2280,2070,1920,1800,1580,1480,2500,2270,1640,1290,2490,900,330
35,35019,Don Valley East,34780,1730380000,4040,2520,3150,3070,2530,2040,1750,1650,1490,1440,1210,1120,1770,1460,1150,910,2140,920,450
35,35020,Don Valley North,42540,2080450000,6660,2960,3690,3370,2550,2050,1890,1740,1730,1520,1450,1220,2080,1970,1640,1280,2930,1250,570
35,35021,Don Valley West,36050,5025101000,3540,2010,2470,2240,1680,1360,1190,1200,1110,1100,1010,830,1610,1470,1260,1220,3610,3250,3900
35,35022,Dufferin--Caledon,50360,3291500000,3030,2240,3050,2860,2770,2290,2320,2320,2240,2280,2180,2040,3820,3440,2820,2440,5220,2030,970
35,35023,Durham,49020,3095750000,3150,2060,2870,2450,2270,1940,2060,2260,2450,2560,2300,2100,3700,3450,2710,2500,5700,1920,590
35,35024,Eglinton--Lawrence,40110,4183020000,3640,2140,2710,2790,2250,1870,1740,1690,1560,1460,1260,1120,1890,1710,1350,1170,3350,2930,3490
35,35025,Elgin--Middlesex--London,44080,2361628000,2390,2020,2870,2870,2720,2360,2360,2610,2740,2560,2250,2050,3450,2690,1950,1710,3080,960,430
35,35026,Essex,50300,3295180000,2430,1940,2720,2470,2440,2190,2450,2620,2880,3000,2610,2210,3880,3300,2740,2400,5160,2060,820
35,35027,Etobicoke Centre,44270,3276369000,3630,2330,3110,2970,2600,2160,2080,1920,1860,1950,1640,1590,2820,2460,1890,1640,3950,2100,1600
35,35028,Etobicoke--Lakeshore,49060,3519910000,3630,2510,3450,3420,2810,2280,2260,2130,2200,2050,1860,1650,3100,2790,2190,1910,4680,2440,1680
35,35029,Etobicoke North,45450,1556693000,5860,3840,4660,4520,3480,2850,2790,2610,2370,2010,1720,1430,2290,1560,1110,770,1210,290,90
35,35030,Flamborough--Glanbrook,40100,2598424000,2280,1760,2240,2090,1940,1640,1700,1900,1970,1850,1730,1740,3320,2790,2380,2090,4450,1620,620
35,35031,Glengarry--Prescott--Russell,44070,2405600000,1940,1630,2890,3280,2730,2170,2220,2450,2520,2520,2170,2130,3720,2930,2280,1800,3430,940,320
35,35032,Guelph,48680,2856438000,3080,2340,3060,2800,2590,2290,2340,2390,2570,2700,2430,2230,3840,3050,2430,1960,4320,1660,610
35,35033,Haldimand--Norfolk,45800,2327915000,2980,2060,3170,3230,3100,2400,2500,2630,2690,2550,2210,1990,3410,2810,2210,1640,3050,870,300
35,35034,Haliburton--Kawartha Lakes--Brock,45640,2327186000,2440,2050,3270,3500,3190,2560,2680,2680,2790,2670,2290,1920,3370,2520,1820,1460,3070,980,370
35,35035,Hamilton Centre,38260,1467115000,3520,2920,4970,3950,3080,2450,2130,2030,1800,1660,1430,1240,2020,1410,950,760,1290,460,220
35,35036,Hamilton East--Stoney Creek,41050,1979785000,2690,1970,3050,2840,2870,2480,2500,2570,2540,2330,2000,1800,2900,2250,1630,1310,2410,690,220
35,35037,Hamilton Mountain,39300,1797317000,3170,2120,3060,2650,2570,2230,2290,2310,2310,2170,1910,1670,2870,2190,1670,1320,2200,470,140
35,35038,Hamilton West--Ancaster--Dundas,41860,2711984000,3490,2160,2830,2370,2160,1790,1840,1870,1900,1770,1620,1520,2780,2590,2060,1840,4170,2110,990
35,35039,Hastings--Lennox and Addington,38360,1828735000,2250,1690,2970,3170,2840,2160,2150,2370,2240,2240,1940,1660,2810,2240,1630,1120,2130,570,210
35,35040,Huron--Bruce,43580,2621356000,1820,1750,2800,2980,2890,2220,2240,2450,2510,2500,2030,1930,3250,2490,1810,1370,3710,2280,550
35,35041,Kanata--Carleton,41310,3087930000,2460,1700,2190,1930,1590,1370,1380,1490,1520,1650,1490,1570,3050,2830,2710,2330,6550,2630,870
35,35042,Kenora,22080,985720000,4330,1320,1450,1380,1050,830,870,880,890,940,930,800,1460,1140,860,710,1700,450,120
35,35043,King--Vaughan,49430,3584282000,4250,2570,3470,3110,2730,2200,2050,1930,1870,1850,1730,1650,3080,2790,2500,2150,5450,2580,1490
35,35044,Kingston and the Islands,41970,2328244000,2900,2200,3390,2930,2360,2060,2100,2070,1990,1990,1850,1590,3240,2680,2000,1550,3200,1350,540
35,35045,Kitchener Centre,40380,1992887000,2540,2150,3260,3060,2650,2250,2400,2380,2360,2220,1990,1730,2920,2170,1580,1300,2330,800,320
35,35046,Kitchener--Conestoga,38470,2387173000,1970,1540,2140,1990,1980,1660,1790,1890,1920,2100,1960,1860,3330,2790,2150,1800,3820,1310,490
35,35047,Kitchener South--Hespeler,39760,2268676000,2820,1800,2610,2300,2180,1900,2070,2110,2160,2090,1950,1800,2980,2460,1920,1670,3220,1190,500
35,35048,Lambton--Kent--Middlesex,42410,2268788000,2520,2020,2760,2830,2800,2320,2300,2440,2420,2430,2070,1910,3310,2520,1800,1490,2950,1050,460
35,35049,Lanark--Frontenac--Kingston,39800,2142469000,1960,1690,2640,2770,2500,2030,2090,2220,2240,2260,2010,1880,3320,2580,1940,1480,2980,910,320
35,35050,Leeds--Grenville--Thousand Islands and Rideau Lakes,39420,2033885000,2090,1810,2870,2810,2600,2230,2210,2340,2330,2290,1990,1740,3030,2310,1700,1370,2610,790,320
35,35051,London--Fanshawe,43750,1821674000,3400,2700,3720,3350,3030,2490,2640,2860,2870,2570,2220,2000,3220,2130,1390,1060,1640,340,110
35,35052,London North Centre,46240,2484620000,4790,3120,4020,3480,2850,2370,2250,2220,2150,2060,1830,1560,2710,2150,1650,1520,3110,1600,820
35,35053,London West,46220,2697563000,3550,2340,3160,3040,2630,2280,2090,2190,2230,2280,2040,1690,3470,2850,2130,1930,4000,1580,750
35,35054,Markham--Stouffville,46180,2955569000,4260,2480,3210,3020,2390,1870,1890,1860,1880,1900,1710,1610,2950,2770,2280,2110,4910,2100,980
35,35055,Markham--Thornhill,41260,1932407000,5500,3000,4710,3910,2780,2080,1940,1820,1750,1540,1330,1170,1880,1530,1230,1010,2410,1100,570
35,35056,Markham--Unionville,46990,2754195000,6510,3140,4360,3630,2550,2030,1830,1720,1580,1530,1350,1200,2310,2130,1870,1700,4470,2090,1010
35,35057,Milton,39950,2673034000,3070,1870,2280,2070,1920,1570,1530,1530,1620,1660,1630,1530,3090,2710,2390,2090,4900,1790,720
35,35058,Mississauga Centre,48950,2208954000,6190,3120,4240,3900,3130,2510,2400,2410,2170,2140,1920,1720,2830,2470,1980,1480,3120,920,310
35,35059,Mississauga East--Cooksville,45900,2046374000,4300,2740,3980,3900,3320,2630,2580,2560,2410,2200,1970,1670,2930,2320,1680,1230,2460,760,270
35,35060,Mississauga--Erin Mills,46550,2555847000,5870,2880,3550,3110,2640,2090,2010,1890,1830,1770,1640,1430,2740,2440,2090,1790,4380,1750,680
35,35061,Mississauga--Lakeshore,44460,3405503000,3400,2260,3030,2810,2450,2070,2110,2020,1980,2010,1750,1560,2800,2330,1930,1630,4040,2470,1810
35,35062,Mississauga--Malton,47040,2008835000,6040,3270,4310,4040,3260,2580,2470,2460,2190,2030,1750,1620,2610,2040,1580,1220,2480,810,280
35,35063,Mississauga--Streetsville,45030,2593630000,4310,2490,3220,2800,2400,1990,1910,1990,1940,1980,1770,1690,3050,2730,2170,1910,4400,1640,650
35,35064,Nepean,43050,2778448000,3030,2050,2620,2290,1930,1630,1530,1600,1720,1790,1710,1640,3340,2980,2860,2360,5550,1810,610
35,35065,Newmarket--Aurora,44550,2924398000,3660,2430,3120,2800,2220,1920,1970,1810,1850,1820,1710,1620,2800,2530,2230,2040,4860,2180,990
35,35066,Niagara Centre,43050,2002289000,2840,2210,3550,3000,2900,2690,2900,2760,2610,2450,2120,1780,2930,2090,1600,1330,2390,740,200
35,35067,Niagara Falls,53560,2636947000,3200,2960,4290,4210,3930,3360,3170,3310,3110,2860,2500,2230,3510,2540,1970,1650,3250,1060,480
35,35068,Niagara West,35000,2242060000,1630,1400,1840,1860,1980,1700,1720,1800,1830,1710,1590,1540,2800,2390,1980,1670,3650,1410,530
35,35069,Nickel Belt,37610,2184174000,1710,1360,2260,2100,1980,1680,1810,2300,2100,2120,1820,1720,2930,2430,2200,1900,4050,940,220
35,35070,Nipissing--Timiskaming,35860,1805448000,2140,1710,2980,2870,2640,2000,1950,1950,1950,1910,1610,1570,2700,1950,1350,1080,2450,750,290
35,35071,Northumberland--Peterborough South,45310,2536240000,2280,1900,2850,2990,2950,2380,2470,2660,2740,2600,2260,2100,3420,2730,1940,1640,3660,1260,490
35,35072,Oakville,45470,4947626000,3710,2210,2800,2380,2170,1710,1700,1660,1630,1600,1410,1290,2490,2220,1920,1770,5440,3910,3460
35,35073,Oakville North--Burlington,46060,3850056000,3820,2280,2520,2210,1790,1460,1570,1570,1420,1520,1440,1430,2790,2600,2490,2380,7010,3820,1950
35,35074,Oshawa,46790,2282506000,3230,2520,3780,3170,2830,2350,2400,2730,2890,2810,2370,2120,3420,2700,1950,1520,3000,780,250
35,35075,Ottawa Centre,43430,3355665000,2940,2120,3280,2820,1970,1620,1500,1550,1500,1550,1420,1440,2790,2550,2360,2040,5770,2820,1410
35,35076,Orléans,47100,3148434000,2650,1890,2650,2160,1880,1620,1630,1800,1940,2140,1920,2000,4050,3690,3250,2910,6410,1980,530
35,35077,Ottawa South,43900,2382276000,4480,2650,3660,3160,2600,2050,1900,1830,1780,1820,1530,1480,2830,2460,2060,1700,3900,1470,560
35,35078,Ottawa--Vanier,41150,2358020000,3390,2680,3840,3220,2350,1910,1820,1850,1780,1670,1460,1380,2450,2100,1820,1570,3660,1540,650
35,35079,Ottawa West--Nepean,40970,2287205000,3470,2230,3190,3000,2400,1980,1900,1940,1800,1830,1550,1420,2650,2360,2000,1670,3750,1320,500
35,35080,Oxford,44850,2436971000,1840,1770,2670,2790,2770,2400,2410,2800,2720,2720,2600,2350,3880,2890,2070,1890,3050,890,360
35,35081,Parkdale--High Park,37800,2728897000,2720,2350,3090,2920,2300,1680,1600,1500,1470,1410,1260,1130,2180,1870,1530,1390,3680,2270,1460
35,35082,Parry Sound--Muskoka,37800,1867425000,2180,1770,2680,3130,2930,2350,2330,2410,2260,2160,1890,1720,2780,1880,1250,1010,1970,780,360
35,35083,Perth--Wellington,39050,2093022000,1470,1540,2500,2600,2490,2110,2220,2430,2470,2490,2290,2100,3450,2390,1660,1310,2360,800,380
35,35084,Peterborough--Kawartha,44720,2235169000,2840,2310,3680,3440,3110,2520,2600,2770,2640,2330,1980,1760,3030,2310,1720,1450,2800,1040,390
35,35085,Pickering--Uxbridge,42430,2715655000,3450,2180,2830,2580,2230,1950,1760,1840,1850,1840,1720,1610,2890,2600,2180,1830,4340,1890,870
35,35086,Renfrew--Nipissing--Pembroke,41030,2131745000,1870,1730,2800,2870,2610,2080,2130,2210,2280,2240,1970,1870,4420,2980,2060,1420,2590,700,210
35,35087,Richmond Hill,44490,2550015000,5920,2880,4060,3460,2440,2060,1940,1760,1650,1580,1350,1300,2330,2000,1680,1480,3790,1850,970
35,35088,Carleton,39220,3049603000,2060,1520,1830,1780,1520,1270,1230,1490,1480,1590,1470,1440,2980,2950,2610,2320,6300,2450,970
35,35089,St. Catharines,41970,2009673000,2670,2180,3460,3340,2920,2590,2640,2590,2480,2370,2030,1710,2810,2030,1470,1230,2310,830,310
35,35090,Toronto--St. Paul's,38240,4374502000,3030,1800,2410,2510,2030,1570,1550,1590,1440,1420,1240,1140,1980,1910,1610,1430,3610,2760,3220
35,35091,Sarnia--Lambton,40550,2593530000,2010,1850,2470,2210,2200,1840,1880,1930,1940,2070,1820,1740,3150,2490,2020,1670,4510,2200,560
35,35092,Sault Ste. Marie,31270,1577056000,1840,1500,2350,1900,1860,1880,2200,2150,1780,1640,1310,1170,1980,1880,1670,1350,2140,500,190
35,35093,Scarborough--Agincourt,41420,1514843000,5920,3240,4770,4400,2980,2390,2170,1970,1820,1600,1320,1110,1900,1500,1090,890,1670,490,180
35,35094,Scarborough Centre,40240,1472390000,5060,3000,4210,3790,2960,2520,2400,2210,2070,1820,1520,1320,2060,1580,1090,840,1390,310,100
35,35095,Scarborough--Guildwood,36970,1367001000,5180,2900,3810,3410,2620,2250,2050,1920,1720,1610,1360,1180,1850,1450,1010,750,1370,400,140
35,35096,Scarborough North,38510,1252873000,5580,3320,4960,4300,2770,2130,1930,1930,1720,1520,1320,1040,1750,1240,870,640,1150,290,60
35,35097,Scarborough--Rouge Park,39640,1762346000,4490,2840,3690,3240,2480,2100,2060,2070,1870,1860,1580,1360,2320,1770,1360,1160,2360,770,260
35,35098,Scarborough Southwest,41240,1769291000,4460,3350,4260,3840,2930,2360,2200,2080,1920,1770,1530,1260,2150,1780,1270,1040,2000,670,370
35,35099,Simcoe--Grey,51100,2994518000,2400,2010,3250,3320,3230,2670,2670,2710,2750,2790,2340,2290,4230,3590,2630,2040,4110,1400,660
35,35100,Simcoe North,45410,2201478000,2910,2310,3650,3640,3400,2720,2640,2650,2520,2360,2160,1880,3220,2350,1720,1300,2700,910,350
35,35101,Spadina--Fort York,43460,3769782000,3590,1980,2550,2440,1720,1490,1450,1490,1530,1500,1480,1440,2880,2790,2410,2110,5730,2980,1910
35,35102,Stormont--Dundas--South Glengarry,40710,1877769000,2540,1960,3280,3460,3130,2590,2390,2500,2540,2200,1920,1830,2970,2070,1430,1060,2030,570,220
35,35103,Sudbury,34710,1890736000,2140,1920,2810,2210,1990,1620,1660,1980,1990,1890,1520,1390,2450,1980,1550,1450,2830,1010,340
35,35104,Thornhill,44810,2943930000,5020,2690,3700,3230,2420,1910,1910,1770,1720,1670,1480,1330,2460,2120,1830,1650,4260,2300,1350
35,35105,Thunder Bay--Rainy River,31910,1638906000,2420,1490,2200,2020,1820,1540,1600,1690,1710,1810,1630,1550,2710,2050,1400,1110,2310,670,190
35,35106,Thunder Bay--Superior North,32470,1735424000,2490,1510,2200,2070,1910,1610,1640,1640,1740,1610,1460,1340,2430,2000,1540,1340,2900,830,230
35,35107,Timmins--James Bay,31180,1710845000,2420,1390,2260,2170,2060,1540,1400,1420,1410,1360,1250,1200,2080,1790,1470,1390,3570,770,230
35,35108,Toronto Centre,45000,2827439000,4980,3410,4600,3910,2450,1920,1810,1670,1590,1610,1460,1300,2340,2100,1750,1420,3560,1860,1260
35,35109,Toronto--Danforth,38430,2450030000,3120,2390,3470,3520,2290,1680,1530,1490,1450,1330,1150,1050,1970,1760,1590,1520,3840,2230,1070
35,35110,University--Rosedale,45350,4776869000,4990,2910,5520,4500,2660,1750,1580,1420,1320,1220,1070,1010,1850,1610,1380,1240,3410,2660,3260
35,35111,Vaughan--Woodbridge,40650,2557043000,2950,1940,2650,2720,2600,2070,2030,1980,1740,1720,1620,1500,2630,2440,2030,1760,3780,1700,810
35,35112,Waterloo,42380,2857834000,4530,2220,2770,2380,2130,1740,1700,1750,1630,1680,1560,1400,2740,2350,2040,1900,4510,2270,1080
35,35113,Wellington--Halton Hills,45830,3264884000,2460,1940,2420,2230,2300,1970,2000,2140,2190,2190,1970,1900,3610,3050,2480,2220,5260,2400,1120
35,35114,Whitby,46140,3126127000,3230,2220,2880,2480,2170,1770,1890,1750,1870,1950,1800,1610,3190,2910,2510,2490,6100,2450,890
35,35115,Willowdale,54330,2555593000,8490,4560,5770,5720,4400,2610,1910,1620,1580,1550,1320,1270,2210,1990,1740,1430,3590,1700,880
35,35116,Windsor--Tecumseh,43710,2336573000,2760,2090,3180,2750,2540,2180,2260,2560,2920,2820,2380,1920,3060,2440,1810,1550,3030,1050,400
35,35117,Windsor West,47530,2104366000,5500,3410,4770,3770,3070,2460,2420,2360,2370,2240,1970,1520,2560,1980,1560,1290,2850,1130,300
35,35118,York Centre,39540,1905313000,4100,2700,3800,3570,2910,2450,2320,2210,1900,1700,1440,1260,1970,1570,1180,940,1980,930,600
35,35119,York--Simcoe,40360,2286148000,2500,1910,2790,2670,2470,1910,1900,2000,1900,1970,1710,1760,3130,2750,2270,1710,3530,1100,380
35,35120,York South--Weston,42910,1631773000,4000,3390,4360,4350,3320,2810,2590,2360,2180,1950,1740,1430,2390,1880,1330,920,1480,320,120
35,35121,Humber River--Black Creek,41300,1328322000,5190,3510,4480,4310,3330,2770,2560,2500,2300,1820,1570,1320,1910,1290,910,540,770,170,60
TOTAL,,,5141280,2.95832E+11,422440,280750,396710,370200,316070,257650,252410,254290,248720,240540,212870,193910,341620,281650,222350,186030,411470,167590,84030
46,46001,Brandon--Souris,33270,1692472000,2010,1900,2050,2240,1970,1750,1960,2020,2080,2010,1790,1530,2760,1890,1460,1030,1920,630,270
46,46002,Charleswood--St. James--Assiniboia--Headingley,30990,1902912000,1530,1220,1470,1640,1590,1580,1670,1780,1730,1680,1710,1620,2770,2170,1740,1220,2550,900,420
46,46003,Churchill--Keewatinook Aski,28170,874286000,12640,1270,1330,1550,940,810,770,700,670,600,530,480,850,900,900,820,1900,460,60
46,46004,Dauphin--Swan River--Neepawa,32880,1405691000,3830,1660,2340,3040,2120,1850,1850,1930,1850,1870,1530,1250,2130,1460,1090,840,1600,470,170
46,46005,Elmwood--Transcona,34650,1617439000,2310,1590,1940,2080,2030,2050,2200,2360,2280,2200,2120,1890,2940,2150,1500,930,1630,380,80
46,46006,Kildonan--St. Paul,32050,1786245000,2100,1370,1680,1890,1880,1800,1850,1940,1830,1820,1620,1560,2550,2040,1530,1120,2210,880,380
46,46007,Portage--Lisgar,34310,1684255000,2040,2040,2160,2350,2250,1970,2220,2290,2470,2250,1820,1470,2360,1740,1300,900,1740,660,290
46,46008,Provencher,38440,2000634000,2020,1650,2030,2540,2260,2100,2270,2390,2400,2400,2130,1920,3270,2540,1800,1270,2540,680,240
46,46009,Saint Boniface--Saint Vital,33820,1934737000,2240,1580,1970,2000,1920,1840,1890,1910,1950,1800,1620,1520,2620,2080,1720,1160,2670,910,440
46,46010,Selkirk--Interlake--Eastman,37430,1899989000,3080,1680,2080,2560,2320,1990,2160,2040,2080,2140,1840,1650,2820,2360,1690,1320,2600,750,270
46,46011,Winnipeg Centre,34660,1220584000,4340,2990,3630,3360,2530,2380,2330,2190,1920,1540,1260,1160,1610,1040,740,450,770,280,140
46,46012,Winnipeg North,35830,1273650000,4050,2530,2990,2910,2560,2440,2540,2630,2310,2030,1730,1480,2110,1290,850,480,760,140,40
46,46013,Winnipeg South,39650,2179699000,5500,2190,2320,2070,1870,1830,1710,1800,1660,1730,1660,1540,2780,2260,1940,1510,3530,1230,530
46,46014,Winnipeg South Centre,34730,2486750000,2740,1750,1900,1960,1830,1660,1740,1680,1740,1640,1550,1470,2460,1990,1620,1300,3030,1590,1100
TOTAL,,,480860,23959342000,50440,25390,29870,32190,28080,26030,27130,27650,26970,25710,22910,20530,34030,25900,19870,14340,29450,9970,4410
47,47001,Battlefords--Lloydminster,27420,1434302000,3320,1140,1320,1910,1470,1370,1320,1270,1370,1430,1210,1090,1940,1740,1270,1000,2220,820,210
47,47002,Cypress Hills--Grasslands,27240,1545129000,1120,980,1520,2260,1660,1500,1510,1490,1720,1700,1360,1210,2040,1630,1240,990,2170,820,330
47,47003,Desnethé--Missinippi--Churchill River,24030,803162000,8220,1370,1400,1960,1160,910,750,780,720,690,600,500,920,850,710,580,1430,410,60
47,47004,Carlton Trail--Eagle Creek,29550,1749247000,1900,1140,1450,1980,1510,1350,1270,1390,1480,1480,1470,1310,2460,2020,1590,1280,3150,1110,240
47,47005,Moose Jaw--Lake Centre--Lanigan,30100,1826431000,1500,1080,1410,2000,1670,1520,1450,1580,1630,1620,1510,1300,2340,1950,1480,1310,3260,1190,310
47,47006,Prince Albert,30760,1541841000,3100,1420,1790,2520,1930,1720,1590,1540,1510,1470,1290,1250,2110,1760,1480,1030,2260,740,220
47,47007,Regina--Lewvan,34910,2267132000,1900,1170,1390,1670,1570,1480,1530,1630,1820,1880,1750,1660,3020,2600,2080,1730,4180,1450,410
47,47008,Regina--Qu'Appelle,28060,1415713000,2990,1270,1600,2140,1670,1480,1360,1560,1460,1460,1340,1210,1830,1590,1250,900,2060,700,220
47,47009,Regina--Wascana,32830,2104561000,2440,1370,1640,2260,1840,1580,1490,1550,1510,1530,1390,1350,2370,2060,1630,1370,3410,1450,600
47,47010,Saskatoon--Grasswood,31960,2170737000,2010,1330,1540,1710,1540,1430,1430,1490,1480,1530,1450,1400,2420,2050,1760,1320,3740,1670,650
47,47011,Saskatoon--University,30500,2089512000,2140,1370,1460,1630,1450,1390,1350,1380,1380,1370,1220,1210,2210,1840,1710,1360,3650,1720,670
47,47012,Saskatoon West,32490,1597628000,2650,1600,2000,2540,1960,1830,1810,1850,1830,1700,1660,1440,2480,1870,1380,990,2110,640,160
47,47013,Souris--Moose Mountain,29850,1920551000,1790,990,1350,1890,1560,1410,1360,1410,1450,1520,1330,1290,2230,1990,1580,1300,3710,1360,350
47,47014,Yorkton--Melville,27540,1420181000,2000,1210,1710,2690,1870,1400,1400,1440,1380,1430,1260,1060,1760,1500,1060,920,2450,830,170
TOTAL,,,417250,23886127000,37080,17430,21580,29160,22850,20370,19630,20360,20720,20820,18820,17270,30110,25430,20210,16090,39820,14900,4600
48,48001,Banff--Airdrie,52690,4292695000,3260,1790,1940,2260,2270,2180,2110,2300,2250,2260,2040,2120,3740,3500,3070,2630,7340,3790,1830
48,48002,Battle River--Crowfoot,47510,2867263000,2210,1580,2380,3210,3600,2600,2210,2340,2260,2310,2070,1990,3660,3180,2450,2000,5030,1910,520
48,48003,Bow River,43900,2724267000,2850,1620,2360,2720,2810,2240,1930,2120,2340,2490,1970,1640,3160,2770,2220,1780,4310,1850,720
48,48004,Calgary Centre,48800,5415017000,3390,1970,2090,2910,2920,2250,1900,1930,1790,1780,1610,1460,2710,2440,2130,1830,5730,4170,3800
48,48005,Calgary Confederation,44280,3806319000,3430,1900,1960,2560,2620,2070,1900,1880,1760,1750,1560,1510,2630,2260,1940,1650,5010,3540,2350
48,48006,Calgary Forest Lawn,42850,1806756000,3640,2360,2720,3750,3310,2800,2690,2710,2680,2430,2180,1810,2920,2250,1420,940,1750,390,110
48,48007,Calgary Heritage,41840,3333899000,3070,1680,1840,2130,2070,1900,1890,1880,1960,1820,1690,1660,2850,2540,2050,1670,4640,2890,1630
48,48008,Calgary Midnapore,47030,3686797000,3030,1860,1930,2250,2350,2070,2030,2200,2100,2180,1960,1820,3310,2940,2400,2100,5690,3250,1580
48,48009,Calgary Nose Hill,43240,2834647000,3610,2120,2310,2750,2440,2110,1890,2000,1920,1950,1620,1550,2830,2520,1910,1720,4570,2320,1090
48,48010,Calgary Rocky Ridge,47810,3809814000,3800,1940,2100,2220,2050,1850,1760,1650,1690,1730,1660,1620,3060,2910,2700,2350,7010,4030,1710
48,48011,Calgary Shepard,53850,4234816000,3120,1850,1960,2350,2260,2070,2010,2290,2400,2340,2270,2220,4200,3790,3380,2810,7390,3560,1590
48,48012,Calgary Signal Hill,42790,4231670000,3210,1810,1860,2220,2020,1770,1600,1660,1580,1590,1380,1280,2330,2060,1770,1630,5450,4400,3190
48,48013,Calgary Skyview,51260,2289834000,4740,2850,3380,3930,3270,3070,2940,3030,2930,2900,2550,2240,3640,2860,2000,1410,2680,680,180
48,48014,Edmonton Centre,43060,2792515000,2850,2020,2240,3160,2930,2370,2120,2170,2120,2020,1850,1670,2920,2430,1960,1540,3890,1790,1010
48,48015,Edmonton Griesbach,45140,2111246000,3330,2330,2730,4250,3950,2990,2280,2330,2230,2010,1980,1740,3210,2580,1900,1380,3000,780,150
48,48016,Edmonton Manning,44590,2585568000,3020,1830,2190,2730,2460,2230,1950,2110,2020,1980,2060,1820,3810,3360,2490,2060,4730,1490,260
48,48017,Edmonton Mill Woods,44730,2375444000,3340,2000,2240,3020,2690,2410,2280,2350,2310,2280,2130,1900,3410,2910,2250,1830,4040,1150,190
48,48018,Edmonton Riverbend,44720,3752219000,3140,1660,1890,2160,1850,1770,1650,1650,1720,1790,1550,1560,3050,2720,2390,2170,6610,3640,1760
48,48019,Edmonton Strathcona,39430,2654605000,3000,1620,1930,2380,2420,1970,1770,1790,1760,1770,1570,1460,2710,2400,2010,1710,4430,1940,810
48,48020,Edmonton West,44750,2980524000,2790,1810,1930,2420,2380,2120,1950,2150,2050,2130,2000,1960,3520,3000,2460,2110,5220,2000,770
48,48021,Edmonton--Wetaskiwin,60490,4208363000,4750,1940,2180,2830,2670,2440,2290,2260,2360,2620,2490,2410,4620,4120,3800,3320,8870,3620,880
48,48022,Foothills,40860,3520350000,2460,1560,1820,2330,2560,2050,1800,1880,1930,1730,1550,1430,2580,2270,1790,1680,4820,2810,1800
48,48023,Fort McMurray--Cold Lake,42750,4358376000,3010,1140,1220,1590,1330,1180,1110,1120,1100,1070,1190,1090,2300,2430,2160,1910,6510,9250,2030
48,48024,Grande Prairie--Mackenzie,44880,3191912000,2460,1530,1570,2340,2230,1870,1730,1770,1720,1760,1770,1740,3360,3200,2920,2590,7190,2520,600
48,48025,Lakeland,43490,2710662000,3470,1650,2120,2950,2930,2230,1870,1870,1810,1810,1600,1470,2840,2680,2210,1900,5010,2530,560
48,48026,Lethbridge,43350,2498198000,2270,1730,1920,2910,2980,2420,2310,2310,2320,2320,2190,2040,3480,2860,2060,1610,3800,1350,460
48,48027,Medicine Hat--Cardston--Warner,40300,2276955000,2810,1730,2100,2920,2880,2420,2000,2180,1890,2080,1700,1610,2960,2310,1710,1400,3700,1440,450
48,48028,Peace River--Westlock,40560,2371625000,3920,1610,1910,2650,2740,1900,1750,1600,1690,1630,1620,1440,2910,2560,2130,1870,4650,1640,360
48,48029,Red Deer--Mountain View,41790,2841838000,1960,1570,1640,2380,2500,2040,2030,1980,1910,1950,1840,1690,3170,2810,2310,2030,4900,2340,720
48,48030,Red Deer--Lacombe,45610,2963638000,2260,1590,1970,2680,2710,2240,2110,2250,2210,2220,2000,1910,3520,3070,2530,2160,5320,2250,610
48,48031,St. Albert--Edmonton,44410,3320268000,2360,1510,1710,2050,1930,1720,1600,1740,1840,1850,1790,1750,3420,3250,2720,2470,6830,3020,860
48,48032,Sherwood Park--Fort Saskatchewan,46620,4120761000,1760,1310,1420,1770,1850,1670,1640,1570,1700,1760,1610,1640,3250,3230,2830,2660,8490,5000,1480
48,48033,Sturgeon River--Parkland,50440,3834000000,2720,1460,1720,2430,2490,2030,1820,2000,1900,2040,1900,1890,3710,3740,3070,2640,8060,3810,1020
48,48034,Yellowhead,35790,2367657000,2070,1280,1430,2010,2250,1680,1620,1660,1520,1440,1360,1310,2550,2380,2030,1850,5030,1950,370
TOTAL,,,1535560,1.09171E+11,103090,60210,68700,89220,86720,72730,66570,68700,67760,67750,62290,58440,108350,96300,79140,67390,181710,93080,37410
59,59001,Abbotsford,39350,1980767000,2660,1770,3220,3110,2900,2240,2080,2150,1950,1930,1670,1650,2940,2330,1770,1250,2600,830,300
59,59002,Burnaby North--Seymour,39670,2482823000,4030,1890,2850,2670,2230,1740,1750,1780,1690,1670,1550,1410,2550,2130,1830,1450,3780,1830,860
59,59003,Burnaby South,44850,2197317000,5500,2570,3970,3380,2820,2290,2240,2200,2000,2050,1750,1550,2810,2180,1780,1320,2960,1060,450
59,59004,Cariboo--Prince George,42320,2326764000,3000,1780,2850,2780,2590,2050,2030,2030,1820,1750,1640,1550,3280,3010,2540,2120,4340,930,250
59,59005,Central Okanagan--Similkameen--Nicola,44870,2430921000,2570,1740,3040,3560,3410,2800,2540,2540,2390,2270,1990,1820,3090,2450,1990,1510,3490,1260,440
59,59006,Chilliwack--Hope,38860,1984353000,2220,1600,2750,2980,2770,2200,2050,2200,2050,2000,1850,1720,3020,2420,1960,1410,2640,770,240
59,59007,Cloverdale--Langley City,43070,2486087000,2640,1610,2710,2480,2200,2000,2020,2170,2150,2120,1970,2040,3690,3080,2530,1930,4170,1270,320
59,59008,Coquitlam--Port Coquitlam,47110,2622265000,4460,2410,3620,2930,2430,2130,2090,2160,2060,2150,1880,1790,3410,2880,2360,1890,4360,1630,470
59,59009,Courtenay--Alberni,47120,2377611000,2460,1790,3410,3780,3340,3000,2860,2900,2660,2660,2270,2020,3510,2700,1940,1480,3020,1030,310
59,59010,Cowichan--Malahat--Langford,42450,2272773000,2510,1770,2830,2790,2570,2360,2300,2330,2250,2200,1990,1880,3410,2820,2190,1710,3340,940,290
59,59011,Delta,40210,2477693000,2880,1810,2740,2430,2160,1960,1910,2000,1850,1840,1720,1600,3070,2550,1970,1550,3830,1650,680
59,59012,Fleetwood--Port Kells,44950,2105976000,4480,2540,4180,3340,2710,2470,2310,2470,2280,2210,1850,1690,2990,2260,1800,1350,2720,980,310
59,59013,Kamloops--Thompson--Cariboo,50490,2784570000,3150,2120,3560,3490,3060,2680,2600,2680,2430,2410,2150,2060,3610,3200,2590,1930,4870,1540,360
59,59014,Kelowna--Lake Country,48290,2937210000,2750,2020,3210,3320,3130,2550,2460,2570,2460,2370,2080,2020,3590,2980,2290,1680,4130,1870,820
59,59015,Kootenay--Columbia,45190,2575679000,2160,1830,2860,3180,3000,2670,2450,2440,2300,2170,1920,1730,3300,2720,1990,1750,4940,1450,340
59,59016,Langley--Aldergrove,45170,2898403000,2660,1650,2470,2610,2490,2170,2040,2140,2080,2120,1930,1890,3640,3180,2600,2070,4920,1820,710
59,59017,Mission--Matsqui--Fraser Canyon,37130,1754794000,3460,1930,3210,2960,2400,1980,1900,1950,1790,1800,1630,1460,2670,2070,1550,1160,2320,680,230
59,59018,Nanaimo--Ladysmith,48130,2463880000,2900,2120,3530,3600,3350,2840,2770,2750,2530,2540,2200,2030,3420,2800,2110,1700,3480,1180,300
59,59019,New Westminster--Burnaby,44580,2238959000,3780,2260,3910,3290,2670,2300,2290,2370,2220,2260,1970,1770,2960,2590,1950,1420,3200,1060,340
59,59020,North Okanagan--Shuswap,51110,2653204000,2630,2080,3600,4210,3810,3230,2970,2940,2820,2650,2360,2060,3740,2960,2220,1670,3510,1240,410
59,59021,North Vancouver,44120,3279297000,3630,2010,2920,2660,2290,1910,1910,1860,1780,1750,1640,1600,2710,2490,2020,1720,4890,2800,1550
59,59022,Pitt Meadows--Maple Ridge,38340,2314622000,2050,1420,2330,2300,1990,1810,1750,1890,1790,1850,1640,1580,3220,2810,2340,1810,4100,1350,320
59,59023,Port Moody--Coquitlam,42790,2638723000,3880,2020,2830,2540,2200,1920,1790,1990,1970,1890,1850,1680,3020,2590,2130,1690,4200,1850,750
59,59024,Prince George--Peace River--Northern Rockies,42960,2810508000,2500,1490,2280,2340,2260,1930,1820,1890,1860,1730,1650,1630,3240,3170,2810,2270,5560,2080,460
59,59025,Richmond Centre,39570,1816021000,5820,2510,4030,3210,2580,2040,1920,1800,1710,1530,1380,1190,2180,1680,1320,990,2240,1020,450
59,59026,Esquimalt--Saanich--Sooke,46030,2481720000,2400,1780,3150,2870,2740,2390,2410,2520,2500,2570,2350,2060,3860,3490,2630,1830,3220,990,300
59,59027,Saanich--Gulf Islands,42250,2626548000,2600,1780,2540,2650,2410,2160,2020,2150,1990,2160,1900,1800,3300,2660,2210,1710,3770,1730,740
59,59028,Skeena--Bulkley Valley,34050,1742216000,3820,1700,2180,2470,2030,1650,1560,1540,1400,1370,1270,1220,2310,2050,1720,1510,3240,820,180
59,59029,South Okanagan--West Kootenay,49770,2495655000,2700,2220,3820,4400,4020,3130,2900,2940,2610,2540,2090,2080,3250,2570,1980,1580,3470,1100,370
59,59030,South Surrey--White Rock,39530,2967419000,2700,1590,2290,2320,2210,1760,1710,1710,1720,1810,1520,1450,2730,2370,1990,1560,4320,2410,1360
59,59031,Steveston--Richmond East,40250,1911612000,5050,2430,3880,3110,2510,2120,2060,2030,1850,1680,1500,1380,2400,1930,1500,1110,2390,910,420
59,59032,Surrey Centre,48680,1784120000,5610,3380,5590,4260,3200,3000,2920,2850,2610,2430,2100,1800,2890,1980,1320,810,1470,390,80
59,59033,Surrey--Newton,44410,1752180000,4350,2540,4810,3790,3170,2690,2650,2760,2460,2240,1950,1790,2810,1960,1380,890,1630,420,120
59,59034,Vancouver Centre,54350,4580180000,4460,2370,4400,4110,2720,2190,2120,2100,2030,2130,1940,1830,3350,2980,2500,2010,5840,3070,2240
59,59035,Vancouver East,47690,2334540000,3350,2940,5990,5210,3160,2460,2310,2150,1940,1940,1690,1540,2720,2210,1700,1310,3270,1310,490
59,59036,Vancouver Granville,39770,3172274000,4080,1790,2780,2490,2060,1710,1650,1590,1590,1600,1340,1300,2390,2160,1680,1430,3930,2510,1690
59,59037,North Island--Powell River,42500,2228229000,2350,1750,2990,3220,2790,2410,2480,2450,2280,2230,1930,1710,3130,2550,1970,1580,3430,1070,210
59,59038,Vancouver Kingsway,40470,1777388000,3910,2340,4270,3680,2920,2470,2210,2230,2010,1900,1640,1380,2330,1720,1310,1000,2070,830,250
59,59039,Vancouver Quadra,37420,3414093000,5120,2010,2360,2140,1620,1350,1320,1290,1280,1250,1110,1110,1960,1800,1420,1290,3880,2900,2230
59,59040,Vancouver South,39970,1695200000,4140,2410,4370,3650,2910,2500,2290,2160,1950,1850,1490,1320,2190,1650,1230,960,1970,700,250
59,59041,Victoria,45130,2806408000,2830,1980,3570,3210,2760,2340,2250,2390,2330,2230,1860,1730,3060,2630,2020,1620,3560,1810,970
59,59042,West Vancouver--Sunshine Coast--Sea to Sky Country,47470,3874496000,4020,2150,3040,3120,2840,2320,2210,2250,2120,2090,1840,1620,3040,2430,1950,1630,4250,2490,2070
TOTAL,,,1832380,1.04555E+11,144210,85890,140910,132610,113370,95900,91890,93270,87520,85920,76030,70520,126750,105190,83070,64620,149270,59540,25920
60,60001,Yukon,14260,841179000,730,600,760,950,980,710,680,700,610,590,600,540,1050,990,880,800,1500,480,120
TOTAL,,,14260,841179000,730,600,760,950,980,710,680,700,610,590,600,540,1050,990,880,800,1500,480,120
61,61001,Northwest Territories,16310,1065921000,1740,1070,1040,950,790,580,540,540,500,460,430,420,820,780,760,750,3020,950,210
TOTAL,,,16310,1065921000,1740,1070,1040,950,790,580,540,540,500,460,430,420,820,780,760,750,3020,950,210
62,62001,Nunavut,10780,554056000,1630,1230,720,690,650,510,400,380,330,290,220,200,400,390,410,380,1330,530,80
TOTAL,,,10780,554056000,1630,1230,720,690,650,510,400,380,330,290,220,200,400,390,410,380,1330,530,80
TOTAL,,,13577320,7.65852E+11,1015380,716120,951790,1007900,852010,720580,708070,723900,695930,665520,589020,532590,919390,751210,582830,460980,1052700,433710,197680
